split,image_id,file_name,width,height,scene,weather,video_id,has_person,person_count
train,76,data/video-GzdKTLbkG5F7gAunM-frame-005723-9cxuMMhsyxHk5yjhB.jpg,640,512,residential,unknown,GzdKTLbkG5F7gAunM,False,0
train,80,data/video-JFiGa9oAAN2queuLt-frame-000000-DKaTAE9EERAu4rico.jpg,640,512,city_street,unknown,JFiGa9oAAN2queuLt,True,6
train,81,data/video-JFiGa9oAAN2queuLt-frame-000010-JhfT22Rfs8AAwakCe.jpg,640,512,city_street,unknown,JFiGa9oAAN2queuLt,True,5
train,82,data/video-JFiGa9oAAN2queuLt-frame-000020-daeFNRmopdwNAwJzf.jpg,640,512,city_street,unknown,JFiGa9oAAN2queuLt,True,12
train,83,data/video-JFiGa9oAAN2queuLt-frame-000030-6Lc56xA3DfcgGLXRh.jpg,640,512,city_street,unknown,JFiGa9oAAN2queuLt,True,13
train,84,data/video-JFiGa9oAAN2queuLt-frame-000040-Tn4qjAMXibcvSESZK.jpg,640,512,city_street,unknown,JFiGa9oAAN2queuLt,True,13
train,85,data/video-JFiGa9oAAN2queuLt-frame-000050-xY7z57Mhg5WEMaPNF.jpg,640,512,city_street,unknown,JFiGa9oAAN2queuLt,True,14
train,86,data/video-JFiGa9oAAN2queuLt-frame-000060-n8MhGZ5cBYP5gzdmo.jpg,640,512,city_street,unknown,JFiGa9oAAN2queuLt,True,11
train,87,data/video-JFiGa9oAAN2queuLt-frame-000070-hRybz4ceAEutzYrFc.jpg,640,512,city_street,unknown,JFiGa9oAAN2queuLt,True,21
train,88,data/video-JFiGa9oAAN2queuLt-frame-000080-xtgZgXzo4XWkrEWdH.jpg,640,512,city_street,unknown,JFiGa9oAAN2queuLt,True,23
train,89,data/video-JFiGa9oAAN2queuLt-frame-000090-Arktfw8NEE2XNBgKa.jpg,640,512,city_street,unknown,JFiGa9oAAN2queuLt,True,26
train,90,data/video-JFiGa9oAAN2queuLt-frame-000100-AAviJyxnyyKDDfLfB.jpg,640,512,city_street,unknown,JFiGa9oAAN2queuLt,True,23
train,91,data/video-JFiGa9oAAN2queuLt-frame-000110-owCfrrdtM7L7for7H.jpg,640,512,city_street,unknown,JFiGa9oAAN2queuLt,True,25
train,92,data/video-JFiGa9oAAN2queuLt-frame-000120-DNX7wo3HmuSfwuA78.jpg,640,512,city_street,unknown,JFiGa9oAAN2queuLt,True,5
train,93,data/video-JFiGa9oAAN2queuLt-frame-000130-HNgkYapovuKg4bNEf.jpg,640,512,city_street,unknown,JFiGa9oAAN2queuLt,True,11
train,94,data/video-JFiGa9oAAN2queuLt-frame-000140-67CghmyMnzy6q4YLw.jpg,640,512,city_street,unknown,JFiGa9oAAN2queuLt,True,13
train,95,data/video-JFiGa9oAAN2queuLt-frame-000150-B3cB7pYhv58R2mcZE.jpg,640,512,city_street,unknown,JFiGa9oAAN2queuLt,True,13
train,96,data/video-JFiGa9oAAN2queuLt-frame-000160-bprseCBuTxpjQKz5z.jpg,640,512,city_street,unknown,JFiGa9oAAN2queuLt,True,14
train,97,data/video-JFiGa9oAAN2queuLt-frame-000170-KbtXwNi5F5GZyfEEP.jpg,640,512,city_street,unknown,JFiGa9oAAN2queuLt,True,13
train,98,data/video-JFiGa9oAAN2queuLt-frame-000180-dKY6dLBKXoBnaGYfr.jpg,640,512,city_street,unknown,JFiGa9oAAN2queuLt,True,18
train,99,data/video-JFiGa9oAAN2queuLt-frame-000190-Ef4CSqyfRbYsjePiE.jpg,640,512,city_street,unknown,JFiGa9oAAN2queuLt,True,16
train,100,data/video-JFiGa9oAAN2queuLt-frame-000200-NZHo6ZK9SYq4yNTib.jpg,640,512,city_street,unknown,JFiGa9oAAN2queuLt,True,17
train,101,data/video-JFiGa9oAAN2queuLt-frame-000210-3h3uGWJWcRDNoahfZ.jpg,640,512,city_street,unknown,JFiGa9oAAN2queuLt,True,16
train,102,data/video-JFiGa9oAAN2queuLt-frame-000220-i8DtHKPd8g7pAsPTG.jpg,640,512,city_street,unknown,JFiGa9oAAN2queuLt,True,14
train,103,data/video-JFiGa9oAAN2queuLt-frame-000230-JKsZC4GP9xssXmCZu.jpg,640,512,city_street,unknown,JFiGa9oAAN2queuLt,True,8
train,104,data/video-JFiGa9oAAN2queuLt-frame-000240-CbAdBRzhGAN5cT9K8.jpg,640,512,city_street,unknown,JFiGa9oAAN2queuLt,True,12
train,106,data/video-JFiGa9oAAN2queuLt-frame-000260-Rwd5baw4bXGJBWHec.jpg,640,512,city_street,unknown,JFiGa9oAAN2queuLt,True,13
train,107,data/video-JFiGa9oAAN2queuLt-frame-000270-XaPYS9WR3uRf7hWGH.jpg,640,512,city_street,unknown,JFiGa9oAAN2queuLt,True,13
train,108,data/video-JFiGa9oAAN2queuLt-frame-000280-CAxo79NDG5nDgq8ZC.jpg,640,512,city_street,unknown,JFiGa9oAAN2queuLt,True,12
train,109,data/video-JFiGa9oAAN2queuLt-frame-000290-fKEWcFguPpr8kqT68.jpg,640,512,city_street,unknown,JFiGa9oAAN2queuLt,True,11
train,110,data/video-JFiGa9oAAN2queuLt-frame-000300-NcYM9yiJSYgDRE37Q.jpg,640,512,city_street,unknown,JFiGa9oAAN2queuLt,True,12
train,111,data/video-JFiGa9oAAN2queuLt-frame-000310-FuLAP5K23MCrfALFk.jpg,640,512,city_street,unknown,JFiGa9oAAN2queuLt,True,7
train,112,data/video-JFiGa9oAAN2queuLt-frame-000320-LmCpkeZeQ8jAjq87Q.jpg,640,512,city_street,unknown,JFiGa9oAAN2queuLt,True,7
train,113,data/video-JFiGa9oAAN2queuLt-frame-000330-vaq53FErFuHw9Ygs2.jpg,640,512,city_street,unknown,JFiGa9oAAN2queuLt,True,8
train,114,data/video-JFiGa9oAAN2queuLt-frame-000340-NZ4f9Abi5Y6fiSnji.jpg,640,512,city_street,unknown,JFiGa9oAAN2queuLt,True,8
train,115,data/video-JFiGa9oAAN2queuLt-frame-000350-4uKnvhvkqZyTBn5By.jpg,640,512,city_street,unknown,JFiGa9oAAN2queuLt,True,8
train,116,data/video-JFiGa9oAAN2queuLt-frame-000360-ngn7yFGdHtRnuyx8R.jpg,640,512,city_street,unknown,JFiGa9oAAN2queuLt,True,7
train,117,data/video-JFiGa9oAAN2queuLt-frame-000367-e55o6RapxCb9i2G5W.jpg,640,512,city_street,unknown,JFiGa9oAAN2queuLt,True,6
train,118,data/video-JFiGa9oAAN2queuLt-frame-000377-dYcrkXRgeXtA5gBdB.jpg,640,512,city_street,unknown,JFiGa9oAAN2queuLt,True,3
train,119,data/video-JFiGa9oAAN2queuLt-frame-000387-ara3xsFJsTG5DWhh2.jpg,640,512,city_street,unknown,JFiGa9oAAN2queuLt,True,4
train,120,data/video-JFiGa9oAAN2queuLt-frame-000397-p5HXag2TjsLYfc9cT.jpg,640,512,city_street,unknown,JFiGa9oAAN2queuLt,True,4
train,121,data/video-JFiGa9oAAN2queuLt-frame-000407-u64QPS353MfqJgBBT.jpg,640,512,city_street,unknown,JFiGa9oAAN2queuLt,True,3
train,122,data/video-JFiGa9oAAN2queuLt-frame-000417-DpSZb7DiAzufmJ6Jt.jpg,640,512,city_street,unknown,JFiGa9oAAN2queuLt,True,6
train,123,data/video-JFiGa9oAAN2queuLt-frame-000427-LumPSnwDrHBEpKFDg.jpg,640,512,city_street,unknown,JFiGa9oAAN2queuLt,True,5
train,124,data/video-JFiGa9oAAN2queuLt-frame-000437-ZwhuniCFgZf5p6EZN.jpg,640,512,city_street,unknown,JFiGa9oAAN2queuLt,True,6
train,125,data/video-JFiGa9oAAN2queuLt-frame-000447-RRQBdFqEyqC6GXDoY.jpg,640,512,city_street,unknown,JFiGa9oAAN2queuLt,True,4
train,126,data/video-JFiGa9oAAN2queuLt-frame-000457-J44DrbXMDGK3FeLKB.jpg,640,512,city_street,unknown,JFiGa9oAAN2queuLt,True,6
train,127,data/video-JFiGa9oAAN2queuLt-frame-000467-m7HcbKDZ6dJHipq3S.jpg,640,512,city_street,unknown,JFiGa9oAAN2queuLt,True,5
train,128,data/video-JFiGa9oAAN2queuLt-frame-000477-7C9Rd7ZWK8zvaS6Ks.jpg,640,512,city_street,unknown,JFiGa9oAAN2queuLt,True,6
train,129,data/video-JFiGa9oAAN2queuLt-frame-000487-HdgPZDkKJMK7xg3xn.jpg,640,512,city_street,unknown,JFiGa9oAAN2queuLt,True,5
train,130,data/video-JFiGa9oAAN2queuLt-frame-000497-QGtuq8c3EBD6TR9Xw.jpg,640,512,city_street,unknown,JFiGa9oAAN2queuLt,True,5
train,131,data/video-JFiGa9oAAN2queuLt-frame-000507-YyRJjMXzipj5rFKHA.jpg,640,512,city_street,unknown,JFiGa9oAAN2queuLt,True,4
train,132,data/video-JFiGa9oAAN2queuLt-frame-000517-8P2ApTDXMki2fyAGk.jpg,640,512,city_street,unknown,JFiGa9oAAN2queuLt,True,3
train,133,data/video-JFiGa9oAAN2queuLt-frame-000527-Hy8kFvgioW7fnPMDW.jpg,640,512,city_street,unknown,JFiGa9oAAN2queuLt,True,6
train,134,data/video-JFiGa9oAAN2queuLt-frame-000537-zkL67BsodRuLyEyiv.jpg,640,512,city_street,unknown,JFiGa9oAAN2queuLt,True,6
train,135,data/video-JFiGa9oAAN2queuLt-frame-000547-Yu3issNSY4MkD3tdm.jpg,640,512,city_street,unknown,JFiGa9oAAN2queuLt,True,4
train,136,data/video-JFiGa9oAAN2queuLt-frame-000557-jqyHmHq2TB86cbCys.jpg,640,512,city_street,unknown,JFiGa9oAAN2queuLt,True,5
train,137,data/video-JFiGa9oAAN2queuLt-frame-000784-nKhEgJTQE2Mfidda5.jpg,640,512,city_street,unknown,JFiGa9oAAN2queuLt,True,7
train,138,data/video-JFiGa9oAAN2queuLt-frame-000794-Frx6ZzQR3mqFbrF6w.jpg,640,512,city_street,unknown,JFiGa9oAAN2queuLt,True,7
train,139,data/video-JFiGa9oAAN2queuLt-frame-000804-yPhJCzzMwwNXZ3ZTa.jpg,640,512,city_street,unknown,JFiGa9oAAN2queuLt,True,6
train,140,data/video-JFiGa9oAAN2queuLt-frame-000814-g3vpFLbGLnFeN3EcP.jpg,640,512,city_street,unknown,JFiGa9oAAN2queuLt,True,1
train,141,data/video-JFiGa9oAAN2queuLt-frame-000824-Zj4W3zk23M98P2q6D.jpg,640,512,city_street,unknown,JFiGa9oAAN2queuLt,True,10
train,142,data/video-JFiGa9oAAN2queuLt-frame-000834-9nSNxSzj8PmeM4eww.jpg,640,512,city_street,unknown,JFiGa9oAAN2queuLt,True,9
train,143,data/video-JFiGa9oAAN2queuLt-frame-000844-GMNgCmxxd5c9tbfhE.jpg,640,512,city_street,unknown,JFiGa9oAAN2queuLt,True,9
train,144,data/video-JFiGa9oAAN2queuLt-frame-000854-jpQtYMQxXQMRBd4xW.jpg,640,512,city_street,unknown,JFiGa9oAAN2queuLt,True,10
train,145,data/video-JFiGa9oAAN2queuLt-frame-000864-jZpDGP56fM3bqb3f6.jpg,640,512,city_street,unknown,JFiGa9oAAN2queuLt,True,9
train,146,data/video-JFiGa9oAAN2queuLt-frame-000874-bWA4CRY7i7gup5trJ.jpg,640,512,city_street,unknown,JFiGa9oAAN2queuLt,True,6
train,147,data/video-JFiGa9oAAN2queuLt-frame-000884-YCCHGkjSNENtJqwBA.jpg,640,512,city_street,unknown,JFiGa9oAAN2queuLt,True,9
train,148,data/video-JFiGa9oAAN2queuLt-frame-000894-qxYmysoZT2SZkYvFx.jpg,640,512,city_street,unknown,JFiGa9oAAN2queuLt,True,7
train,149,data/video-JFiGa9oAAN2queuLt-frame-000904-eFdkzShYfS2wyYGv5.jpg,640,512,city_street,unknown,JFiGa9oAAN2queuLt,True,4
train,150,data/video-JFiGa9oAAN2queuLt-frame-000914-RQfY6uujXqdje4eHA.jpg,640,512,other,unknown,JFiGa9oAAN2queuLt,True,5
train,151,data/video-JFiGa9oAAN2queuLt-frame-000924-XuDKCKp5LnJXdDjZf.jpg,640,512,other,unknown,JFiGa9oAAN2queuLt,True,12
train,152,data/video-JFiGa9oAAN2queuLt-frame-000934-aCpRxdK99gK36ectK.jpg,640,512,city_street,unknown,JFiGa9oAAN2queuLt,True,12
train,153,data/video-JFiGa9oAAN2queuLt-frame-000944-F8GAYBW2mj6GQkvTg.jpg,640,512,city_street,unknown,JFiGa9oAAN2queuLt,True,11
train,154,data/video-JFiGa9oAAN2queuLt-frame-000954-BKNnCEwesu6yqvYLn.jpg,640,512,city_street,unknown,JFiGa9oAAN2queuLt,True,4
train,155,data/video-JFiGa9oAAN2queuLt-frame-000964-59QnEsMo6FfDeHMKi.jpg,640,512,city_street,unknown,JFiGa9oAAN2queuLt,True,3
train,156,data/video-JFiGa9oAAN2queuLt-frame-000974-LqBHRrkDdZrqns926.jpg,640,512,city_street,unknown,JFiGa9oAAN2queuLt,True,7
train,157,data/video-JFiGa9oAAN2queuLt-frame-000984-rk3Fue8bQKAQM5tHy.jpg,640,512,city_street,unknown,JFiGa9oAAN2queuLt,True,9
train,158,data/video-JFiGa9oAAN2queuLt-frame-000994-LtavWTfJWXMXM3YMi.jpg,640,512,city_street,unknown,JFiGa9oAAN2queuLt,True,10
train,160,data/video-JFiGa9oAAN2queuLt-frame-001014-WMeh8B2Kh62Q9rPJs.jpg,640,512,city_street,unknown,JFiGa9oAAN2queuLt,True,11
train,161,data/video-JFiGa9oAAN2queuLt-frame-001024-5G3Be53RN8isBGYYe.jpg,640,512,city_street,unknown,JFiGa9oAAN2queuLt,True,14
train,162,data/video-JFiGa9oAAN2queuLt-frame-001034-xvDe93vjT5omRCH3f.jpg,640,512,city_street,unknown,JFiGa9oAAN2queuLt,True,14
train,163,data/video-JFiGa9oAAN2queuLt-frame-001044-ZHkd7H4Z2kMhmBvtk.jpg,640,512,city_street,unknown,JFiGa9oAAN2queuLt,True,15
train,164,data/video-JFiGa9oAAN2queuLt-frame-001054-7FWsG8EsNMcT7PzwR.jpg,640,512,city_street,unknown,JFiGa9oAAN2queuLt,True,16
train,165,data/video-JFiGa9oAAN2queuLt-frame-001064-94ybg83Kk5wthzK2s.jpg,640,512,city_street,unknown,JFiGa9oAAN2queuLt,True,18
train,166,data/video-JFiGa9oAAN2queuLt-frame-001074-fPDrZL3K76AsZdcru.jpg,640,512,city_street,unknown,JFiGa9oAAN2queuLt,True,22
train,167,data/video-JFiGa9oAAN2queuLt-frame-001084-tYkfAAzQ6EjHPjpTf.jpg,640,512,city_street,unknown,JFiGa9oAAN2queuLt,True,20
train,168,data/video-JFiGa9oAAN2queuLt-frame-001094-4EiKHj7QBw6Aymnmq.jpg,640,512,city_street,unknown,JFiGa9oAAN2queuLt,True,20
train,169,data/video-JFiGa9oAAN2queuLt-frame-001104-HgrZEkNwxKutAtjko.jpg,640,512,city_street,unknown,JFiGa9oAAN2queuLt,True,21
train,170,data/video-JFiGa9oAAN2queuLt-frame-001114-7x5s3Ydc6mg9p9PG9.jpg,640,512,city_street,unknown,JFiGa9oAAN2queuLt,True,19
train,171,data/video-JFiGa9oAAN2queuLt-frame-001124-dcwkiwvTbHERNkJ54.jpg,640,512,city_street,unknown,JFiGa9oAAN2queuLt,True,16
train,172,data/video-JFiGa9oAAN2queuLt-frame-001134-RhTPoNGNyo9osGrS2.jpg,640,512,city_street,unknown,JFiGa9oAAN2queuLt,True,20
train,173,data/video-JFiGa9oAAN2queuLt-frame-001144-sMHw55FoWhsfqCtQ2.jpg,640,512,city_street,unknown,JFiGa9oAAN2queuLt,True,14
train,174,data/video-JFiGa9oAAN2queuLt-frame-001154-kfxZbHJREYzJ7n9b3.jpg,640,512,city_street,unknown,JFiGa9oAAN2queuLt,True,14
train,175,data/video-JFiGa9oAAN2queuLt-frame-001164-CJWTbAb6J9fuy2gmC.jpg,640,512,city_street,unknown,JFiGa9oAAN2queuLt,True,14
train,176,data/video-JFiGa9oAAN2queuLt-frame-001174-sjR3b378JrhZzLk3t.jpg,640,512,city_street,unknown,JFiGa9oAAN2queuLt,True,17
train,177,data/video-JFiGa9oAAN2queuLt-frame-001184-mzX7rca7DrBEcnnmb.jpg,640,512,city_street,unknown,JFiGa9oAAN2queuLt,True,16
train,178,data/video-JFiGa9oAAN2queuLt-frame-001194-GwTv5T2F9j3xAwN7q.jpg,640,512,city_street,unknown,JFiGa9oAAN2queuLt,True,15
train,179,data/video-JFiGa9oAAN2queuLt-frame-001204-oHZgZx5swPK5yGTWM.jpg,640,512,city_street,unknown,JFiGa9oAAN2queuLt,True,14
train,180,data/video-JFiGa9oAAN2queuLt-frame-001214-8rt3zdmHfacDT36hJ.jpg,640,512,city_street,unknown,JFiGa9oAAN2queuLt,True,18
train,181,data/video-JFiGa9oAAN2queuLt-frame-001224-A5XBnNzg7mkA4pGux.jpg,640,512,city_street,unknown,JFiGa9oAAN2queuLt,True,18
train,182,data/video-JFiGa9oAAN2queuLt-frame-001234-xGsReyNup6wTMi7zE.jpg,640,512,city_street,unknown,JFiGa9oAAN2queuLt,True,20
train,183,data/video-JFiGa9oAAN2queuLt-frame-001244-Wuc6pipsoyoJiNbsK.jpg,640,512,city_street,unknown,JFiGa9oAAN2queuLt,True,19
train,184,data/video-JFiGa9oAAN2queuLt-frame-001254-XMaNTxA9GrEKsdgWp.jpg,640,512,city_street,unknown,JFiGa9oAAN2queuLt,True,25
train,185,data/video-JFiGa9oAAN2queuLt-frame-001264-TH8TLkZmsn7heWhSi.jpg,640,512,city_street,unknown,JFiGa9oAAN2queuLt,True,22
train,186,data/video-JFiGa9oAAN2queuLt-frame-001274-jBwftffcdCmwYZ39r.jpg,640,512,city_street,unknown,JFiGa9oAAN2queuLt,True,22
train,187,data/video-JFiGa9oAAN2queuLt-frame-001284-3ueCEQCrMmekkRkuJ.jpg,640,512,city_street,unknown,JFiGa9oAAN2queuLt,True,19
train,188,data/video-JFiGa9oAAN2queuLt-frame-001294-DujjidCPmQgS8DvTM.jpg,640,512,city_street,unknown,JFiGa9oAAN2queuLt,True,20
train,189,data/video-JFiGa9oAAN2queuLt-frame-001304-Zhm5bdHKyzBSB9ZbH.jpg,640,512,city_street,unknown,JFiGa9oAAN2queuLt,True,17
train,190,data/video-JFiGa9oAAN2queuLt-frame-001314-iLzfErjiYcWzmdzPu.jpg,640,512,city_street,unknown,JFiGa9oAAN2queuLt,True,12
train,191,data/video-JFiGa9oAAN2queuLt-frame-001324-bprm8d7QxqT32pgN3.jpg,640,512,city_street,unknown,JFiGa9oAAN2queuLt,True,13
train,192,data/video-JFiGa9oAAN2queuLt-frame-001334-FrSAuqwRBRxD2vh2n.jpg,640,512,city_street,unknown,JFiGa9oAAN2queuLt,True,14
train,193,data/video-JFiGa9oAAN2queuLt-frame-001344-MqksqfN6RFzFvJsE3.jpg,640,512,city_street,unknown,JFiGa9oAAN2queuLt,True,16
train,195,data/video-JFiGa9oAAN2queuLt-frame-001364-EDmjHkm46jRqoocFq.jpg,640,512,city_street,unknown,JFiGa9oAAN2queuLt,True,17
train,196,data/video-JFiGa9oAAN2queuLt-frame-001374-yXNPEbrrCsrbXwA3Q.jpg,640,512,city_street,unknown,JFiGa9oAAN2queuLt,True,18
train,197,data/video-JFiGa9oAAN2queuLt-frame-001384-9Tj2uhbGm8tJ2mEom.jpg,640,512,city_street,unknown,JFiGa9oAAN2queuLt,True,18
train,198,data/video-JFiGa9oAAN2queuLt-frame-001394-7ueF7uiQ8kcQ72jdG.jpg,640,512,city_street,unknown,JFiGa9oAAN2queuLt,True,15
train,199,data/video-JFiGa9oAAN2queuLt-frame-001404-YcYMGrhDv7tJuME2K.jpg,640,512,city_street,unknown,JFiGa9oAAN2queuLt,True,13
train,200,data/video-JFiGa9oAAN2queuLt-frame-001414-gKoPcWcKdm6ZxGNPq.jpg,640,512,city_street,unknown,JFiGa9oAAN2queuLt,True,13
train,201,data/video-JFiGa9oAAN2queuLt-frame-001424-ux2uAkxz4vqqoTSGY.jpg,640,512,city_street,unknown,JFiGa9oAAN2queuLt,True,10
train,202,data/video-JFiGa9oAAN2queuLt-frame-001434-mBQvDsTBnJemHpFqp.jpg,640,512,city_street,unknown,JFiGa9oAAN2queuLt,True,17
train,203,data/video-JFiGa9oAAN2queuLt-frame-001444-otcX5BmbY3B2svAeo.jpg,640,512,city_street,unknown,JFiGa9oAAN2queuLt,True,9
train,204,data/video-JFiGa9oAAN2queuLt-frame-001454-NjFQJEYNkrFFTouGZ.jpg,640,512,city_street,unknown,JFiGa9oAAN2queuLt,True,6
train,205,data/video-JFiGa9oAAN2queuLt-frame-001464-zxtXYAgMqEPvxB6D4.jpg,640,512,city_street,unknown,JFiGa9oAAN2queuLt,True,9
train,206,data/video-JFiGa9oAAN2queuLt-frame-001474-RDouHEq9Kz5Fy7xcG.jpg,640,512,city_street,unknown,JFiGa9oAAN2queuLt,True,7
train,207,data/video-JFiGa9oAAN2queuLt-frame-001484-fBzjgcP7xMq3quogb.jpg,640,512,city_street,unknown,JFiGa9oAAN2queuLt,True,6
train,208,data/video-JFiGa9oAAN2queuLt-frame-001494-Tttjm4kvx7sGLL7yw.jpg,640,512,city_street,unknown,JFiGa9oAAN2queuLt,True,7
train,209,data/video-JFiGa9oAAN2queuLt-frame-001504-X6d9wm8555NwZuKCs.jpg,640,512,city_street,unknown,JFiGa9oAAN2queuLt,True,6
train,210,data/video-JFiGa9oAAN2queuLt-frame-001514-jnCPveLFrg7jcuk2z.jpg,640,512,city_street,unknown,JFiGa9oAAN2queuLt,True,4
train,211,data/video-JFiGa9oAAN2queuLt-frame-001524-uGXbfWT44DGqbPvKX.jpg,640,512,city_street,unknown,JFiGa9oAAN2queuLt,True,3
train,212,data/video-JFiGa9oAAN2queuLt-frame-001534-3H3Eb37NroboQBerF.jpg,640,512,city_street,unknown,JFiGa9oAAN2queuLt,True,3
train,213,data/video-JFiGa9oAAN2queuLt-frame-001544-7t9spvHah3cF9nCzT.jpg,640,512,city_street,unknown,JFiGa9oAAN2queuLt,True,5
train,214,data/video-JFiGa9oAAN2queuLt-frame-001554-eNXsbXgnqzKkQLQrM.jpg,640,512,city_street,unknown,JFiGa9oAAN2queuLt,True,3
train,215,data/video-JFiGa9oAAN2queuLt-frame-001564-6QuYr6rgja45fHjYt.jpg,640,512,city_street,unknown,JFiGa9oAAN2queuLt,True,4
train,216,data/video-JFiGa9oAAN2queuLt-frame-001574-TXbCuLj6CbrsemGtd.jpg,640,512,city_street,unknown,JFiGa9oAAN2queuLt,True,4
train,217,data/video-JFiGa9oAAN2queuLt-frame-001584-aQg6cMEJRmhuZmWvu.jpg,640,512,city_street,unknown,JFiGa9oAAN2queuLt,True,2
train,218,data/video-JFiGa9oAAN2queuLt-frame-001594-dSdqqBXqeh3wt8zpj.jpg,640,512,city_street,unknown,JFiGa9oAAN2queuLt,True,2
train,219,data/video-JFiGa9oAAN2queuLt-frame-001604-zyuJKSSRuww6AzS7t.jpg,640,512,city_street,unknown,JFiGa9oAAN2queuLt,True,3
train,220,data/video-JFiGa9oAAN2queuLt-frame-001614-tF4cBngvAPiNnCpmQ.jpg,640,512,city_street,unknown,JFiGa9oAAN2queuLt,True,4
train,221,data/video-JFiGa9oAAN2queuLt-frame-002657-NjgEcprMkGjfZKYLJ.jpg,640,512,city_street,unknown,JFiGa9oAAN2queuLt,True,17
train,222,data/video-JFiGa9oAAN2queuLt-frame-002667-Rhug5Lz2EKxSBR8ev.jpg,640,512,city_street,unknown,JFiGa9oAAN2queuLt,True,22
train,223,data/video-JFiGa9oAAN2queuLt-frame-002677-AsyQr46D5fRX2Hi3L.jpg,640,512,city_street,unknown,JFiGa9oAAN2queuLt,True,29
train,224,data/video-JFiGa9oAAN2queuLt-frame-002687-8nkeKKDtviwemodWn.jpg,640,512,city_street,unknown,JFiGa9oAAN2queuLt,True,25
train,225,data/video-JFiGa9oAAN2queuLt-frame-002697-Djrrde8jRkAfT746C.jpg,640,512,city_street,unknown,JFiGa9oAAN2queuLt,True,18
train,226,data/video-JFiGa9oAAN2queuLt-frame-002707-RRtykepWddsFejsSi.jpg,640,512,city_street,unknown,JFiGa9oAAN2queuLt,True,18
train,227,data/video-JFiGa9oAAN2queuLt-frame-002717-3PQNPRridffBE2yuc.jpg,640,512,city_street,unknown,JFiGa9oAAN2queuLt,True,17
train,228,data/video-JFiGa9oAAN2queuLt-frame-002727-DWCucgPPN7Ysubjbc.jpg,640,512,city_street,unknown,JFiGa9oAAN2queuLt,True,15
train,229,data/video-JFiGa9oAAN2queuLt-frame-002737-qe6Yfpr9oJevfGiQf.jpg,640,512,city_street,unknown,JFiGa9oAAN2queuLt,True,17
train,230,data/video-JFiGa9oAAN2queuLt-frame-002747-ZR4prtfhkpy6YYGMu.jpg,640,512,city_street,unknown,JFiGa9oAAN2queuLt,True,25
train,231,data/video-JFiGa9oAAN2queuLt-frame-002757-2FBi7rvjFrcqLfL97.jpg,640,512,city_street,unknown,JFiGa9oAAN2queuLt,True,19
train,232,data/video-JFiGa9oAAN2queuLt-frame-002767-F8goWXcvYZJHMdn6P.jpg,640,512,city_street,unknown,JFiGa9oAAN2queuLt,True,20
train,233,data/video-JFiGa9oAAN2queuLt-frame-002777-PckBL95eRySxFeQKa.jpg,640,512,city_street,unknown,JFiGa9oAAN2queuLt,True,22
train,234,data/video-JFiGa9oAAN2queuLt-frame-002787-dkvCsjv8mJXNbNH3a.jpg,640,512,city_street,unknown,JFiGa9oAAN2queuLt,True,26
train,235,data/video-JFiGa9oAAN2queuLt-frame-002797-Fqu4gMXQSt5sXSWS7.jpg,640,512,city_street,unknown,JFiGa9oAAN2queuLt,True,29
train,236,data/video-JFiGa9oAAN2queuLt-frame-002807-7wPXoRHg9ryaYPfRw.jpg,640,512,city_street,unknown,JFiGa9oAAN2queuLt,True,24
train,237,data/video-JFiGa9oAAN2queuLt-frame-002817-wEheZHjAkn8Kdwp52.jpg,640,512,city_street,unknown,JFiGa9oAAN2queuLt,True,22
train,238,data/video-JFiGa9oAAN2queuLt-frame-002827-yvE5Podan5ajnzpii.jpg,640,512,city_street,unknown,JFiGa9oAAN2queuLt,True,25
train,239,data/video-JFiGa9oAAN2queuLt-frame-002837-NmuYgEGMwe4RujZTp.jpg,640,512,city_street,unknown,JFiGa9oAAN2queuLt,True,19
train,240,data/video-JFiGa9oAAN2queuLt-frame-002847-BgSFyhtTNE8t95W3t.jpg,640,512,city_street,unknown,JFiGa9oAAN2queuLt,True,21
train,241,data/video-JFiGa9oAAN2queuLt-frame-002857-n9KvbRfSmFpiJWXEw.jpg,640,512,city_street,unknown,JFiGa9oAAN2queuLt,True,20
train,242,data/video-JFiGa9oAAN2queuLt-frame-002867-vdoCe78TEfKi5Nxwk.jpg,640,512,city_street,unknown,JFiGa9oAAN2queuLt,True,20
train,243,data/video-JFiGa9oAAN2queuLt-frame-002877-GLkgaJmzRkTGAiWMZ.jpg,640,512,city_street,unknown,JFiGa9oAAN2queuLt,True,19
train,244,data/video-JFiGa9oAAN2queuLt-frame-002887-rPQvwNiR8oRCtzuB4.jpg,640,512,city_street,unknown,JFiGa9oAAN2queuLt,True,13
train,245,data/video-JFiGa9oAAN2queuLt-frame-002897-TWcoeKvhwE4ix4RCf.jpg,640,512,city_street,unknown,JFiGa9oAAN2queuLt,True,12
train,246,data/video-JFiGa9oAAN2queuLt-frame-002907-DrG6zvTEoH79GTAHu.jpg,640,512,city_street,unknown,JFiGa9oAAN2queuLt,True,13
train,247,data/video-JFiGa9oAAN2queuLt-frame-002917-SJvkXd8JncZrNkp63.jpg,640,512,city_street,unknown,JFiGa9oAAN2queuLt,True,9
train,248,data/video-JFiGa9oAAN2queuLt-frame-002927-mL2NmvgkhBgH27Bw2.jpg,640,512,city_street,unknown,JFiGa9oAAN2queuLt,True,7
train,249,data/video-JFiGa9oAAN2queuLt-frame-002937-cuZrRoDYMpHqnyRdr.jpg,640,512,city_street,unknown,JFiGa9oAAN2queuLt,True,13
train,250,data/video-JFiGa9oAAN2queuLt-frame-002947-agZD4RXQQNxT8Ep95.jpg,640,512,city_street,unknown,JFiGa9oAAN2queuLt,True,14
train,251,data/video-JFiGa9oAAN2queuLt-frame-002957-8LY4vRZiYPbEPtGnE.jpg,640,512,city_street,unknown,JFiGa9oAAN2queuLt,True,20
train,252,data/video-JFiGa9oAAN2queuLt-frame-002967-dFSBR9p5A9pDkTHbF.jpg,640,512,city_street,unknown,JFiGa9oAAN2queuLt,True,13
train,253,data/video-JFiGa9oAAN2queuLt-frame-002977-68juG3BCujT8pKPQa.jpg,640,512,city_street,unknown,JFiGa9oAAN2queuLt,True,14
train,254,data/video-JFiGa9oAAN2queuLt-frame-002987-6C2bTb9Cx9bxtknao.jpg,640,512,city_street,unknown,JFiGa9oAAN2queuLt,True,13
train,255,data/video-JFiGa9oAAN2queuLt-frame-002997-9zFbp54XcfZDHb6c7.jpg,640,512,city_street,unknown,JFiGa9oAAN2queuLt,True,14
train,258,data/video-JFiGa9oAAN2queuLt-frame-003027-B6os8bPsXq3hGwkdR.jpg,640,512,city_street,unknown,JFiGa9oAAN2queuLt,True,20
train,259,data/video-JFiGa9oAAN2queuLt-frame-003037-jbqgzNGHMLrQYFvR6.jpg,640,512,city_street,unknown,JFiGa9oAAN2queuLt,True,13
train,261,data/video-JFiGa9oAAN2queuLt-frame-003057-7NFFHyQdEiDSP8zb2.jpg,640,512,city_street,unknown,JFiGa9oAAN2queuLt,True,12
train,262,data/video-JFiGa9oAAN2queuLt-frame-003067-GA4dhRMmcngNuoSvm.jpg,640,512,city_street,unknown,JFiGa9oAAN2queuLt,True,14
train,263,data/video-JFiGa9oAAN2queuLt-frame-003077-AHv8KmCwbnBqcMoEK.jpg,640,512,city_street,unknown,JFiGa9oAAN2queuLt,True,14
train,264,data/video-JFiGa9oAAN2queuLt-frame-003087-tbMqPYEMThEpsTbDx.jpg,640,512,city_street,unknown,JFiGa9oAAN2queuLt,True,16
train,265,data/video-JFiGa9oAAN2queuLt-frame-003097-wan6EGmSvcX5fC74x.jpg,640,512,city_street,unknown,JFiGa9oAAN2queuLt,True,16
train,279,data/video-JFiGa9oAAN2queuLt-frame-003237-Q9eFnn8D4nbcQae4J.jpg,640,512,city_street,unknown,JFiGa9oAAN2queuLt,True,18
train,280,data/video-JFiGa9oAAN2queuLt-frame-003247-MSJxE4uAmWLYqpmPR.jpg,640,512,city_street,unknown,JFiGa9oAAN2queuLt,True,16
train,282,data/video-JFiGa9oAAN2queuLt-frame-003267-kWrgC3vpivaDjjRGT.jpg,640,512,city_street,unknown,JFiGa9oAAN2queuLt,True,15
train,283,data/video-JFiGa9oAAN2queuLt-frame-003277-f7z2T4TRMchgFZxR7.jpg,640,512,city_street,unknown,JFiGa9oAAN2queuLt,True,16
train,284,data/video-JFiGa9oAAN2queuLt-frame-003287-o5mFaBsXc959CJfBS.jpg,640,512,city_street,unknown,JFiGa9oAAN2queuLt,True,19
train,285,data/video-JFiGa9oAAN2queuLt-frame-003297-CE75FpXgfTXxMDhG2.jpg,640,512,city_street,unknown,JFiGa9oAAN2queuLt,True,20
train,286,data/video-JFiGa9oAAN2queuLt-frame-003307-cqMFjQhkJ6ge8Pjzo.jpg,640,512,city_street,unknown,JFiGa9oAAN2queuLt,True,20
train,294,data/video-JFiGa9oAAN2queuLt-frame-003387-C8s5EwkGAuHxxTDEb.jpg,640,512,city_street,unknown,JFiGa9oAAN2queuLt,True,19
train,295,data/video-JFiGa9oAAN2queuLt-frame-003397-uiEnPHDoBi8vK3sCn.jpg,640,512,city_street,unknown,JFiGa9oAAN2queuLt,True,20
train,296,data/video-JFiGa9oAAN2queuLt-frame-003407-ZEggk3h67pYQewQPS.jpg,640,512,city_street,unknown,JFiGa9oAAN2queuLt,True,19
train,297,data/video-JFiGa9oAAN2queuLt-frame-003417-rwFkLHxSCRAyWZMp3.jpg,640,512,city_street,unknown,JFiGa9oAAN2queuLt,True,19
train,298,data/video-JFiGa9oAAN2queuLt-frame-003427-WCzEtiRDsXgNEhprj.jpg,640,512,city_street,unknown,JFiGa9oAAN2queuLt,True,16
train,299,data/video-JFiGa9oAAN2queuLt-frame-003437-nieK62Qz25T4NE67M.jpg,640,512,city_street,unknown,JFiGa9oAAN2queuLt,True,22
train,300,data/video-JFiGa9oAAN2queuLt-frame-003447-5wz7XGQXjXeFtqd8E.jpg,640,512,city_street,unknown,JFiGa9oAAN2queuLt,True,23
train,301,data/video-JFiGa9oAAN2queuLt-frame-003457-Y4fGTwvx3z5Apfavw.jpg,640,512,city_street,unknown,JFiGa9oAAN2queuLt,True,21
train,302,data/video-JFiGa9oAAN2queuLt-frame-003467-Awgs8TGHMzLaQTBWw.jpg,640,512,city_street,unknown,JFiGa9oAAN2queuLt,True,26
train,304,data/video-JFiGa9oAAN2queuLt-frame-003487-vEGWDjHw8Tj9cY3MS.jpg,640,512,city_street,unknown,JFiGa9oAAN2queuLt,True,24
train,305,data/video-JFiGa9oAAN2queuLt-frame-003497-C5ciFgPTS2DxeXiJe.jpg,640,512,city_street,unknown,JFiGa9oAAN2queuLt,True,27
train,312,data/video-JFiGa9oAAN2queuLt-frame-003567-qFmFrbx7feog958YJ.jpg,640,512,city_street,unknown,JFiGa9oAAN2queuLt,True,19
train,313,data/video-JFiGa9oAAN2queuLt-frame-003577-EB8r9SSWn9RYYLJSj.jpg,640,512,city_street,unknown,JFiGa9oAAN2queuLt,True,16
train,314,data/video-JFiGa9oAAN2queuLt-frame-003587-TzEGQ5nXiCbECZZ8A.jpg,640,512,city_street,unknown,JFiGa9oAAN2queuLt,True,17
train,315,data/video-JFiGa9oAAN2queuLt-frame-003597-mrFsQfFKxC8FYKBSD.jpg,640,512,city_street,unknown,JFiGa9oAAN2queuLt,True,22
train,316,data/video-JFiGa9oAAN2queuLt-frame-003607-cyZHncAotHzHukWyh.jpg,640,512,city_street,unknown,JFiGa9oAAN2queuLt,True,20
train,317,data/video-JFiGa9oAAN2queuLt-frame-003617-Wsjvq2kxr8Y5kg5kQ.jpg,640,512,city_street,unknown,JFiGa9oAAN2queuLt,True,19
train,318,data/video-JFiGa9oAAN2queuLt-frame-003627-SHsMiJipDeBrHADcZ.jpg,640,512,city_street,unknown,JFiGa9oAAN2queuLt,True,17
train,319,data/video-JFiGa9oAAN2queuLt-frame-003637-HA7rDJ7mo8YLS7Cdk.jpg,640,512,city_street,unknown,JFiGa9oAAN2queuLt,True,17
train,320,data/video-JFiGa9oAAN2queuLt-frame-003647-LmN2EMJqHXMQB2qbS.jpg,640,512,city_street,unknown,JFiGa9oAAN2queuLt,True,16
train,321,data/video-JFiGa9oAAN2queuLt-frame-003657-FbTJtJYzFNfMsrbgk.jpg,640,512,city_street,unknown,JFiGa9oAAN2queuLt,True,17
train,322,data/video-JFiGa9oAAN2queuLt-frame-003667-dr2ygKrP4revCPsrd.jpg,640,512,city_street,unknown,JFiGa9oAAN2queuLt,True,19
train,323,data/video-JFiGa9oAAN2queuLt-frame-003677-bS6i7xHMPtbDoSeEp.jpg,640,512,city_street,unknown,JFiGa9oAAN2queuLt,True,24
train,324,data/video-JFiGa9oAAN2queuLt-frame-003687-tPRbaBJHH3eWsmdZr.jpg,640,512,city_street,unknown,JFiGa9oAAN2queuLt,True,24
train,325,data/video-JFiGa9oAAN2queuLt-frame-003697-h3LyhfYh2dy8D9K9W.jpg,640,512,city_street,unknown,JFiGa9oAAN2queuLt,True,20
train,326,data/video-JFiGa9oAAN2queuLt-frame-003707-AQRnGm55va58JR6PE.jpg,640,512,city_street,unknown,JFiGa9oAAN2queuLt,True,21
train,327,data/video-JFiGa9oAAN2queuLt-frame-003717-wHScwWTBoeJTvCeEb.jpg,640,512,city_street,unknown,JFiGa9oAAN2queuLt,True,12
train,328,data/video-JFiGa9oAAN2queuLt-frame-003727-AWgKXHDKYTHMt5Eqq.jpg,640,512,city_street,unknown,JFiGa9oAAN2queuLt,True,18
train,339,data/video-JFiGa9oAAN2queuLt-frame-003837-aM9WZZ6TpFJyH8t6D.jpg,640,512,city_street,unknown,JFiGa9oAAN2queuLt,True,18
train,340,data/video-JFiGa9oAAN2queuLt-frame-003847-Ryqa4W5G3AcMba6JX.jpg,640,512,city_street,unknown,JFiGa9oAAN2queuLt,True,14
train,341,data/video-JFiGa9oAAN2queuLt-frame-003857-MCQg5qy969APWupDA.jpg,640,512,city_street,unknown,JFiGa9oAAN2queuLt,True,13
train,344,data/video-JFiGa9oAAN2queuLt-frame-003887-DxqyXPAQxw3jXwekB.jpg,640,512,city_street,unknown,JFiGa9oAAN2queuLt,True,14
train,352,data/video-JFiGa9oAAN2queuLt-frame-003967-S6ZGR6XAiRHuSBpyj.jpg,640,512,city_street,unknown,JFiGa9oAAN2queuLt,True,12
train,357,data/video-JFiGa9oAAN2queuLt-frame-004017-Qv6ModyFKQqbxkzZm.jpg,640,512,city_street,unknown,JFiGa9oAAN2queuLt,True,23
train,359,data/video-JFiGa9oAAN2queuLt-frame-004037-W4cNeYQgJmWBXJM6d.jpg,640,512,city_street,unknown,JFiGa9oAAN2queuLt,True,16
train,360,data/video-JFiGa9oAAN2queuLt-frame-004047-z4PNAGkQaPrAgPtuN.jpg,640,512,city_street,unknown,JFiGa9oAAN2queuLt,True,17
train,361,data/video-JFiGa9oAAN2queuLt-frame-004057-4koRsgsjW9xvFinuH.jpg,640,512,city_street,unknown,JFiGa9oAAN2queuLt,True,21
train,362,data/video-JFiGa9oAAN2queuLt-frame-004067-tMMJ2jdMKvpXyWvjJ.jpg,640,512,city_street,unknown,JFiGa9oAAN2queuLt,True,19
train,363,data/video-JFiGa9oAAN2queuLt-frame-004077-GiCZNSpMEtyqvXmi2.jpg,640,512,city_street,unknown,JFiGa9oAAN2queuLt,True,23
train,364,data/video-JFiGa9oAAN2queuLt-frame-004087-ia3cDdbX4a9KvrCQw.jpg,640,512,city_street,unknown,JFiGa9oAAN2queuLt,True,13
train,365,data/video-JFiGa9oAAN2queuLt-frame-004097-DRKrWzPR58AirjzEa.jpg,640,512,city_street,unknown,JFiGa9oAAN2queuLt,True,13
train,366,data/video-JFiGa9oAAN2queuLt-frame-004107-Mom7TzFoyiHXY3Nmo.jpg,640,512,city_street,unknown,JFiGa9oAAN2queuLt,True,18
train,367,data/video-JFiGa9oAAN2queuLt-frame-004117-RisyrHJRycfBpQdfE.jpg,640,512,city_street,unknown,JFiGa9oAAN2queuLt,True,14
train,368,data/video-JFiGa9oAAN2queuLt-frame-004127-evdNbXE4dMS5huEJR.jpg,640,512,city_street,unknown,JFiGa9oAAN2queuLt,True,13
train,369,data/video-JFiGa9oAAN2queuLt-frame-004137-gxsbwJ2rJyJ8MEBPE.jpg,640,512,city_street,unknown,JFiGa9oAAN2queuLt,True,12
train,370,data/video-JFiGa9oAAN2queuLt-frame-004147-mtniSijcsYmaLTwA3.jpg,640,512,city_street,unknown,JFiGa9oAAN2queuLt,True,13
train,371,data/video-JFiGa9oAAN2queuLt-frame-004157-g3sTT3a8gE4Si46S9.jpg,640,512,city_street,unknown,JFiGa9oAAN2queuLt,True,12
train,372,data/video-JFiGa9oAAN2queuLt-frame-004167-hvGXZiRiL7FJsG3kF.jpg,640,512,city_street,unknown,JFiGa9oAAN2queuLt,True,23
train,373,data/video-JFiGa9oAAN2queuLt-frame-004177-FpP64yJGF5oZjod2f.jpg,640,512,city_street,unknown,JFiGa9oAAN2queuLt,True,21
train,374,data/video-JFiGa9oAAN2queuLt-frame-004187-zHQkYEypZgvYcPqCe.jpg,640,512,city_street,unknown,JFiGa9oAAN2queuLt,True,15
train,375,data/video-JFiGa9oAAN2queuLt-frame-004197-kHoaYhtspNcdTAT4m.jpg,640,512,city_street,unknown,JFiGa9oAAN2queuLt,True,23
train,376,data/video-JFiGa9oAAN2queuLt-frame-004207-BEBf5guyfWkK6uPMe.jpg,640,512,city_street,unknown,JFiGa9oAAN2queuLt,True,22
train,377,data/video-JFiGa9oAAN2queuLt-frame-004217-y8Zyg59AipuCJRXXE.jpg,640,512,city_street,unknown,JFiGa9oAAN2queuLt,True,21
train,378,data/video-JFiGa9oAAN2queuLt-frame-004227-7fQPPRikdq2G2vGWj.jpg,640,512,city_street,unknown,JFiGa9oAAN2queuLt,True,23
train,379,data/video-JFiGa9oAAN2queuLt-frame-004237-ZfwZaLvJoueRQMyGv.jpg,640,512,city_street,unknown,JFiGa9oAAN2queuLt,True,22
train,380,data/video-JFiGa9oAAN2queuLt-frame-004247-t6jQn8HLP5hH87PyR.jpg,640,512,city_street,unknown,JFiGa9oAAN2queuLt,True,15
train,381,data/video-JFiGa9oAAN2queuLt-frame-004257-Cy55KYJ5vmsWskBeY.jpg,640,512,city_street,unknown,JFiGa9oAAN2queuLt,True,15
train,382,data/video-JFiGa9oAAN2queuLt-frame-004267-MyMje6qJZtTLTvCTv.jpg,640,512,city_street,unknown,JFiGa9oAAN2queuLt,True,15
train,383,data/video-JFiGa9oAAN2queuLt-frame-004277-SMDG5Dios5a6epLdP.jpg,640,512,city_street,unknown,JFiGa9oAAN2queuLt,True,15
train,384,data/video-JFiGa9oAAN2queuLt-frame-004287-WNDM5NspddSXkaLBX.jpg,640,512,city_street,unknown,JFiGa9oAAN2queuLt,True,15
train,385,data/video-JFiGa9oAAN2queuLt-frame-004297-DGsNGKCW7mFnkaGuz.jpg,640,512,city_street,unknown,JFiGa9oAAN2queuLt,True,15
train,388,data/video-JFiGa9oAAN2queuLt-frame-004327-mCATk4N5iBoFbqeGM.jpg,640,512,city_street,unknown,JFiGa9oAAN2queuLt,True,15
train,389,data/video-JFiGa9oAAN2queuLt-frame-004337-oD7hEMW3LM2W47ohd.jpg,640,512,city_street,unknown,JFiGa9oAAN2queuLt,True,21
train,390,data/video-JFiGa9oAAN2queuLt-frame-004347-bqwboXCjsGgf8hZaP.jpg,640,512,city_street,unknown,JFiGa9oAAN2queuLt,True,18
train,392,data/video-JFiGa9oAAN2queuLt-frame-004367-kwaiGGxDTcoEfkPyi.jpg,640,512,city_street,unknown,JFiGa9oAAN2queuLt,True,15
train,393,data/video-JFiGa9oAAN2queuLt-frame-004377-HHywNjAHJ2gm2L2tx.jpg,640,512,city_street,unknown,JFiGa9oAAN2queuLt,True,12
train,394,data/video-JFiGa9oAAN2queuLt-frame-004387-5z2dQFBoL3iKjrASf.jpg,640,512,city_street,unknown,JFiGa9oAAN2queuLt,True,22
train,395,data/video-JFiGa9oAAN2queuLt-frame-004397-6zi6aRsDjF6vLL5iv.jpg,640,512,city_street,unknown,JFiGa9oAAN2queuLt,True,15
train,396,data/video-JFiGa9oAAN2queuLt-frame-004407-qAdBoYmg9tgWaYQ4C.jpg,640,512,city_street,unknown,JFiGa9oAAN2queuLt,True,16
train,397,data/video-JFiGa9oAAN2queuLt-frame-004417-ccMFMkns4jHAj5EbY.jpg,640,512,city_street,unknown,JFiGa9oAAN2queuLt,True,15
train,398,data/video-JFiGa9oAAN2queuLt-frame-004427-rGAEuig5kmBvXzk4R.jpg,640,512,city_street,unknown,JFiGa9oAAN2queuLt,True,19
train,399,data/video-JFiGa9oAAN2queuLt-frame-004437-wxYhksG5ivi2XH7Cp.jpg,640,512,city_street,unknown,JFiGa9oAAN2queuLt,True,18
train,400,data/video-JFiGa9oAAN2queuLt-frame-004447-yBnP2Jhm3d6BhJNnW.jpg,640,512,city_street,unknown,JFiGa9oAAN2queuLt,True,16
train,401,data/video-JFiGa9oAAN2queuLt-frame-004457-QEYgSKp5tivrNdmDG.jpg,640,512,city_street,unknown,JFiGa9oAAN2queuLt,True,18
train,408,data/video-JFiGa9oAAN2queuLt-frame-004527-eQ3xujuGde72tfhyi.jpg,640,512,city_street,unknown,JFiGa9oAAN2queuLt,True,13
train,409,data/video-JFiGa9oAAN2queuLt-frame-004537-9FBFwaaSPEDpTDfNw.jpg,640,512,city_street,unknown,JFiGa9oAAN2queuLt,True,14
train,410,data/video-JFiGa9oAAN2queuLt-frame-004547-Z74EbqwWrwwMtWpdn.jpg,640,512,city_street,unknown,JFiGa9oAAN2queuLt,True,13
train,411,data/video-JFiGa9oAAN2queuLt-frame-004557-R8Maf7gzYt7628BST.jpg,640,512,city_street,unknown,JFiGa9oAAN2queuLt,True,23
train,412,data/video-JFiGa9oAAN2queuLt-frame-004567-R8Laov6BG97mQa9dd.jpg,640,512,city_street,unknown,JFiGa9oAAN2queuLt,True,16
train,413,data/video-JFiGa9oAAN2queuLt-frame-004577-KjNLTt7RYxd57wq9X.jpg,640,512,city_street,unknown,JFiGa9oAAN2queuLt,True,14
train,414,data/video-JFiGa9oAAN2queuLt-frame-004587-D7TFq6kcYZuCWrZYe.jpg,640,512,city_street,unknown,JFiGa9oAAN2queuLt,True,21
train,416,data/video-JFiGa9oAAN2queuLt-frame-004607-Hd3gbWF8AAbH3PmPJ.jpg,640,512,city_street,unknown,JFiGa9oAAN2queuLt,True,19
train,417,data/video-JFiGa9oAAN2queuLt-frame-004617-9Q6cY9JaQzZHbPsKZ.jpg,640,512,city_street,unknown,JFiGa9oAAN2queuLt,True,18
train,418,data/video-JFiGa9oAAN2queuLt-frame-004627-3aekyjweDx98Th4p4.jpg,640,512,city_street,unknown,JFiGa9oAAN2queuLt,True,15
train,419,data/video-JFiGa9oAAN2queuLt-frame-004637-pTzNKmNdMP8e7qLhK.jpg,640,512,city_street,unknown,JFiGa9oAAN2queuLt,True,13
train,420,data/video-JFiGa9oAAN2queuLt-frame-004647-QGb2JrntHmuL5QDyn.jpg,640,512,city_street,unknown,JFiGa9oAAN2queuLt,True,14
train,421,data/video-JFiGa9oAAN2queuLt-frame-004657-QK8XvXXzrfN7BS6Nn.jpg,640,512,city_street,unknown,JFiGa9oAAN2queuLt,True,16
train,422,data/video-JFiGa9oAAN2queuLt-frame-004667-tDNTvSn9mCN8FufnB.jpg,640,512,city_street,unknown,JFiGa9oAAN2queuLt,True,19
train,423,data/video-JFiGa9oAAN2queuLt-frame-004677-NSfPYDHHA7XLwh9wb.jpg,640,512,city_street,unknown,JFiGa9oAAN2queuLt,True,25
train,424,data/video-JFiGa9oAAN2queuLt-frame-004687-q4pfnfi8YYWroZcXd.jpg,640,512,city_street,unknown,JFiGa9oAAN2queuLt,True,22
train,425,data/video-JFiGa9oAAN2queuLt-frame-004697-CWrjJsH9pxCHFGLPJ.jpg,640,512,city_street,unknown,JFiGa9oAAN2queuLt,True,19
train,426,data/video-JFiGa9oAAN2queuLt-frame-004707-ruB2DTkN48QAad4Ts.jpg,640,512,city_street,unknown,JFiGa9oAAN2queuLt,True,18
train,427,data/video-JFiGa9oAAN2queuLt-frame-004717-7R6f9LWBZ4G38Hy3T.jpg,640,512,city_street,unknown,JFiGa9oAAN2queuLt,True,17
train,429,data/video-JFiGa9oAAN2queuLt-frame-004737-FPNbbZN5yzFnEGrzk.jpg,640,512,city_street,unknown,JFiGa9oAAN2queuLt,True,13
train,430,data/video-JFiGa9oAAN2queuLt-frame-004747-BiPTjwfeFMrpAdPao.jpg,640,512,city_street,unknown,JFiGa9oAAN2queuLt,True,12
train,431,data/video-JFiGa9oAAN2queuLt-frame-004757-tadYZFH82uozdsJa3.jpg,640,512,city_street,unknown,JFiGa9oAAN2queuLt,True,15
train,432,data/video-JFiGa9oAAN2queuLt-frame-004767-oA6oHwnz7dk3FLyL8.jpg,640,512,city_street,unknown,JFiGa9oAAN2queuLt,True,15
train,433,data/video-JFiGa9oAAN2queuLt-frame-004777-AeCivCMysBeyt2W2R.jpg,640,512,city_street,unknown,JFiGa9oAAN2queuLt,True,9
train,434,data/video-JFiGa9oAAN2queuLt-frame-004787-BPJT9PjzeHy4ueq6M.jpg,640,512,city_street,unknown,JFiGa9oAAN2queuLt,True,10
train,435,data/video-JFiGa9oAAN2queuLt-frame-004797-n3XpkBmRMfkoxs9Km.jpg,640,512,city_street,unknown,JFiGa9oAAN2queuLt,True,7
train,436,data/video-JFiGa9oAAN2queuLt-frame-004807-vMki8tsu65x7H9SpF.jpg,640,512,city_street,unknown,JFiGa9oAAN2queuLt,True,8
train,437,data/video-JFiGa9oAAN2queuLt-frame-004817-b6YKYMMLcrSbR9tQ8.jpg,640,512,city_street,unknown,JFiGa9oAAN2queuLt,True,8
train,438,data/video-JFiGa9oAAN2queuLt-frame-004827-ELDQrjozNrn3zsXz8.jpg,640,512,city_street,unknown,JFiGa9oAAN2queuLt,True,11
train,439,data/video-JFiGa9oAAN2queuLt-frame-004837-ovwKXJER5T7zzJhWN.jpg,640,512,city_street,unknown,JFiGa9oAAN2queuLt,True,15
train,440,data/video-JFiGa9oAAN2queuLt-frame-004847-hkX6D8z7DtYrTWqrq.jpg,640,512,city_street,unknown,JFiGa9oAAN2queuLt,True,14
train,441,data/video-JFiGa9oAAN2queuLt-frame-004857-wLwjMoJ4RwLWrGzgo.jpg,640,512,city_street,unknown,JFiGa9oAAN2queuLt,True,15
train,442,data/video-JFiGa9oAAN2queuLt-frame-004867-v4Bi8eRcsyczNBFWG.jpg,640,512,city_street,unknown,JFiGa9oAAN2queuLt,True,11
train,443,data/video-JFiGa9oAAN2queuLt-frame-004877-QK7dcwSARfdbpPwPD.jpg,640,512,city_street,unknown,JFiGa9oAAN2queuLt,True,11
train,444,data/video-JFiGa9oAAN2queuLt-frame-004887-KsGA3qctDgMfzDDiZ.jpg,640,512,city_street,unknown,JFiGa9oAAN2queuLt,True,11
train,445,data/video-JFiGa9oAAN2queuLt-frame-004897-Han6u5fz4gbTKHkp6.jpg,640,512,city_street,unknown,JFiGa9oAAN2queuLt,True,11
train,446,data/video-JFiGa9oAAN2queuLt-frame-004907-z9ns8uzbdKLXmaxvg.jpg,640,512,city_street,unknown,JFiGa9oAAN2queuLt,True,9
train,447,data/video-JFiGa9oAAN2queuLt-frame-004917-C2PT4acCmPW6RZKiT.jpg,640,512,city_street,unknown,JFiGa9oAAN2queuLt,True,10
train,448,data/video-JFiGa9oAAN2queuLt-frame-004927-5N6tQLu94LC6x33zu.jpg,640,512,city_street,unknown,JFiGa9oAAN2queuLt,True,11
train,449,data/video-JFiGa9oAAN2queuLt-frame-004937-fX5EQFJ3FWE6ee3Do.jpg,640,512,city_street,unknown,JFiGa9oAAN2queuLt,True,13
train,450,data/video-JFiGa9oAAN2queuLt-frame-004947-5MKiWZ5RsPbtknjHC.jpg,640,512,city_street,unknown,JFiGa9oAAN2queuLt,True,10
train,451,data/video-JFiGa9oAAN2queuLt-frame-004957-zTE8KwkNJhzNH55G7.jpg,640,512,city_street,unknown,JFiGa9oAAN2queuLt,True,13
train,452,data/video-JFiGa9oAAN2queuLt-frame-004967-WZQbsHQMZvQPx2eXN.jpg,640,512,city_street,unknown,JFiGa9oAAN2queuLt,True,12
train,453,data/video-JFiGa9oAAN2queuLt-frame-004977-hkooCwxfkMKGmiDCt.jpg,640,512,city_street,unknown,JFiGa9oAAN2queuLt,True,12
train,454,data/video-JFiGa9oAAN2queuLt-frame-004987-pNCqzF9qTZS6nnET8.jpg,640,512,city_street,unknown,JFiGa9oAAN2queuLt,True,13
train,455,data/video-JFiGa9oAAN2queuLt-frame-004997-yzeMZBxbtBztv5wWg.jpg,640,512,city_street,unknown,JFiGa9oAAN2queuLt,True,13
train,456,data/video-JFiGa9oAAN2queuLt-frame-005007-HHy6yWRprTzEbzD2z.jpg,640,512,city_street,unknown,JFiGa9oAAN2queuLt,True,13
train,457,data/video-JFiGa9oAAN2queuLt-frame-005017-Ta6acevTedjYtcyWe.jpg,640,512,city_street,unknown,JFiGa9oAAN2queuLt,True,12
train,458,data/video-JFiGa9oAAN2queuLt-frame-005027-pibLxgtoM6gL6kACc.jpg,640,512,city_street,unknown,JFiGa9oAAN2queuLt,True,16
train,459,data/video-JFiGa9oAAN2queuLt-frame-005037-dETdPtFApXam9z2aE.jpg,640,512,city_street,unknown,JFiGa9oAAN2queuLt,True,14
train,460,data/video-JFiGa9oAAN2queuLt-frame-005047-35fqovjH349xBbm5m.jpg,640,512,city_street,unknown,JFiGa9oAAN2queuLt,True,14
train,461,data/video-JFiGa9oAAN2queuLt-frame-005057-gCQveFcH6FzK4KSLx.jpg,640,512,city_street,unknown,JFiGa9oAAN2queuLt,True,12
train,462,data/video-JFiGa9oAAN2queuLt-frame-005067-vdxTBudDuQG5in4s9.jpg,640,512,city_street,unknown,JFiGa9oAAN2queuLt,True,13
train,463,data/video-JFiGa9oAAN2queuLt-frame-005077-WbEtCbYpL9Rrfym5t.jpg,640,512,city_street,unknown,JFiGa9oAAN2queuLt,True,13
train,464,data/video-JFiGa9oAAN2queuLt-frame-005087-RqbgeA8pmKTd6hogM.jpg,640,512,city_street,unknown,JFiGa9oAAN2queuLt,True,10
train,465,data/video-JFiGa9oAAN2queuLt-frame-005097-3zvkReDqMPqEjnMuA.jpg,640,512,city_street,unknown,JFiGa9oAAN2queuLt,True,10
train,466,data/video-JFiGa9oAAN2queuLt-frame-005107-yjeMkRd4Nm9AQT2kq.jpg,640,512,city_street,unknown,JFiGa9oAAN2queuLt,True,8
train,467,data/video-JFiGa9oAAN2queuLt-frame-005117-2S7kjRTHnzFLahEKb.jpg,640,512,city_street,unknown,JFiGa9oAAN2queuLt,True,9
train,468,data/video-JFiGa9oAAN2queuLt-frame-005127-YRaD5aKvRjrQzLfkS.jpg,640,512,city_street,unknown,JFiGa9oAAN2queuLt,True,12
train,469,data/video-JFiGa9oAAN2queuLt-frame-005137-FbfS8h3p6px3JdPJz.jpg,640,512,city_street,unknown,JFiGa9oAAN2queuLt,True,10
train,470,data/video-JFiGa9oAAN2queuLt-frame-005147-SxEzKZxaxyTCJWixE.jpg,640,512,city_street,unknown,JFiGa9oAAN2queuLt,True,12
train,471,data/video-JFiGa9oAAN2queuLt-frame-005157-y2Wr3LH5ehX8rhSqt.jpg,640,512,city_street,unknown,JFiGa9oAAN2queuLt,True,16
train,472,data/video-JFiGa9oAAN2queuLt-frame-005167-Bzexu5qXP42Hsqc7a.jpg,640,512,city_street,unknown,JFiGa9oAAN2queuLt,True,16
train,473,data/video-JFiGa9oAAN2queuLt-frame-005177-vECju6A47QwFJ9Shy.jpg,640,512,city_street,unknown,JFiGa9oAAN2queuLt,True,16
train,474,data/video-JFiGa9oAAN2queuLt-frame-005187-Ng7Fy3wj73Yzbomsn.jpg,640,512,city_street,unknown,JFiGa9oAAN2queuLt,True,16
train,478,data/video-JFiGa9oAAN2queuLt-frame-005227-5MP6ExYnAgGnquzmc.jpg,640,512,city_street,unknown,JFiGa9oAAN2queuLt,True,13
train,479,data/video-JFiGa9oAAN2queuLt-frame-005237-KdsGK4XbrFTurKHwB.jpg,640,512,city_street,unknown,JFiGa9oAAN2queuLt,True,12
train,480,data/video-JFiGa9oAAN2queuLt-frame-005247-b5H6wkkaeSLRr9KoP.jpg,640,512,city_street,unknown,JFiGa9oAAN2queuLt,True,12
train,481,data/video-JFiGa9oAAN2queuLt-frame-005257-Cs6BuLGpXErJTGawR.jpg,640,512,city_street,unknown,JFiGa9oAAN2queuLt,True,12
train,482,data/video-JFiGa9oAAN2queuLt-frame-005267-rt4FXcyifMSEGpxDw.jpg,640,512,city_street,unknown,JFiGa9oAAN2queuLt,True,9
train,483,data/video-JFiGa9oAAN2queuLt-frame-005277-o9NBwiAc7d4XAiCkj.jpg,640,512,city_street,unknown,JFiGa9oAAN2queuLt,True,12
train,484,data/video-JFiGa9oAAN2queuLt-frame-005287-NngwTyJhK8Yzbkf9Y.jpg,640,512,city_street,unknown,JFiGa9oAAN2queuLt,True,12
train,485,data/video-JFiGa9oAAN2queuLt-frame-005297-tSAPg8adwe7TDCpKg.jpg,640,512,city_street,unknown,JFiGa9oAAN2queuLt,True,15
train,486,data/video-JFiGa9oAAN2queuLt-frame-005307-Hg8hDqH7EGtxhMb4h.jpg,640,512,city_street,unknown,JFiGa9oAAN2queuLt,True,13
train,487,data/video-JFiGa9oAAN2queuLt-frame-005317-MkA2xJEJGa3c5edta.jpg,640,512,city_street,unknown,JFiGa9oAAN2queuLt,True,13
train,488,data/video-JFiGa9oAAN2queuLt-frame-005327-RR3LAuRx5XdjYRs2C.jpg,640,512,city_street,unknown,JFiGa9oAAN2queuLt,True,17
train,489,data/video-JFiGa9oAAN2queuLt-frame-005337-mFNjJuFz7d2umuRD4.jpg,640,512,city_street,unknown,JFiGa9oAAN2queuLt,True,14
train,490,data/video-JFiGa9oAAN2queuLt-frame-005347-NqXTMPjoL2dL7tvGf.jpg,640,512,city_street,unknown,JFiGa9oAAN2queuLt,True,14
train,491,data/video-JFiGa9oAAN2queuLt-frame-005357-3r7phCNg2bGKJwx5Z.jpg,640,512,city_street,unknown,JFiGa9oAAN2queuLt,True,16
train,492,data/video-JFiGa9oAAN2queuLt-frame-005367-fdThDNmigaHitRkyp.jpg,640,512,city_street,unknown,JFiGa9oAAN2queuLt,True,19
train,493,data/video-JFiGa9oAAN2queuLt-frame-005377-aCgc9n4HjZnWpYe4n.jpg,640,512,city_street,unknown,JFiGa9oAAN2queuLt,True,15
train,494,data/video-JFiGa9oAAN2queuLt-frame-005387-TJ5y4F89hhR5QBiJs.jpg,640,512,city_street,unknown,JFiGa9oAAN2queuLt,True,19
train,495,data/video-JFiGa9oAAN2queuLt-frame-005397-xgLzsrrYc8AtFRdEu.jpg,640,512,city_street,unknown,JFiGa9oAAN2queuLt,True,13
train,496,data/video-JFiGa9oAAN2queuLt-frame-005407-B6L5vKdQ2PLxdCnnP.jpg,640,512,city_street,unknown,JFiGa9oAAN2queuLt,True,13
train,497,data/video-JFiGa9oAAN2queuLt-frame-005417-zr6RD7HZwFRa7fcNK.jpg,640,512,city_street,unknown,JFiGa9oAAN2queuLt,True,23
train,498,data/video-JFiGa9oAAN2queuLt-frame-005427-32moYSADLe8S2wWoL.jpg,640,512,city_street,unknown,JFiGa9oAAN2queuLt,True,18
train,499,data/video-JFiGa9oAAN2queuLt-frame-005437-G49jzBHg3R3ehBTXw.jpg,640,512,city_street,unknown,JFiGa9oAAN2queuLt,True,23
train,500,data/video-JFiGa9oAAN2queuLt-frame-005447-QYr9aMTagFReLzigz.jpg,640,512,city_street,unknown,JFiGa9oAAN2queuLt,True,22
train,501,data/video-JFiGa9oAAN2queuLt-frame-005457-67J2PqBqnmAd5G2Rz.jpg,640,512,city_street,unknown,JFiGa9oAAN2queuLt,True,22
train,502,data/video-JFiGa9oAAN2queuLt-frame-005467-maaEfAYsrB2TnsEGC.jpg,640,512,city_street,unknown,JFiGa9oAAN2queuLt,True,17
train,503,data/video-JFiGa9oAAN2queuLt-frame-005477-qqybw7FFvLMX6mTEt.jpg,640,512,city_street,unknown,JFiGa9oAAN2queuLt,True,21
train,504,data/video-JFiGa9oAAN2queuLt-frame-005487-HBuvLq3xfhW5iKv5A.jpg,640,512,city_street,unknown,JFiGa9oAAN2queuLt,True,17
train,505,data/video-JFiGa9oAAN2queuLt-frame-005497-JnQXvzPSnuHhYWNMj.jpg,640,512,city_street,unknown,JFiGa9oAAN2queuLt,True,25
train,506,data/video-JFiGa9oAAN2queuLt-frame-005507-8nXyDC7henjgGw4wA.jpg,640,512,city_street,unknown,JFiGa9oAAN2queuLt,True,23
train,507,data/video-JFiGa9oAAN2queuLt-frame-005517-SL7s2fxMqiftQHxpQ.jpg,640,512,city_street,unknown,JFiGa9oAAN2queuLt,True,13
train,508,data/video-JFiGa9oAAN2queuLt-frame-005527-8YiNeTR78KN83nFjX.jpg,640,512,city_street,unknown,JFiGa9oAAN2queuLt,True,17
train,509,data/video-JFiGa9oAAN2queuLt-frame-005537-a7Qq9oJBjv3aP4Pmt.jpg,640,512,city_street,unknown,JFiGa9oAAN2queuLt,True,15
train,510,data/video-JFiGa9oAAN2queuLt-frame-005547-Cne2mzTsucCRFe3uM.jpg,640,512,city_street,unknown,JFiGa9oAAN2queuLt,True,13
train,511,data/video-JFiGa9oAAN2queuLt-frame-005557-toGCijSSzuLEz7vea.jpg,640,512,city_street,unknown,JFiGa9oAAN2queuLt,True,15
train,512,data/video-JFiGa9oAAN2queuLt-frame-005567-QXjFZXoC9knybtKvu.jpg,640,512,city_street,unknown,JFiGa9oAAN2queuLt,True,15
train,513,data/video-JFiGa9oAAN2queuLt-frame-005577-7ANbRiuddTY6aEJfn.jpg,640,512,city_street,unknown,JFiGa9oAAN2queuLt,True,12
train,514,data/video-JFiGa9oAAN2queuLt-frame-005587-MckMbir5uPgx6SCxe.jpg,640,512,city_street,unknown,JFiGa9oAAN2queuLt,True,17
train,515,data/video-JFiGa9oAAN2queuLt-frame-007211-C65rs64keiixLjYJt.jpg,640,512,city_street,unknown,JFiGa9oAAN2queuLt,True,15
train,516,data/video-JFiGa9oAAN2queuLt-frame-007221-35tMozyzcvfrJkBS5.jpg,640,512,city_street,unknown,JFiGa9oAAN2queuLt,True,11
train,517,data/video-JFiGa9oAAN2queuLt-frame-007231-k6D7AdXSzs3k9WwyH.jpg,640,512,city_street,unknown,JFiGa9oAAN2queuLt,True,18
train,518,data/video-JFiGa9oAAN2queuLt-frame-007241-ybcKankys359PDMNM.jpg,640,512,city_street,unknown,JFiGa9oAAN2queuLt,True,14
train,519,data/video-JFiGa9oAAN2queuLt-frame-007251-zcgDSq2FZrDoe6A5h.jpg,640,512,city_street,unknown,JFiGa9oAAN2queuLt,True,12
train,520,data/video-JFiGa9oAAN2queuLt-frame-007261-jFdjEWRYdQMPj9LMB.jpg,640,512,city_street,unknown,JFiGa9oAAN2queuLt,True,15
train,521,data/video-JFiGa9oAAN2queuLt-frame-007271-RzBNWepxjusJqjk2z.jpg,640,512,city_street,unknown,JFiGa9oAAN2queuLt,True,16
train,522,data/video-JFiGa9oAAN2queuLt-frame-007281-a48zsCeiJTiWnKqti.jpg,640,512,city_street,unknown,JFiGa9oAAN2queuLt,True,16
train,523,data/video-JFiGa9oAAN2queuLt-frame-007291-TfLXkx2pRWyudo5zW.jpg,640,512,city_street,unknown,JFiGa9oAAN2queuLt,True,10
train,533,data/video-JFiGa9oAAN2queuLt-frame-007391-pF3T8mL6rdmYszzZ3.jpg,640,512,city_street,unknown,JFiGa9oAAN2queuLt,True,10
train,536,data/video-JFiGa9oAAN2queuLt-frame-007421-QLv7Wy4KJQpH6r8XD.jpg,640,512,city_street,unknown,JFiGa9oAAN2queuLt,True,14
train,537,data/video-JFiGa9oAAN2queuLt-frame-007431-KYFpH7HGNjSzxZNyq.jpg,640,512,city_street,unknown,JFiGa9oAAN2queuLt,True,14
train,538,data/video-JFiGa9oAAN2queuLt-frame-007441-FqPGk5hfgXnhWfshA.jpg,640,512,city_street,unknown,JFiGa9oAAN2queuLt,True,19
train,539,data/video-JFiGa9oAAN2queuLt-frame-007451-fe8RN3Qtw2LYFTLXR.jpg,640,512,city_street,unknown,JFiGa9oAAN2queuLt,True,17
train,540,data/video-JFiGa9oAAN2queuLt-frame-007461-xM4iT2PK6gN2tKury.jpg,640,512,city_street,unknown,JFiGa9oAAN2queuLt,True,14
train,541,data/video-JFiGa9oAAN2queuLt-frame-007471-nx2d7akci3spYSBhp.jpg,640,512,city_street,unknown,JFiGa9oAAN2queuLt,True,16
train,542,data/video-JFiGa9oAAN2queuLt-frame-007481-4XZ7fFupPnTEREqCn.jpg,640,512,city_street,unknown,JFiGa9oAAN2queuLt,True,15
train,543,data/video-JFiGa9oAAN2queuLt-frame-007491-4xP3QQ4zBQNLfrvkG.jpg,640,512,city_street,unknown,JFiGa9oAAN2queuLt,True,18
train,546,data/video-JFiGa9oAAN2queuLt-frame-007521-tEpDGyRqWhmfkvPyY.jpg,640,512,city_street,unknown,JFiGa9oAAN2queuLt,True,17
train,548,data/video-JFiGa9oAAN2queuLt-frame-007541-kzaroETfPt7iz5hkr.jpg,640,512,city_street,unknown,JFiGa9oAAN2queuLt,True,13
train,552,data/video-JFiGa9oAAN2queuLt-frame-007581-8rzhNLYwxkPT7Exik.jpg,640,512,city_street,unknown,JFiGa9oAAN2queuLt,True,15
train,559,data/video-JFiGa9oAAN2queuLt-frame-007651-FqKhaDeTZwJCcejmA.jpg,640,512,city_street,unknown,JFiGa9oAAN2queuLt,True,6
train,560,data/video-JFiGa9oAAN2queuLt-frame-007652-cvsxkZr6NgANudZ5u.jpg,640,512,residential,unknown,JFiGa9oAAN2queuLt,True,7
train,561,data/video-JFiGa9oAAN2queuLt-frame-008102-Dy8DaBnECCPmGgQnX.jpg,640,512,residential,unknown,JFiGa9oAAN2queuLt,True,5
train,568,data/video-JFiGa9oAAN2queuLt-frame-011252-48Ycvu9NLE5RJSnix.jpg,640,512,highway,unknown,JFiGa9oAAN2queuLt,False,0
train,569,data/video-JFiGa9oAAN2queuLt-frame-011702-skCNn5BWJthiAKkTx.jpg,640,512,city_street,unknown,JFiGa9oAAN2queuLt,False,0
train,570,data/video-JFiGa9oAAN2queuLt-frame-012152-Wx4AzLoBejCmbqvoG.jpg,640,512,city_street,unknown,JFiGa9oAAN2queuLt,False,0
train,571,data/video-JFiGa9oAAN2queuLt-frame-012602-QES97j9ZkepRN5MWy.jpg,640,512,highway,unknown,JFiGa9oAAN2queuLt,False,0
train,573,data/video-JFiGa9oAAN2queuLt-frame-013502-Eb7kwp3c3d7oEZvnb.jpg,640,512,city_street,unknown,JFiGa9oAAN2queuLt,False,0
train,574,data/video-JFiGa9oAAN2queuLt-frame-013952-tSjBrkeTnvqmKK4nQ.jpg,640,512,city_street,unknown,JFiGa9oAAN2queuLt,False,0
train,575,data/video-JFiGa9oAAN2queuLt-frame-014402-3CoutXbFzMdp9iP6u.jpg,640,512,highway,unknown,JFiGa9oAAN2queuLt,False,0
train,577,data/video-JFiGa9oAAN2queuLt-frame-015302-dkckqAXgcvG2D2Zsc.jpg,640,512,highway,unknown,JFiGa9oAAN2queuLt,False,0
train,579,data/video-JFiGa9oAAN2queuLt-frame-015363-xEZknHYpEKF9H7Daj.jpg,640,512,highway,unknown,JFiGa9oAAN2queuLt,True,1
train,580,data/video-JFiGa9oAAN2queuLt-frame-015373-nAHpFfgwQ4G7FEYdq.jpg,640,512,highway,unknown,JFiGa9oAAN2queuLt,True,1
train,581,data/video-JFiGa9oAAN2queuLt-frame-015383-pjo9TqFpD2EDD8Drw.jpg,640,512,highway,unknown,JFiGa9oAAN2queuLt,True,1
train,582,data/video-JFiGa9oAAN2queuLt-frame-015393-mwkD8oH3NQMygPupK.jpg,640,512,highway,unknown,JFiGa9oAAN2queuLt,True,2
train,584,data/video-JFiGa9oAAN2queuLt-frame-015413-LpomrPRFAQYaEfcGf.jpg,640,512,highway,unknown,JFiGa9oAAN2queuLt,True,2
train,585,data/video-JFiGa9oAAN2queuLt-frame-015423-7FLGxj683Mv5dXtTX.jpg,640,512,highway,unknown,JFiGa9oAAN2queuLt,True,2
train,825,data/video-JnRLAYvPLms37xEzD-frame-000300-gqWgsAcfda8BgrqJL.jpg,640,512,highway,unknown,JnRLAYvPLms37xEzD,False,0
train,826,data/video-JnRLAYvPLms37xEzD-frame-000900-9WwXPb7AQw7PeyRNc.jpg,640,512,highway,unknown,JnRLAYvPLms37xEzD,False,0
train,827,data/video-JnRLAYvPLms37xEzD-frame-001500-wBu4TgWCwRsWEfYaK.jpg,640,512,highway,unknown,JnRLAYvPLms37xEzD,False,0
train,828,data/video-JnRLAYvPLms37xEzD-frame-001800-Fw5NmKCou4Qgx83F2.jpg,640,512,highway,unknown,JnRLAYvPLms37xEzD,False,0
train,831,data/video-JnRLAYvPLms37xEzD-frame-002700-mQ7KHMmWkRRhHkmrd.jpg,640,512,residential,unknown,JnRLAYvPLms37xEzD,False,0
train,833,data/video-JnRLAYvPLms37xEzD-frame-003300-domaBy9RWf36MQ4va.jpg,640,512,highway,unknown,JnRLAYvPLms37xEzD,False,0
train,1879,data/video-WXTMrJkrK8BMoMkxk-frame-000000-hv4z2Js2djTasqZyf.jpg,640,512,city_street,unknown,WXTMrJkrK8BMoMkxk,False,0
train,1880,data/video-WXTMrJkrK8BMoMkxk-frame-000010-MPfLWLMe24w4jNKkt.jpg,640,512,city_street,unknown,WXTMrJkrK8BMoMkxk,False,0
train,1881,data/video-WXTMrJkrK8BMoMkxk-frame-000020-BSG5ju72prnHCnDDm.jpg,640,512,city_street,unknown,WXTMrJkrK8BMoMkxk,False,0
train,1882,data/video-WXTMrJkrK8BMoMkxk-frame-000030-Q3zTfZKRcWyMaKQij.jpg,640,512,city_street,unknown,WXTMrJkrK8BMoMkxk,False,0
train,1883,data/video-WXTMrJkrK8BMoMkxk-frame-000040-CRakkErmgAJkenrM4.jpg,640,512,city_street,unknown,WXTMrJkrK8BMoMkxk,False,0
train,1884,data/video-WXTMrJkrK8BMoMkxk-frame-000050-Dv2JoAvkS7gAhZJqR.jpg,640,512,city_street,unknown,WXTMrJkrK8BMoMkxk,False,0
train,1885,data/video-WXTMrJkrK8BMoMkxk-frame-000060-ibgSob5j7wzADcgcx.jpg,640,512,city_street,unknown,WXTMrJkrK8BMoMkxk,False,0
train,1886,data/video-WXTMrJkrK8BMoMkxk-frame-000070-CWrb5ppTmAb7xPzAC.jpg,640,512,other,unknown,WXTMrJkrK8BMoMkxk,False,0
train,1887,data/video-WXTMrJkrK8BMoMkxk-frame-000080-7jTwBrYP4FKvFz9Lb.jpg,640,512,city_street,unknown,WXTMrJkrK8BMoMkxk,False,0
train,1888,data/video-WXTMrJkrK8BMoMkxk-frame-000090-3889yuEikGcJDkbmJ.jpg,640,512,city_street,unknown,WXTMrJkrK8BMoMkxk,False,0
train,1889,data/video-WXTMrJkrK8BMoMkxk-frame-000100-FXGvTk8MTPDW8ohbH.jpg,640,512,city_street,unknown,WXTMrJkrK8BMoMkxk,False,0
train,1890,data/video-WXTMrJkrK8BMoMkxk-frame-000110-L5EviB8hKtKHkecxx.jpg,640,512,city_street,unknown,WXTMrJkrK8BMoMkxk,False,0
train,1891,data/video-WXTMrJkrK8BMoMkxk-frame-000120-5pNz8PQSta5FfJkWh.jpg,640,512,city_street,unknown,WXTMrJkrK8BMoMkxk,False,0
train,1892,data/video-WXTMrJkrK8BMoMkxk-frame-000130-betZrcrzKFowJEKAB.jpg,640,512,city_street,unknown,WXTMrJkrK8BMoMkxk,False,0
train,1893,data/video-WXTMrJkrK8BMoMkxk-frame-000140-CATkCvsDoPBXNWY4q.jpg,640,512,city_street,unknown,WXTMrJkrK8BMoMkxk,False,0
train,1894,data/video-WXTMrJkrK8BMoMkxk-frame-000150-PxrhZ22bLxqAdAGR6.jpg,640,512,city_street,unknown,WXTMrJkrK8BMoMkxk,False,0
train,1895,data/video-WXTMrJkrK8BMoMkxk-frame-000160-EPJM3NcLbc5YmEYaS.jpg,640,512,city_street,unknown,WXTMrJkrK8BMoMkxk,False,0
train,1896,data/video-WXTMrJkrK8BMoMkxk-frame-000170-fJANhs6AmnvtqdumR.jpg,640,512,other,unknown,WXTMrJkrK8BMoMkxk,False,0
train,1897,data/video-WXTMrJkrK8BMoMkxk-frame-000180-LsxoMH2Bx8oWHE8Kz.jpg,640,512,city_street,unknown,WXTMrJkrK8BMoMkxk,False,0
train,1898,data/video-WXTMrJkrK8BMoMkxk-frame-000190-NSt9NGWuJNGdSMABb.jpg,640,512,other,unknown,WXTMrJkrK8BMoMkxk,False,0
train,1899,data/video-WXTMrJkrK8BMoMkxk-frame-000200-g2cYXn9nfyJvXm5kK.jpg,640,512,other,clear,WXTMrJkrK8BMoMkxk,False,0
train,1900,data/video-WXTMrJkrK8BMoMkxk-frame-000210-T3Tw8Cz2NHjQb4XB4.jpg,640,512,other,unknown,WXTMrJkrK8BMoMkxk,False,0
train,1901,data/video-WXTMrJkrK8BMoMkxk-frame-000220-jwTC9wj39hJDDn3x8.jpg,640,512,parking_lot,unknown,WXTMrJkrK8BMoMkxk,False,0
train,1902,data/video-WXTMrJkrK8BMoMkxk-frame-000230-NNh6y6MajqMj6jtWi.jpg,640,512,parking_lot,unknown,WXTMrJkrK8BMoMkxk,False,0
train,1903,data/video-WXTMrJkrK8BMoMkxk-frame-000240-558udvokCy9KpaabN.jpg,640,512,other,unknown,WXTMrJkrK8BMoMkxk,False,0
train,1904,data/video-WXTMrJkrK8BMoMkxk-frame-000250-K28sQcyaJn2NwCR5L.jpg,640,512,other,unknown,WXTMrJkrK8BMoMkxk,False,0
train,1905,data/video-WXTMrJkrK8BMoMkxk-frame-000254-574xFjazwofNHvpK8.jpg,640,512,other,unknown,WXTMrJkrK8BMoMkxk,False,0
train,1906,data/video-WXTMrJkrK8BMoMkxk-frame-000704-XZG7BREJnjR75sKem.jpg,640,512,parking_lot,unknown,WXTMrJkrK8BMoMkxk,False,0
train,1907,data/video-WXTMrJkrK8BMoMkxk-frame-001154-iqpSNnS2oK6KZcjqT.jpg,640,512,parking_lot,unknown,WXTMrJkrK8BMoMkxk,False,0
train,1909,data/video-WXTMrJkrK8BMoMkxk-frame-001809-BDAF24PwQhoXMX3YD.jpg,640,512,parking_lot,unknown,WXTMrJkrK8BMoMkxk,True,1
train,1910,data/video-WXTMrJkrK8BMoMkxk-frame-001819-wrbSf9NGqafxbAwEi.jpg,640,512,parking_lot,unknown,WXTMrJkrK8BMoMkxk,True,3
train,1911,data/video-WXTMrJkrK8BMoMkxk-frame-001829-2PPXPeGdopTEezhtP.jpg,640,512,parking_lot,unknown,WXTMrJkrK8BMoMkxk,True,4
train,1912,data/video-WXTMrJkrK8BMoMkxk-frame-001839-9tPDFnHM3nZgJEvxs.jpg,640,512,parking_lot,unknown,WXTMrJkrK8BMoMkxk,True,4
train,1913,data/video-WXTMrJkrK8BMoMkxk-frame-001849-y8tMJNJfnXG3Ykh77.jpg,640,512,parking_lot,unknown,WXTMrJkrK8BMoMkxk,True,4
train,1914,data/video-WXTMrJkrK8BMoMkxk-frame-001859-pfZXoFvBwct8mjxtz.jpg,640,512,city_street,unknown,WXTMrJkrK8BMoMkxk,True,4
train,1915,data/video-WXTMrJkrK8BMoMkxk-frame-001869-vwzBBsjGj9p3F7j3G.jpg,640,512,parking_lot,unknown,WXTMrJkrK8BMoMkxk,True,4
train,1916,data/video-WXTMrJkrK8BMoMkxk-frame-001879-xqQdsAgDMzhqJvYWW.jpg,640,512,city_street,unknown,WXTMrJkrK8BMoMkxk,True,3
train,1917,data/video-WXTMrJkrK8BMoMkxk-frame-001889-SwKNtH3n2p3ZFFLnj.jpg,640,512,other,unknown,WXTMrJkrK8BMoMkxk,True,3
train,1918,data/video-WXTMrJkrK8BMoMkxk-frame-001899-modGF9keP3XyBj8GN.jpg,640,512,other,unknown,WXTMrJkrK8BMoMkxk,True,2
train,1919,data/video-WXTMrJkrK8BMoMkxk-frame-001909-dNAXHGrWQ4qezomxe.jpg,640,512,parking_lot,unknown,WXTMrJkrK8BMoMkxk,True,1
train,1920,data/video-WXTMrJkrK8BMoMkxk-frame-001919-rkvgRQRDm42DHL8cW.jpg,640,512,parking_lot,unknown,WXTMrJkrK8BMoMkxk,True,1
train,1921,data/video-WXTMrJkrK8BMoMkxk-frame-001929-yTp3ciET8kzn93Zp7.jpg,640,512,parking_lot,unknown,WXTMrJkrK8BMoMkxk,True,1
train,1922,data/video-WXTMrJkrK8BMoMkxk-frame-001939-pRMiRF35NKBv2kejs.jpg,640,512,other,unknown,WXTMrJkrK8BMoMkxk,True,1
train,1926,data/video-WXTMrJkrK8BMoMkxk-frame-001979-AmzZcstT4aRhh43WE.jpg,640,512,city_street,unknown,WXTMrJkrK8BMoMkxk,True,3
train,1927,data/video-WXTMrJkrK8BMoMkxk-frame-001989-HhMDgoYqCLLHFxS4B.jpg,640,512,parking_lot,unknown,WXTMrJkrK8BMoMkxk,True,3
train,1928,data/video-WXTMrJkrK8BMoMkxk-frame-001999-NPkAYpXRGXqEyopeh.jpg,640,512,parking_lot,unknown,WXTMrJkrK8BMoMkxk,True,3
train,1929,data/video-WXTMrJkrK8BMoMkxk-frame-002009-d5hjn4dAf5CYjQynk.jpg,640,512,city_street,unknown,WXTMrJkrK8BMoMkxk,True,3
train,1930,data/video-WXTMrJkrK8BMoMkxk-frame-002019-z3p9hxSNAA8WfQG5u.jpg,640,512,parking_lot,unknown,WXTMrJkrK8BMoMkxk,True,1
train,1931,data/video-WXTMrJkrK8BMoMkxk-frame-002029-AcKbHicqtLo7nxJvN.jpg,640,512,parking_lot,unknown,WXTMrJkrK8BMoMkxk,True,1
train,1932,data/video-WXTMrJkrK8BMoMkxk-frame-002039-YRbu8ZBXz5b64oENz.jpg,640,512,parking_lot,unknown,WXTMrJkrK8BMoMkxk,True,1
train,1933,data/video-WXTMrJkrK8BMoMkxk-frame-002049-xNiitFofLnQ37k7bZ.jpg,640,512,parking_lot,unknown,WXTMrJkrK8BMoMkxk,True,1
train,1934,data/video-WXTMrJkrK8BMoMkxk-frame-002059-vFYfsWMDN8iKpkJmh.jpg,640,512,parking_lot,unknown,WXTMrJkrK8BMoMkxk,True,2
train,1935,data/video-WXTMrJkrK8BMoMkxk-frame-002069-oWgbY7TMjGj9MWXxv.jpg,640,512,parking_lot,unknown,WXTMrJkrK8BMoMkxk,True,1
train,1936,data/video-WXTMrJkrK8BMoMkxk-frame-002079-7ZhsAYqmvyZHWuqaP.jpg,640,512,parking_lot,unknown,WXTMrJkrK8BMoMkxk,True,4
train,1937,data/video-WXTMrJkrK8BMoMkxk-frame-002089-e2KHnoaPnD5aC25jc.jpg,640,512,parking_lot,unknown,WXTMrJkrK8BMoMkxk,True,3
train,1938,data/video-WXTMrJkrK8BMoMkxk-frame-002099-7eEuSCPKX9ZLmRxgp.jpg,640,512,parking_lot,unknown,WXTMrJkrK8BMoMkxk,True,1
train,1939,data/video-WXTMrJkrK8BMoMkxk-frame-002109-xgvn4hsfg9bif5sB2.jpg,640,512,parking_lot,unknown,WXTMrJkrK8BMoMkxk,True,1
train,1940,data/video-WXTMrJkrK8BMoMkxk-frame-002119-Sk8JnSNWvcDs34j2Z.jpg,640,512,parking_lot,unknown,WXTMrJkrK8BMoMkxk,True,1
train,2078,data/video-ZicHYAPRYGdu82nAa-frame-000000-8giQaaikncGpe9Lan.jpg,640,512,city_street,unknown,ZicHYAPRYGdu82nAa,False,0
train,2079,data/video-ZicHYAPRYGdu82nAa-frame-000300-tb66do7ictdoLKAQF.jpg,640,512,city_street,unknown,ZicHYAPRYGdu82nAa,True,2
train,2080,data/video-ZicHYAPRYGdu82nAa-frame-000600-wBfRNRuNfy7esDtMW.jpg,640,512,city_street,unknown,ZicHYAPRYGdu82nAa,False,0
train,2081,data/video-ZicHYAPRYGdu82nAa-frame-000900-BFivnKzpvGMQC6w8o.jpg,640,512,residential,unknown,ZicHYAPRYGdu82nAa,False,0
train,2104,data/video-ZicHYAPRYGdu82nAa-frame-001837-GHSA6SWZGjoyrBBuz.jpg,640,512,city_street,unknown,ZicHYAPRYGdu82nAa,True,6
train,2106,data/video-ZicHYAPRYGdu82nAa-frame-001867-4Xxf8zLwfwEhpW56a.jpg,640,512,city_street,unknown,ZicHYAPRYGdu82nAa,True,9
train,2107,data/video-ZicHYAPRYGdu82nAa-frame-001882-FdGT8XK6RYFZPJ5qt.jpg,640,512,city_street,unknown,ZicHYAPRYGdu82nAa,True,9
train,2108,data/video-ZicHYAPRYGdu82nAa-frame-001897-g7HFaXZARhfSEfXFb.jpg,640,512,city_street,unknown,ZicHYAPRYGdu82nAa,True,13
train,2109,data/video-ZicHYAPRYGdu82nAa-frame-001912-x9YviHBfWd9xyHhzD.jpg,640,512,city_street,unknown,ZicHYAPRYGdu82nAa,True,14
train,2110,data/video-ZicHYAPRYGdu82nAa-frame-001927-im6tiZwtevvDxxYgj.jpg,640,512,city_street,unknown,ZicHYAPRYGdu82nAa,True,4
train,2111,data/video-ZicHYAPRYGdu82nAa-frame-001942-qNH6ZRBnJNqiHvEsP.jpg,640,512,city_street,unknown,ZicHYAPRYGdu82nAa,True,7
train,2112,data/video-ZicHYAPRYGdu82nAa-frame-001957-FMJSZMgYEHzCanSnX.jpg,640,512,city_street,unknown,ZicHYAPRYGdu82nAa,True,5
train,2113,data/video-ZicHYAPRYGdu82nAa-frame-001972-FPiepAzHz4LDYqWss.jpg,640,512,city_street,unknown,ZicHYAPRYGdu82nAa,True,5
train,2115,data/video-ZicHYAPRYGdu82nAa-frame-002002-mWzzX6y3mCWtXNktw.jpg,640,512,city_street,unknown,ZicHYAPRYGdu82nAa,True,6
train,2116,data/video-ZicHYAPRYGdu82nAa-frame-002017-yZhYMcTQjHkg64dGx.jpg,640,512,city_street,unknown,ZicHYAPRYGdu82nAa,True,6
train,2117,data/video-ZicHYAPRYGdu82nAa-frame-002032-vudrjgSQH6sHHRjCs.jpg,640,512,city_street,unknown,ZicHYAPRYGdu82nAa,True,5
train,2118,data/video-ZicHYAPRYGdu82nAa-frame-002047-NdgDFtNT9adWfxE7D.jpg,640,512,city_street,unknown,ZicHYAPRYGdu82nAa,True,3
train,2119,data/video-ZicHYAPRYGdu82nAa-frame-002062-CtdL6ydtG8GeCBZsf.jpg,640,512,residential,unknown,ZicHYAPRYGdu82nAa,True,5
train,2120,data/video-ZicHYAPRYGdu82nAa-frame-002169-6asJgdJLRxf2TaD2q.jpg,640,512,city_street,unknown,ZicHYAPRYGdu82nAa,True,15
train,2125,data/video-ZicHYAPRYGdu82nAa-frame-002244-yWoTdKcaGCi3mqszD.jpg,640,512,residential,unknown,ZicHYAPRYGdu82nAa,True,14
train,2128,data/video-ZicHYAPRYGdu82nAa-frame-002289-yidqbCMx6x35o8nSn.jpg,640,512,city_street,unknown,ZicHYAPRYGdu82nAa,True,12
train,2129,data/video-ZicHYAPRYGdu82nAa-frame-002304-BZMYmevb62PT4bYb6.jpg,640,512,city_street,unknown,ZicHYAPRYGdu82nAa,True,7
train,2139,data/video-ZicHYAPRYGdu82nAa-frame-002454-rndTRGzquxzEinJER.jpg,640,512,city_street,unknown,ZicHYAPRYGdu82nAa,True,17
train,2141,data/video-ZicHYAPRYGdu82nAa-frame-002484-iFbSHagzzKcwRQ5cM.jpg,640,512,city_street,unknown,ZicHYAPRYGdu82nAa,True,15
train,2142,data/video-ZicHYAPRYGdu82nAa-frame-002499-G25JEB3AZrRqMRnNE.jpg,640,512,city_street,unknown,ZicHYAPRYGdu82nAa,True,18
train,2143,data/video-ZicHYAPRYGdu82nAa-frame-002514-dwBfnyz2whBGt59Ch.jpg,640,512,city_street,unknown,ZicHYAPRYGdu82nAa,True,15
train,2144,data/video-ZicHYAPRYGdu82nAa-frame-002529-pRYa4viEDWcK3EcWx.jpg,640,512,city_street,unknown,ZicHYAPRYGdu82nAa,True,14
train,2145,data/video-ZicHYAPRYGdu82nAa-frame-002544-gPg27RJpoGuegkQba.jpg,640,512,city_street,unknown,ZicHYAPRYGdu82nAa,True,14
train,2146,data/video-ZicHYAPRYGdu82nAa-frame-002559-nDrhGKM9iBokFoHay.jpg,640,512,city_street,unknown,ZicHYAPRYGdu82nAa,True,13
train,2147,data/video-ZicHYAPRYGdu82nAa-frame-002574-B6XPDY2jiPZKofHx2.jpg,640,512,city_street,unknown,ZicHYAPRYGdu82nAa,True,12
train,2148,data/video-ZicHYAPRYGdu82nAa-frame-002589-ihLjG8TiBq4SWJwXd.jpg,640,512,city_street,unknown,ZicHYAPRYGdu82nAa,True,14
train,2149,data/video-ZicHYAPRYGdu82nAa-frame-002604-wwvhnNbQR9FHjQim7.jpg,640,512,city_street,unknown,ZicHYAPRYGdu82nAa,True,15
train,2150,data/video-ZicHYAPRYGdu82nAa-frame-002619-WKRBTGv7pgEPneQEn.jpg,640,512,city_street,unknown,ZicHYAPRYGdu82nAa,True,11
train,2151,data/video-ZicHYAPRYGdu82nAa-frame-002634-kXYCn47SCwuheTeER.jpg,640,512,city_street,unknown,ZicHYAPRYGdu82nAa,True,9
train,2152,data/video-ZicHYAPRYGdu82nAa-frame-002649-5c2QBP3ovfryTg9Q7.jpg,640,512,city_street,unknown,ZicHYAPRYGdu82nAa,True,5
train,2153,data/video-ZicHYAPRYGdu82nAa-frame-002664-ehMfib6xBAQGoYn93.jpg,640,512,city_street,unknown,ZicHYAPRYGdu82nAa,True,10
train,2154,data/video-ZicHYAPRYGdu82nAa-frame-002679-SKHBoaHS9WaiCqNHG.jpg,640,512,city_street,unknown,ZicHYAPRYGdu82nAa,True,8
train,2155,data/video-ZicHYAPRYGdu82nAa-frame-002694-e29RePwSWSKeatqEb.jpg,640,512,city_street,unknown,ZicHYAPRYGdu82nAa,True,10
train,2158,data/video-ZicHYAPRYGdu82nAa-frame-002739-B2GZkjrLkquETup9D.jpg,640,512,city_street,unknown,ZicHYAPRYGdu82nAa,True,9
train,2162,data/video-ZicHYAPRYGdu82nAa-frame-002873-WQyybdpARoHxcY5eQ.jpg,640,512,city_street,unknown,ZicHYAPRYGdu82nAa,True,4
train,2163,data/video-ZicHYAPRYGdu82nAa-frame-002888-sB4CK9jCeWbjEYnmH.jpg,640,512,city_street,unknown,ZicHYAPRYGdu82nAa,True,6
train,2164,data/video-ZicHYAPRYGdu82nAa-frame-002903-G2yyNvKyRHRL8agJx.jpg,640,512,city_street,unknown,ZicHYAPRYGdu82nAa,True,5
train,2165,data/video-ZicHYAPRYGdu82nAa-frame-002918-QtSNMBioC9ZfiWdGX.jpg,640,512,city_street,unknown,ZicHYAPRYGdu82nAa,True,4
train,2166,data/video-ZicHYAPRYGdu82nAa-frame-002933-cvHqmbaHjGjJg9qSi.jpg,640,512,city_street,unknown,ZicHYAPRYGdu82nAa,True,4
train,2167,data/video-ZicHYAPRYGdu82nAa-frame-002948-Q5bM2YDMH72hWvNRW.jpg,640,512,city_street,unknown,ZicHYAPRYGdu82nAa,True,5
train,2168,data/video-ZicHYAPRYGdu82nAa-frame-002963-CA6SF44C4iNWAKecd.jpg,640,512,city_street,unknown,ZicHYAPRYGdu82nAa,True,5
train,2169,data/video-ZicHYAPRYGdu82nAa-frame-002978-3oX9SpX7XZCrTteTn.jpg,640,512,city_street,unknown,ZicHYAPRYGdu82nAa,True,5
train,2170,data/video-ZicHYAPRYGdu82nAa-frame-002993-kHZyZdZEwRCXLcgyZ.jpg,640,512,city_street,unknown,ZicHYAPRYGdu82nAa,True,4
train,2171,data/video-ZicHYAPRYGdu82nAa-frame-003008-M9tCojipsBMHZoMcj.jpg,640,512,city_street,unknown,ZicHYAPRYGdu82nAa,True,4
train,2172,data/video-ZicHYAPRYGdu82nAa-frame-003023-wCP6b34eA26Pk36q7.jpg,640,512,city_street,unknown,ZicHYAPRYGdu82nAa,False,0
train,2173,data/video-ZicHYAPRYGdu82nAa-frame-003038-kAeHof6ZY6NLhwvym.jpg,640,512,city_street,unknown,ZicHYAPRYGdu82nAa,True,4
train,2174,data/video-ZicHYAPRYGdu82nAa-frame-003053-oZF3W9tdmahiajkdG.jpg,640,512,city_street,unknown,ZicHYAPRYGdu82nAa,True,4
train,2175,data/video-ZicHYAPRYGdu82nAa-frame-003261-wGx5M7vMbdS3yXrxK.jpg,640,512,city_street,unknown,ZicHYAPRYGdu82nAa,True,9
train,2197,data/video-ZicHYAPRYGdu82nAa-frame-003591-862DbsSDx3DkQPH7z.jpg,640,512,city_street,unknown,ZicHYAPRYGdu82nAa,True,6
train,2198,data/video-ZicHYAPRYGdu82nAa-frame-003606-5fGTmcYhqNC77soFv.jpg,640,512,city_street,unknown,ZicHYAPRYGdu82nAa,True,4
train,2199,data/video-ZicHYAPRYGdu82nAa-frame-003621-EhtQW8hZyhWnZMrR3.jpg,640,512,city_street,unknown,ZicHYAPRYGdu82nAa,True,3
train,2200,data/video-ZicHYAPRYGdu82nAa-frame-003701-foZcEyiJ8nC3u3k4h.jpg,640,512,city_street,unknown,ZicHYAPRYGdu82nAa,True,11
train,2201,data/video-ZicHYAPRYGdu82nAa-frame-003716-xyv9BeZ79rW9PgKcq.jpg,640,512,city_street,unknown,ZicHYAPRYGdu82nAa,True,12
train,2202,data/video-ZicHYAPRYGdu82nAa-frame-003731-GTFPMfP32LShjxGXu.jpg,640,512,city_street,unknown,ZicHYAPRYGdu82nAa,True,9
train,2203,data/video-ZicHYAPRYGdu82nAa-frame-003746-rEkKWmkpNE36LyojP.jpg,640,512,city_street,unknown,ZicHYAPRYGdu82nAa,True,9
train,2204,data/video-ZicHYAPRYGdu82nAa-frame-003761-zHsjrrGNtdTgiTe4D.jpg,640,512,city_street,unknown,ZicHYAPRYGdu82nAa,True,7
train,2205,data/video-ZicHYAPRYGdu82nAa-frame-003776-d9dSEseRsCJn2YJpe.jpg,640,512,city_street,unknown,ZicHYAPRYGdu82nAa,True,7
train,2206,data/video-ZicHYAPRYGdu82nAa-frame-003791-cp4mhGnEWNx6JtHDS.jpg,640,512,city_street,unknown,ZicHYAPRYGdu82nAa,True,9
train,2207,data/video-ZicHYAPRYGdu82nAa-frame-003806-FZ29xuzrd9Xn7ZMEb.jpg,640,512,city_street,unknown,ZicHYAPRYGdu82nAa,True,9
train,2208,data/video-ZicHYAPRYGdu82nAa-frame-003821-D6CHRAp8ALtJJjfv3.jpg,640,512,city_street,unknown,ZicHYAPRYGdu82nAa,True,11
train,2209,data/video-ZicHYAPRYGdu82nAa-frame-003836-Bpz4qYjQsiuKEMuK2.jpg,640,512,city_street,unknown,ZicHYAPRYGdu82nAa,True,14
train,2210,data/video-ZicHYAPRYGdu82nAa-frame-003851-T9Td3rgJhQxRSPX9R.jpg,640,512,city_street,unknown,ZicHYAPRYGdu82nAa,True,6
train,2597,data/video-dpPsuZToLaq9myAK8-frame-004989-R9k8XPG4z5iN7g3cb.jpg,640,512,parking_lot,unknown,dpPsuZToLaq9myAK8,True,6
train,2598,data/video-dpPsuZToLaq9myAK8-frame-005004-YK7ohA2gMWE5CnthB.jpg,640,512,parking_lot,unknown,dpPsuZToLaq9myAK8,True,8
train,2599,data/video-dpPsuZToLaq9myAK8-frame-005019-jMfBxaokSfrucQb5P.jpg,640,512,parking_lot,unknown,dpPsuZToLaq9myAK8,True,8
train,2600,data/video-dpPsuZToLaq9myAK8-frame-005034-Qsj9XKSfZtFXTCuWo.jpg,640,512,parking_lot,unknown,dpPsuZToLaq9myAK8,True,8
train,2601,data/video-dpPsuZToLaq9myAK8-frame-005049-CYR7fP9CZfn9kdrAX.jpg,640,512,parking_lot,unknown,dpPsuZToLaq9myAK8,True,7
train,2602,data/video-dpPsuZToLaq9myAK8-frame-005064-TkJRWbxsKPepka5oH.jpg,640,512,parking_lot,unknown,dpPsuZToLaq9myAK8,True,6
train,2603,data/video-dpPsuZToLaq9myAK8-frame-005079-sCAkZ9mGgX3BGRXZf.jpg,640,512,parking_lot,unknown,dpPsuZToLaq9myAK8,True,6
train,2641,data/video-dpPsuZToLaq9myAK8-frame-006781-AbkEoqJi2CM4noAsr.jpg,640,512,residential,unknown,dpPsuZToLaq9myAK8,True,1
train,2856,data/video-iS9cAu6Ms3CXQtY92-frame-000018-NnsBArqGGAXG9vPPv.jpg,640,512,other,unknown,iS9cAu6Ms3CXQtY92,False,0
train,2860,data/video-iS9cAu6Ms3CXQtY92-frame-000070-jh8mj4guH7yYYsJSM.jpg,640,512,residential,unknown,iS9cAu6Ms3CXQtY92,False,0
train,2861,data/video-iS9cAu6Ms3CXQtY92-frame-000370-R2C94fRDGQFZKPNzD.jpg,640,512,residential,unknown,iS9cAu6Ms3CXQtY92,False,0
train,2862,data/video-iS9cAu6Ms3CXQtY92-frame-000670-ayG34jWHJqXaDLwmb.jpg,640,512,residential,unknown,iS9cAu6Ms3CXQtY92,False,0
train,2863,data/video-iS9cAu6Ms3CXQtY92-frame-000970-N2yefuxhctGjiH2g3.jpg,640,512,residential,unknown,iS9cAu6Ms3CXQtY92,False,0
train,2864,data/video-iS9cAu6Ms3CXQtY92-frame-001270-G94NgqCJqJHZbqwdn.jpg,640,512,highway,unknown,iS9cAu6Ms3CXQtY92,False,0
train,2865,data/video-iS9cAu6Ms3CXQtY92-frame-001570-ReYASoeCb4bpZScyt.jpg,640,512,highway,unknown,iS9cAu6Ms3CXQtY92,False,0
train,2866,data/video-iS9cAu6Ms3CXQtY92-frame-001870-dAve2hd5kCJa6Y6FK.jpg,640,512,highway,unknown,iS9cAu6Ms3CXQtY92,False,0
train,2867,data/video-iS9cAu6Ms3CXQtY92-frame-002170-ujQv2jdMbnwbTrXN3.jpg,640,512,highway,unknown,iS9cAu6Ms3CXQtY92,False,0
train,2871,data/video-iS9cAu6Ms3CXQtY92-frame-002494-3XWKtNHFGEZxGgQs2.jpg,640,512,city_street,unknown,iS9cAu6Ms3CXQtY92,True,1
train,2872,data/video-iS9cAu6Ms3CXQtY92-frame-002509-2XrN7yaPdJFrPe4GG.jpg,640,512,city_street,unknown,iS9cAu6Ms3CXQtY92,True,1
train,2874,data/video-iS9cAu6Ms3CXQtY92-frame-002539-S9kY65x3XvWBiGuAM.jpg,640,512,city_street,unknown,iS9cAu6Ms3CXQtY92,True,1
train,2875,data/video-iS9cAu6Ms3CXQtY92-frame-002554-tTwNiwTD7rEnKy6nD.jpg,640,512,city_street,unknown,iS9cAu6Ms3CXQtY92,True,1
train,2876,data/video-iS9cAu6Ms3CXQtY92-frame-002569-K2RaoMDEnAqtWYH76.jpg,640,512,city_street,unknown,iS9cAu6Ms3CXQtY92,True,1
train,2877,data/video-iS9cAu6Ms3CXQtY92-frame-002649-CMPQa2PKPjoS5XCbk.jpg,640,512,city_street,unknown,iS9cAu6Ms3CXQtY92,False,0
train,2878,data/video-iS9cAu6Ms3CXQtY92-frame-002725-PCeNnof5e5wB8SEGE.jpg,640,512,city_street,unknown,iS9cAu6Ms3CXQtY92,True,3
train,2879,data/video-iS9cAu6Ms3CXQtY92-frame-002740-kpSKz3sdQsvShNLac.jpg,640,512,city_street,unknown,iS9cAu6Ms3CXQtY92,True,3
train,2892,data/video-iS9cAu6Ms3CXQtY92-frame-002935-tvFgyHgpBNoNp5fmQ.jpg,640,512,highway,unknown,iS9cAu6Ms3CXQtY92,True,1
train,2893,data/video-iS9cAu6Ms3CXQtY92-frame-002938-A6ZCyr8zdd2iawpXi.jpg,640,512,highway,unknown,iS9cAu6Ms3CXQtY92,False,0
train,2894,data/video-iS9cAu6Ms3CXQtY92-frame-003238-CtAFkczQT2M9aSd2K.jpg,640,512,highway,unknown,iS9cAu6Ms3CXQtY92,False,0
train,3485,data/video-muKWZNM2FxQoStMQh-frame-000034-NXYfybYJgt7RNMpkh.jpg,640,512,city_street,unknown,muKWZNM2FxQoStMQh,True,2
train,3487,data/video-muKWZNM2FxQoStMQh-frame-000064-tyLgpheG27PnDMXnn.jpg,640,512,city_street,unknown,muKWZNM2FxQoStMQh,True,1
train,3491,data/video-muKWZNM2FxQoStMQh-frame-000115-vQpziStBrziEgzk9G.jpg,640,512,residential,unknown,muKWZNM2FxQoStMQh,False,0
train,3492,data/video-muKWZNM2FxQoStMQh-frame-000415-rKXWgSLXwygDjDTtM.jpg,640,512,residential,unknown,muKWZNM2FxQoStMQh,True,1
train,3500,data/video-muKWZNM2FxQoStMQh-frame-002006-meCSqtd8FbzNTGfjG.jpg,640,512,city_street,unknown,muKWZNM2FxQoStMQh,True,5
train,3501,data/video-muKWZNM2FxQoStMQh-frame-002021-7PAZ9QmfDDanxnw8j.jpg,640,512,city_street,unknown,muKWZNM2FxQoStMQh,True,4
train,3502,data/video-muKWZNM2FxQoStMQh-frame-002036-6izZWSSrP2pxF5Ai3.jpg,640,512,city_street,unknown,muKWZNM2FxQoStMQh,True,4
train,3503,data/video-muKWZNM2FxQoStMQh-frame-002051-uLaeETNGbCiWzWyTq.jpg,640,512,residential,unknown,muKWZNM2FxQoStMQh,True,2
train,3504,data/video-muKWZNM2FxQoStMQh-frame-002249-mi6ap6ZAMHtW9pqcJ.jpg,640,512,residential,unknown,muKWZNM2FxQoStMQh,False,0
train,3505,data/video-muKWZNM2FxQoStMQh-frame-002264-Zf4v9yvHQaL67ff2Z.jpg,640,512,residential,unknown,muKWZNM2FxQoStMQh,False,0
train,3506,data/video-muKWZNM2FxQoStMQh-frame-002279-2Ga7xYTRK7eBCwwD2.jpg,640,512,residential,unknown,muKWZNM2FxQoStMQh,False,0
train,3510,data/video-muKWZNM2FxQoStMQh-frame-002339-KyPNgYFkNPnDNXxTK.jpg,640,512,city_street,unknown,muKWZNM2FxQoStMQh,True,1
train,4064,data/video-r68Yr9RPWEp5fW2ZF-frame-000163-EFW7TmAK5PM827QSL.jpg,640,512,city_street,unknown,r68Yr9RPWEp5fW2ZF,True,2
train,4065,data/video-r68Yr9RPWEp5fW2ZF-frame-000173-3mPTwiEsMmp9hmx68.jpg,640,512,city_street,unknown,r68Yr9RPWEp5fW2ZF,True,4
train,4066,data/video-r68Yr9RPWEp5fW2ZF-frame-000183-buzr3ubaPKoNPM4bF.jpg,640,512,city_street,unknown,r68Yr9RPWEp5fW2ZF,True,5
train,4067,data/video-r68Yr9RPWEp5fW2ZF-frame-000193-sWxkgAYxtmyPtJigW.jpg,640,512,city_street,unknown,r68Yr9RPWEp5fW2ZF,True,4
train,4068,data/video-r68Yr9RPWEp5fW2ZF-frame-000203-JeaaZYN3fjowk6Fh3.jpg,640,512,city_street,unknown,r68Yr9RPWEp5fW2ZF,True,4
train,4069,data/video-r68Yr9RPWEp5fW2ZF-frame-000213-Nx5FCkyh2Y4r7B9C2.jpg,640,512,city_street,unknown,r68Yr9RPWEp5fW2ZF,True,3
train,4070,data/video-r68Yr9RPWEp5fW2ZF-frame-000223-gSfLnuk7F2SituMYQ.jpg,640,512,city_street,unknown,r68Yr9RPWEp5fW2ZF,True,2
train,4077,data/video-r68Yr9RPWEp5fW2ZF-frame-000293-bYfKQXaHECvTW4t3J.jpg,640,512,city_street,unknown,r68Yr9RPWEp5fW2ZF,True,3
train,4079,data/video-r68Yr9RPWEp5fW2ZF-frame-000313-Cxhuuc8xaMsd5BZHL.jpg,640,512,city_street,unknown,r68Yr9RPWEp5fW2ZF,True,4
train,4081,data/video-r68Yr9RPWEp5fW2ZF-frame-000333-X6K5iopqbmjKEsSqN.jpg,640,512,city_street,unknown,r68Yr9RPWEp5fW2ZF,True,5
train,4082,data/video-r68Yr9RPWEp5fW2ZF-frame-000343-HPmxExALSDLwLudqu.jpg,640,512,city_street,unknown,r68Yr9RPWEp5fW2ZF,True,3
train,4083,data/video-r68Yr9RPWEp5fW2ZF-frame-000353-6zdRfMiFJqfBbPXLr.jpg,640,512,city_street,unknown,r68Yr9RPWEp5fW2ZF,True,2
train,4084,data/video-r68Yr9RPWEp5fW2ZF-frame-000363-2E3ivKz3TJkdZ8LWF.jpg,640,512,city_street,unknown,r68Yr9RPWEp5fW2ZF,True,3
train,4085,data/video-r68Yr9RPWEp5fW2ZF-frame-000373-GqgfaSxZYNcwdQB9M.jpg,640,512,city_street,unknown,r68Yr9RPWEp5fW2ZF,True,3
train,4087,data/video-r68Yr9RPWEp5fW2ZF-frame-000393-s8CgMjE9tNRsXsTck.jpg,640,512,city_street,unknown,r68Yr9RPWEp5fW2ZF,True,3
train,4088,data/video-r68Yr9RPWEp5fW2ZF-frame-000403-56eFTMsNTi8yxZggp.jpg,640,512,city_street,unknown,r68Yr9RPWEp5fW2ZF,False,0
train,4089,data/video-r68Yr9RPWEp5fW2ZF-frame-000413-HoXB5Cd6awCyDjtcn.jpg,640,512,city_street,unknown,r68Yr9RPWEp5fW2ZF,False,0
train,4090,data/video-r68Yr9RPWEp5fW2ZF-frame-000423-HSCPTXkv8KYrSE6Ag.jpg,640,512,city_street,unknown,r68Yr9RPWEp5fW2ZF,False,0
train,4091,data/video-r68Yr9RPWEp5fW2ZF-frame-000433-yWkAE9PcuACgzyEZm.jpg,640,512,city_street,unknown,r68Yr9RPWEp5fW2ZF,False,0
train,4098,data/video-r68Yr9RPWEp5fW2ZF-frame-001546-3XjFh5cmSjMW79XbC.jpg,640,512,city_street,unknown,r68Yr9RPWEp5fW2ZF,True,16
train,4099,data/video-r68Yr9RPWEp5fW2ZF-frame-001556-JmnqRdZhgpZSMbWFb.jpg,640,512,city_street,unknown,r68Yr9RPWEp5fW2ZF,True,15
train,4101,data/video-r68Yr9RPWEp5fW2ZF-frame-001576-GeDeHqdngaYnfxQai.jpg,640,512,city_street,unknown,r68Yr9RPWEp5fW2ZF,True,16
train,4102,data/video-r68Yr9RPWEp5fW2ZF-frame-001586-efnEvdWiZrGTFbrtR.jpg,640,512,city_street,unknown,r68Yr9RPWEp5fW2ZF,True,16
train,4103,data/video-r68Yr9RPWEp5fW2ZF-frame-001596-deBAwGH5sgEFduu2i.jpg,640,512,city_street,unknown,r68Yr9RPWEp5fW2ZF,True,10
train,4104,data/video-r68Yr9RPWEp5fW2ZF-frame-001606-uDnKpWfYqdx8HpqZR.jpg,640,512,city_street,unknown,r68Yr9RPWEp5fW2ZF,True,7
train,4105,data/video-r68Yr9RPWEp5fW2ZF-frame-001616-TZBQe8TNCPNZ8bod3.jpg,640,512,city_street,unknown,r68Yr9RPWEp5fW2ZF,True,7
train,4106,data/video-r68Yr9RPWEp5fW2ZF-frame-001626-KGi5RMhrkxkrDKZ7R.jpg,640,512,city_street,unknown,r68Yr9RPWEp5fW2ZF,True,5
train,4107,data/video-r68Yr9RPWEp5fW2ZF-frame-001636-D7AdXmsNdMmYd4Fua.jpg,640,512,city_street,unknown,r68Yr9RPWEp5fW2ZF,True,5
train,4108,data/video-r68Yr9RPWEp5fW2ZF-frame-001646-QDfGN8sYH85TutNXC.jpg,640,512,city_street,unknown,r68Yr9RPWEp5fW2ZF,True,8
train,4109,data/video-r68Yr9RPWEp5fW2ZF-frame-001656-f85not5NsYFnRo7JW.jpg,640,512,city_street,unknown,r68Yr9RPWEp5fW2ZF,True,5
train,4110,data/video-r68Yr9RPWEp5fW2ZF-frame-001666-57Ymcy2qnNkgkkJvc.jpg,640,512,city_street,unknown,r68Yr9RPWEp5fW2ZF,True,10
train,4111,data/video-r68Yr9RPWEp5fW2ZF-frame-001676-qqS4KkdYwJxxWhvkd.jpg,640,512,city_street,unknown,r68Yr9RPWEp5fW2ZF,True,12
train,4112,data/video-r68Yr9RPWEp5fW2ZF-frame-001686-BciSonQiAgTMPwzpH.jpg,640,512,city_street,unknown,r68Yr9RPWEp5fW2ZF,True,10
train,4113,data/video-r68Yr9RPWEp5fW2ZF-frame-001696-pGLvenQFRX3xWXL5H.jpg,640,512,city_street,unknown,r68Yr9RPWEp5fW2ZF,True,7
train,4114,data/video-r68Yr9RPWEp5fW2ZF-frame-001736-dE5eRNpWpCyNfMmHx.jpg,640,512,city_street,unknown,r68Yr9RPWEp5fW2ZF,True,11
train,4115,data/video-r68Yr9RPWEp5fW2ZF-frame-001756-6PLkKFmwopvpp9xom.jpg,640,512,city_street,unknown,r68Yr9RPWEp5fW2ZF,True,10
train,4116,data/video-r68Yr9RPWEp5fW2ZF-frame-001766-QtuPdpvdyFnhxGaeC.jpg,640,512,city_street,unknown,r68Yr9RPWEp5fW2ZF,True,7
train,4117,data/video-r68Yr9RPWEp5fW2ZF-frame-001776-HjNvsox3NN6YsHBZy.jpg,640,512,city_street,unknown,r68Yr9RPWEp5fW2ZF,True,5
train,4118,data/video-r68Yr9RPWEp5fW2ZF-frame-001786-FsHiK3v8Z8EHdgWeJ.jpg,640,512,city_street,unknown,r68Yr9RPWEp5fW2ZF,True,7
train,4119,data/video-r68Yr9RPWEp5fW2ZF-frame-001806-XMFYW6wk2f7kxJfDC.jpg,640,512,city_street,unknown,r68Yr9RPWEp5fW2ZF,True,6
train,4120,data/video-r68Yr9RPWEp5fW2ZF-frame-001816-7JDfmBKxKKmonvwFy.jpg,640,512,city_street,unknown,r68Yr9RPWEp5fW2ZF,True,4
train,4121,data/video-r68Yr9RPWEp5fW2ZF-frame-001836-C2ovwh3w3vffQPxCp.jpg,640,512,city_street,unknown,r68Yr9RPWEp5fW2ZF,True,1
train,4122,data/video-r68Yr9RPWEp5fW2ZF-frame-001846-c354HxErAW5jWaAa9.jpg,640,512,city_street,unknown,r68Yr9RPWEp5fW2ZF,True,2
train,4123,data/video-r68Yr9RPWEp5fW2ZF-frame-001876-cGkQib4K3zvAXKd6Z.jpg,640,512,city_street,unknown,r68Yr9RPWEp5fW2ZF,True,3
train,4124,data/video-r68Yr9RPWEp5fW2ZF-frame-001956-QRAzGSvSKgySX7MAx.jpg,640,512,city_street,unknown,r68Yr9RPWEp5fW2ZF,True,8
train,4131,data/video-r68Yr9RPWEp5fW2ZF-frame-002046-Pd5ELg27CXgoevhbt.jpg,640,512,city_street,unknown,r68Yr9RPWEp5fW2ZF,True,12
train,4133,data/video-r68Yr9RPWEp5fW2ZF-frame-002066-bhwRJkieZX2oSrzfj.jpg,640,512,city_street,unknown,r68Yr9RPWEp5fW2ZF,True,14
train,4134,data/video-r68Yr9RPWEp5fW2ZF-frame-002076-QpJgzw9o8LvzLwEsT.jpg,640,512,city_street,unknown,r68Yr9RPWEp5fW2ZF,True,16
train,4135,data/video-r68Yr9RPWEp5fW2ZF-frame-002086-oxBCBF33rBohwWjsq.jpg,640,512,city_street,unknown,r68Yr9RPWEp5fW2ZF,True,11
train,4136,data/video-r68Yr9RPWEp5fW2ZF-frame-002096-4f2j4pkt7HzfJue4P.jpg,640,512,city_street,unknown,r68Yr9RPWEp5fW2ZF,True,17
train,4137,data/video-r68Yr9RPWEp5fW2ZF-frame-002106-QueXuyzbuPdkXFPE9.jpg,640,512,city_street,unknown,r68Yr9RPWEp5fW2ZF,True,14
train,4138,data/video-r68Yr9RPWEp5fW2ZF-frame-002156-P2p7xBfEAq5ivrcm9.jpg,640,512,city_street,unknown,r68Yr9RPWEp5fW2ZF,True,14
train,4139,data/video-r68Yr9RPWEp5fW2ZF-frame-002166-xEGD5DzjPn8u9QjKo.jpg,640,512,city_street,unknown,r68Yr9RPWEp5fW2ZF,True,16
train,4140,data/video-r68Yr9RPWEp5fW2ZF-frame-002216-GJFaXhJyWDfWytDXd.jpg,640,512,city_street,unknown,r68Yr9RPWEp5fW2ZF,True,11
train,4141,data/video-r68Yr9RPWEp5fW2ZF-frame-002256-ueGv643MfuGsqY9bq.jpg,640,512,city_street,unknown,r68Yr9RPWEp5fW2ZF,True,11
train,4142,data/video-r68Yr9RPWEp5fW2ZF-frame-002266-JF2HMQzsHqZv5wyfd.jpg,640,512,city_street,unknown,r68Yr9RPWEp5fW2ZF,True,11
train,4143,data/video-r68Yr9RPWEp5fW2ZF-frame-002276-JZGjSAurWGcRimRMj.jpg,640,512,city_street,unknown,r68Yr9RPWEp5fW2ZF,True,6
train,4144,data/video-r68Yr9RPWEp5fW2ZF-frame-002286-7t3pXXNg9um2wqRRG.jpg,640,512,city_street,unknown,r68Yr9RPWEp5fW2ZF,True,5
train,4145,data/video-r68Yr9RPWEp5fW2ZF-frame-002296-enZu8aEo4zj5gxxET.jpg,640,512,city_street,unknown,r68Yr9RPWEp5fW2ZF,True,8
train,4146,data/video-r68Yr9RPWEp5fW2ZF-frame-002356-3CjraL97WCtsM6SmH.jpg,640,512,city_street,unknown,r68Yr9RPWEp5fW2ZF,True,8
train,4147,data/video-r68Yr9RPWEp5fW2ZF-frame-002366-5CwuHdR9hmphRESYA.jpg,640,512,city_street,unknown,r68Yr9RPWEp5fW2ZF,True,12
train,4148,data/video-r68Yr9RPWEp5fW2ZF-frame-002376-kQYibkpKzMxThDdME.jpg,640,512,city_street,unknown,r68Yr9RPWEp5fW2ZF,True,9
train,4149,data/video-r68Yr9RPWEp5fW2ZF-frame-002386-zPT9kMRv5tm5EauTg.jpg,640,512,city_street,unknown,r68Yr9RPWEp5fW2ZF,True,12
train,4150,data/video-r68Yr9RPWEp5fW2ZF-frame-002396-B99X6ZunahnRuuykg.jpg,640,512,city_street,unknown,r68Yr9RPWEp5fW2ZF,True,14
train,4151,data/video-r68Yr9RPWEp5fW2ZF-frame-002406-a5Hwed2cXZYLZeF6X.jpg,640,512,city_street,unknown,r68Yr9RPWEp5fW2ZF,True,12
train,4152,data/video-r68Yr9RPWEp5fW2ZF-frame-002416-SW9NCi27XhuqAKrTS.jpg,640,512,city_street,unknown,r68Yr9RPWEp5fW2ZF,True,12
train,4153,data/video-r68Yr9RPWEp5fW2ZF-frame-002426-gzs7rYmspywDdfZPf.jpg,640,512,city_street,unknown,r68Yr9RPWEp5fW2ZF,True,10
train,4154,data/video-r68Yr9RPWEp5fW2ZF-frame-002436-duqqMgSRqqb69KKhX.jpg,640,512,city_street,unknown,r68Yr9RPWEp5fW2ZF,True,9
train,4155,data/video-r68Yr9RPWEp5fW2ZF-frame-002446-hTtaE5T7vsCkQ5QA4.jpg,640,512,city_street,unknown,r68Yr9RPWEp5fW2ZF,True,15
train,4156,data/video-r68Yr9RPWEp5fW2ZF-frame-002456-qe5np8D5ncNpHzX9q.jpg,640,512,city_street,unknown,r68Yr9RPWEp5fW2ZF,True,14
train,4157,data/video-r68Yr9RPWEp5fW2ZF-frame-002466-uiBBwwHzFFuB8Ho46.jpg,640,512,city_street,unknown,r68Yr9RPWEp5fW2ZF,True,13
train,4158,data/video-r68Yr9RPWEp5fW2ZF-frame-002476-X3AYhXRrMFwsdTtq6.jpg,640,512,city_street,unknown,r68Yr9RPWEp5fW2ZF,True,11
train,4168,data/video-r68Yr9RPWEp5fW2ZF-frame-002576-bKrmTQPzi8vBNEAao.jpg,640,512,city_street,unknown,r68Yr9RPWEp5fW2ZF,True,11
train,4169,data/video-r68Yr9RPWEp5fW2ZF-frame-002586-TvNwMvAiDkK2arwob.jpg,640,512,city_street,unknown,r68Yr9RPWEp5fW2ZF,True,13
train,4170,data/video-r68Yr9RPWEp5fW2ZF-frame-002596-cemL4byFdJEhsPZN5.jpg,640,512,city_street,unknown,r68Yr9RPWEp5fW2ZF,True,15
train,4171,data/video-r68Yr9RPWEp5fW2ZF-frame-002606-SXepiv8AJEyJGubGu.jpg,640,512,city_street,unknown,r68Yr9RPWEp5fW2ZF,True,11
train,4172,data/video-r68Yr9RPWEp5fW2ZF-frame-002616-mhHQuAWAJXF3GXaRm.jpg,640,512,city_street,unknown,r68Yr9RPWEp5fW2ZF,True,13
train,4173,data/video-r68Yr9RPWEp5fW2ZF-frame-002626-FcxknvCnCxGY8Zuno.jpg,640,512,city_street,unknown,r68Yr9RPWEp5fW2ZF,True,14
train,4174,data/video-r68Yr9RPWEp5fW2ZF-frame-002636-RSYZY6wK8NTXWETQa.jpg,640,512,city_street,unknown,r68Yr9RPWEp5fW2ZF,True,16
train,4175,data/video-r68Yr9RPWEp5fW2ZF-frame-002646-DZQJBcnqSPJm7zbDH.jpg,640,512,city_street,unknown,r68Yr9RPWEp5fW2ZF,True,17
train,4176,data/video-r68Yr9RPWEp5fW2ZF-frame-002656-yy6Z9GYz9kz68w4SX.jpg,640,512,city_street,unknown,r68Yr9RPWEp5fW2ZF,True,13
train,4177,data/video-r68Yr9RPWEp5fW2ZF-frame-002666-8YCvahKtrY8eJ4uJa.jpg,640,512,city_street,unknown,r68Yr9RPWEp5fW2ZF,True,14
train,4179,data/video-r68Yr9RPWEp5fW2ZF-frame-002686-eieTKMkePqrBe4XFN.jpg,640,512,city_street,unknown,r68Yr9RPWEp5fW2ZF,True,13
train,4180,data/video-r68Yr9RPWEp5fW2ZF-frame-002696-8HK7GNRsvFe5FdZdF.jpg,640,512,city_street,unknown,r68Yr9RPWEp5fW2ZF,True,15
train,4181,data/video-r68Yr9RPWEp5fW2ZF-frame-002706-MQGZcu8DZ9JuPGwrE.jpg,640,512,city_street,unknown,r68Yr9RPWEp5fW2ZF,True,16
train,4182,data/video-r68Yr9RPWEp5fW2ZF-frame-002716-mRFwzPKRJxAtHGyA6.jpg,640,512,city_street,unknown,r68Yr9RPWEp5fW2ZF,True,11
train,4183,data/video-r68Yr9RPWEp5fW2ZF-frame-002726-tfHHtTE7DeJzk6Yz6.jpg,640,512,city_street,unknown,r68Yr9RPWEp5fW2ZF,True,14
train,4184,data/video-r68Yr9RPWEp5fW2ZF-frame-002736-PZe9hpFMiGKzmDjGE.jpg,640,512,city_street,unknown,r68Yr9RPWEp5fW2ZF,True,12
train,4185,data/video-r68Yr9RPWEp5fW2ZF-frame-002746-wBjaRyTFnyd8zpsTs.jpg,640,512,city_street,unknown,r68Yr9RPWEp5fW2ZF,True,16
train,4186,data/video-r68Yr9RPWEp5fW2ZF-frame-002756-ACfu6BRAgYwfnzrfc.jpg,640,512,city_street,unknown,r68Yr9RPWEp5fW2ZF,True,19
train,4187,data/video-r68Yr9RPWEp5fW2ZF-frame-002766-ukYHuPkFBvzL6PMYF.jpg,640,512,city_street,unknown,r68Yr9RPWEp5fW2ZF,True,18
train,4188,data/video-r68Yr9RPWEp5fW2ZF-frame-002776-yaGeajdfyq3qEMsgM.jpg,640,512,city_street,unknown,r68Yr9RPWEp5fW2ZF,True,18
train,4189,data/video-r68Yr9RPWEp5fW2ZF-frame-002786-C99pd8wcdjec45L7k.jpg,640,512,city_street,unknown,r68Yr9RPWEp5fW2ZF,True,16
train,4190,data/video-r68Yr9RPWEp5fW2ZF-frame-002796-dppPhDgCnEWtsXv2s.jpg,640,512,city_street,unknown,r68Yr9RPWEp5fW2ZF,True,13
train,4191,data/video-r68Yr9RPWEp5fW2ZF-frame-002806-tQjbgkLsfdB4RC75f.jpg,640,512,city_street,unknown,r68Yr9RPWEp5fW2ZF,True,12
train,4192,data/video-r68Yr9RPWEp5fW2ZF-frame-002816-czXuWrCQT2ccBhJ4E.jpg,640,512,city_street,unknown,r68Yr9RPWEp5fW2ZF,True,11
train,4193,data/video-r68Yr9RPWEp5fW2ZF-frame-002826-fKp5d94QtuJFwJZ8W.jpg,640,512,city_street,unknown,r68Yr9RPWEp5fW2ZF,True,13
train,4194,data/video-r68Yr9RPWEp5fW2ZF-frame-002836-w5AW7Qs29ARi3NAgq.jpg,640,512,city_street,unknown,r68Yr9RPWEp5fW2ZF,True,9
train,4196,data/video-r68Yr9RPWEp5fW2ZF-frame-002856-w74CjY6pnZyfytk23.jpg,640,512,city_street,unknown,r68Yr9RPWEp5fW2ZF,True,14
train,4197,data/video-r68Yr9RPWEp5fW2ZF-frame-002866-zGchJYufnA83LmXsB.jpg,640,512,city_street,unknown,r68Yr9RPWEp5fW2ZF,True,21
train,4198,data/video-r68Yr9RPWEp5fW2ZF-frame-002876-iGwDteDSkM35YpvJt.jpg,640,512,city_street,unknown,r68Yr9RPWEp5fW2ZF,True,17
train,4199,data/video-r68Yr9RPWEp5fW2ZF-frame-002886-dweNFjzJXWw2yGfuh.jpg,640,512,city_street,unknown,r68Yr9RPWEp5fW2ZF,True,15
train,4200,data/video-r68Yr9RPWEp5fW2ZF-frame-002906-pyNM4Pstbuu2bRoFY.jpg,640,512,city_street,unknown,r68Yr9RPWEp5fW2ZF,True,14
train,4201,data/video-r68Yr9RPWEp5fW2ZF-frame-002916-GMLAoeYBtwcnKb7fS.jpg,640,512,city_street,unknown,r68Yr9RPWEp5fW2ZF,True,11
train,4202,data/video-r68Yr9RPWEp5fW2ZF-frame-002946-6LoDKGSui5JsdRuxc.jpg,640,512,city_street,unknown,r68Yr9RPWEp5fW2ZF,True,8
train,4203,data/video-r68Yr9RPWEp5fW2ZF-frame-002956-ZCceEpRuWpSyAa3mW.jpg,640,512,city_street,unknown,r68Yr9RPWEp5fW2ZF,True,8
train,4205,data/video-r68Yr9RPWEp5fW2ZF-frame-003016-E7GwGNYSsxFwJkorS.jpg,640,512,city_street,unknown,r68Yr9RPWEp5fW2ZF,True,10
train,4206,data/video-r68Yr9RPWEp5fW2ZF-frame-003026-ysv5Ds4hmLz4F5uuK.jpg,640,512,city_street,unknown,r68Yr9RPWEp5fW2ZF,True,9
train,4207,data/video-r68Yr9RPWEp5fW2ZF-frame-003036-rh5af7zaDsyXybSRa.jpg,640,512,city_street,unknown,r68Yr9RPWEp5fW2ZF,True,8
train,4210,data/video-r68Yr9RPWEp5fW2ZF-frame-003066-jfGvYo83spx8qhS6T.jpg,640,512,city_street,unknown,r68Yr9RPWEp5fW2ZF,True,6
train,4211,data/video-r68Yr9RPWEp5fW2ZF-frame-003076-kzSJN2CakNpchjeMk.jpg,640,512,city_street,unknown,r68Yr9RPWEp5fW2ZF,True,9
train,4212,data/video-r68Yr9RPWEp5fW2ZF-frame-003086-s7YhaMBJ9wN857Asc.jpg,640,512,city_street,unknown,r68Yr9RPWEp5fW2ZF,True,3
train,4213,data/video-r68Yr9RPWEp5fW2ZF-frame-003096-CJ8bNJEXnt6eaqiLj.jpg,640,512,city_street,unknown,r68Yr9RPWEp5fW2ZF,True,3
train,4214,data/video-r68Yr9RPWEp5fW2ZF-frame-003106-ij2RzBLRJogGYyepc.jpg,640,512,city_street,unknown,r68Yr9RPWEp5fW2ZF,True,2
train,4215,data/video-r68Yr9RPWEp5fW2ZF-frame-003116-GFB6ZWyC3cB6foHwT.jpg,640,512,city_street,unknown,r68Yr9RPWEp5fW2ZF,False,0
train,4222,data/video-r68Yr9RPWEp5fW2ZF-frame-003496-HdAuACGspjRCkTXw2.jpg,640,512,city_street,unknown,r68Yr9RPWEp5fW2ZF,True,8
train,4223,data/video-r68Yr9RPWEp5fW2ZF-frame-003506-GttcnsbQuw4LB5L29.jpg,640,512,city_street,unknown,r68Yr9RPWEp5fW2ZF,True,3
train,4224,data/video-r68Yr9RPWEp5fW2ZF-frame-003516-YwGJg3osuFPjbtseX.jpg,640,512,city_street,unknown,r68Yr9RPWEp5fW2ZF,True,1
train,4225,data/video-r68Yr9RPWEp5fW2ZF-frame-003526-xmoLyHNeJ3zYSaJDh.jpg,640,512,city_street,unknown,r68Yr9RPWEp5fW2ZF,True,1
train,4226,data/video-r68Yr9RPWEp5fW2ZF-frame-003536-x39YJzn9TZrNmWnDF.jpg,640,512,city_street,unknown,r68Yr9RPWEp5fW2ZF,True,1
train,4227,data/video-r68Yr9RPWEp5fW2ZF-frame-003556-49C25givgRCmkaAh3.jpg,640,512,city_street,unknown,r68Yr9RPWEp5fW2ZF,False,0
train,4228,data/video-r68Yr9RPWEp5fW2ZF-frame-003606-RbPB6Paimm7xsmcgd.jpg,640,512,city_street,unknown,r68Yr9RPWEp5fW2ZF,True,8
train,4236,data/video-r68Yr9RPWEp5fW2ZF-frame-004466-oSBXEvHeHEeEjGDRi.jpg,640,512,city_street,unknown,r68Yr9RPWEp5fW2ZF,True,6
train,4237,data/video-r68Yr9RPWEp5fW2ZF-frame-004476-WBEKBNMHR2juznnBZ.jpg,640,512,city_street,unknown,r68Yr9RPWEp5fW2ZF,True,5
train,4239,data/video-r68Yr9RPWEp5fW2ZF-frame-004496-wXnFTfEFY2YXTMfxv.jpg,640,512,city_street,unknown,r68Yr9RPWEp5fW2ZF,True,3
train,4240,data/video-r68Yr9RPWEp5fW2ZF-frame-005816-sMj3XMKSBvY2mCRZz.jpg,640,512,parking_lot,unknown,r68Yr9RPWEp5fW2ZF,True,1
train,4242,data/video-r68Yr9RPWEp5fW2ZF-frame-005836-E4i2upLMbPfPma4Bh.jpg,640,512,parking_lot,unknown,r68Yr9RPWEp5fW2ZF,True,1
train,4243,data/video-r68Yr9RPWEp5fW2ZF-frame-005846-dxDGtL7nRDjTA3dcT.jpg,640,512,parking_lot,unknown,r68Yr9RPWEp5fW2ZF,True,1
train,4249,data/video-r68Yr9RPWEp5fW2ZF-frame-005906-w5HNDnzfJnDZwNWJ5.jpg,640,512,parking_lot,unknown,r68Yr9RPWEp5fW2ZF,True,1
train,4250,data/video-r68Yr9RPWEp5fW2ZF-frame-005916-GAgDPmqWpFeBHTtnr.jpg,640,512,parking_lot,unknown,r68Yr9RPWEp5fW2ZF,True,1
train,4252,data/video-r68Yr9RPWEp5fW2ZF-frame-005936-rZBYJiRntbdm42reS.jpg,640,512,parking_lot,unknown,r68Yr9RPWEp5fW2ZF,True,1
train,4253,data/video-r68Yr9RPWEp5fW2ZF-frame-005946-tjHLdyAj28XnB77bK.jpg,640,512,parking_lot,unknown,r68Yr9RPWEp5fW2ZF,True,1
train,4254,data/video-r68Yr9RPWEp5fW2ZF-frame-005956-czQBEFBrzBiZqgket.jpg,640,512,parking_lot,unknown,r68Yr9RPWEp5fW2ZF,True,2
train,4255,data/video-r68Yr9RPWEp5fW2ZF-frame-005966-jDDA2ppLLh7KsZeAs.jpg,640,512,parking_lot,unknown,r68Yr9RPWEp5fW2ZF,True,1
train,4256,data/video-r68Yr9RPWEp5fW2ZF-frame-005986-BxAx64P2zEjBe6fXN.jpg,640,512,parking_lot,unknown,r68Yr9RPWEp5fW2ZF,True,2
train,4264,data/video-r68Yr9RPWEp5fW2ZF-frame-006086-Tg8deerYZyi2cY2EP.jpg,640,512,parking_lot,unknown,r68Yr9RPWEp5fW2ZF,True,3
train,4265,data/video-r68Yr9RPWEp5fW2ZF-frame-006096-e5jbkxAhzwGP7h9AZ.jpg,640,512,parking_lot,unknown,r68Yr9RPWEp5fW2ZF,True,3
train,4266,data/video-r68Yr9RPWEp5fW2ZF-frame-006106-XiYPjpi5ND2r4d7dH.jpg,640,512,parking_lot,unknown,r68Yr9RPWEp5fW2ZF,True,3
train,4267,data/video-r68Yr9RPWEp5fW2ZF-frame-006116-Y8fa9e84yFQpZtcRm.jpg,640,512,parking_lot,unknown,r68Yr9RPWEp5fW2ZF,True,4
train,4268,data/video-r68Yr9RPWEp5fW2ZF-frame-006126-7qSpyNN8TKTciDZnE.jpg,640,512,parking_lot,unknown,r68Yr9RPWEp5fW2ZF,True,3
train,4269,data/video-r68Yr9RPWEp5fW2ZF-frame-006136-WA87SyGybn92cZCCs.jpg,640,512,other,unknown,r68Yr9RPWEp5fW2ZF,True,4
train,4270,data/video-r68Yr9RPWEp5fW2ZF-frame-006146-HmAyA7CR3tXbuxJL5.jpg,640,512,other,unknown,r68Yr9RPWEp5fW2ZF,True,4
train,4278,data/video-r68Yr9RPWEp5fW2ZF-frame-006226-a7HYK8FXC2xRgmsuf.jpg,640,512,other,unknown,r68Yr9RPWEp5fW2ZF,True,2
train,4279,data/video-r68Yr9RPWEp5fW2ZF-frame-006236-LEchy2vtnRbpat5ng.jpg,640,512,other,unknown,r68Yr9RPWEp5fW2ZF,True,1
train,4280,data/video-r68Yr9RPWEp5fW2ZF-frame-006246-23vw5sCA9NhnHXC95.jpg,640,512,other,unknown,r68Yr9RPWEp5fW2ZF,True,1
train,4281,data/video-r68Yr9RPWEp5fW2ZF-frame-006256-nEBGHjoG29qnJfcaN.jpg,640,512,other,unknown,r68Yr9RPWEp5fW2ZF,True,2
train,4282,data/video-r68Yr9RPWEp5fW2ZF-frame-006266-wTkB8CcS8nibf8hfw.jpg,640,512,other,unknown,r68Yr9RPWEp5fW2ZF,True,2
train,4283,data/video-r68Yr9RPWEp5fW2ZF-frame-006276-JaTmNazNdNELCb3Gz.jpg,640,512,other,unknown,r68Yr9RPWEp5fW2ZF,True,2
train,4285,data/video-r68Yr9RPWEp5fW2ZF-frame-006296-pYA9vqBX2XPyTWT2o.jpg,640,512,other,unknown,r68Yr9RPWEp5fW2ZF,True,4
train,4293,data/video-r68Yr9RPWEp5fW2ZF-frame-006376-ZpNsns2d7f6BLXcak.jpg,640,512,other,unknown,r68Yr9RPWEp5fW2ZF,True,3
train,4296,data/video-r68Yr9RPWEp5fW2ZF-frame-006406-WJZRBcTNefhti957T.jpg,640,512,other,unknown,r68Yr9RPWEp5fW2ZF,True,3
train,4297,data/video-r68Yr9RPWEp5fW2ZF-frame-006416-CaWuTG9utzSrjk68o.jpg,640,512,other,unknown,r68Yr9RPWEp5fW2ZF,True,3
train,4298,data/video-r68Yr9RPWEp5fW2ZF-frame-006426-YWzQnCgd6QkspZjCp.jpg,640,512,other,unknown,r68Yr9RPWEp5fW2ZF,True,3
train,4299,data/video-r68Yr9RPWEp5fW2ZF-frame-006436-p8j3rpwqyDEE37tBs.jpg,640,512,other,unknown,r68Yr9RPWEp5fW2ZF,True,4
train,4300,data/video-r68Yr9RPWEp5fW2ZF-frame-006446-mQ8ykLAnG78t5CpTt.jpg,640,512,other,unknown,r68Yr9RPWEp5fW2ZF,True,3
train,4301,data/video-r68Yr9RPWEp5fW2ZF-frame-006456-9XvGMZeoWdMu74Px5.jpg,640,512,other,unknown,r68Yr9RPWEp5fW2ZF,True,1
train,4302,data/video-r68Yr9RPWEp5fW2ZF-frame-006466-q8kxjJbWWjheftnKQ.jpg,640,512,other,unknown,r68Yr9RPWEp5fW2ZF,True,1
train,4303,data/video-r68Yr9RPWEp5fW2ZF-frame-006476-TutqLpAFcvgc6ehW6.jpg,640,512,other,unknown,r68Yr9RPWEp5fW2ZF,True,1
train,4304,data/video-r68Yr9RPWEp5fW2ZF-frame-006486-2LBGmnhCqiScBXFda.jpg,640,512,other,unknown,r68Yr9RPWEp5fW2ZF,True,1
train,4305,data/video-r68Yr9RPWEp5fW2ZF-frame-006496-5nxYEEB6eLmezHpAe.jpg,640,512,other,unknown,r68Yr9RPWEp5fW2ZF,True,1
train,4306,data/video-r68Yr9RPWEp5fW2ZF-frame-006506-cgnir5pb2NY5KZmSM.jpg,640,512,other,unknown,r68Yr9RPWEp5fW2ZF,True,1
train,4307,data/video-r68Yr9RPWEp5fW2ZF-frame-006516-sPfRoRkSdFiYFSuYn.jpg,640,512,other,unknown,r68Yr9RPWEp5fW2ZF,True,1
train,4308,data/video-r68Yr9RPWEp5fW2ZF-frame-006526-KJGwgiRAhJnJyNhHZ.jpg,640,512,other,unknown,r68Yr9RPWEp5fW2ZF,True,3
train,4309,data/video-r68Yr9RPWEp5fW2ZF-frame-006536-R3nbdxTfoBvKgW2Sq.jpg,640,512,other,unknown,r68Yr9RPWEp5fW2ZF,True,5
train,4310,data/video-r68Yr9RPWEp5fW2ZF-frame-006546-7L82koFYkLHw99Kp3.jpg,640,512,parking_lot,unknown,r68Yr9RPWEp5fW2ZF,True,2
train,4311,data/video-r68Yr9RPWEp5fW2ZF-frame-006556-dghL6wuGzFvkvdr27.jpg,640,512,parking_lot,unknown,r68Yr9RPWEp5fW2ZF,True,5
train,4312,data/video-r68Yr9RPWEp5fW2ZF-frame-006566-xfrH4x2SctZSyfRdf.jpg,640,512,parking_lot,unknown,r68Yr9RPWEp5fW2ZF,True,4
train,4313,data/video-r68Yr9RPWEp5fW2ZF-frame-006576-k6anmrepLeZ9fzW2x.jpg,640,512,parking_lot,unknown,r68Yr9RPWEp5fW2ZF,True,6
train,4315,data/video-r68Yr9RPWEp5fW2ZF-frame-006596-Su9tpjvWNB7YKMEge.jpg,640,512,parking_lot,unknown,r68Yr9RPWEp5fW2ZF,True,6
train,4322,data/video-r68Yr9RPWEp5fW2ZF-frame-006666-8d46YWX38sGxHSn9k.jpg,640,512,parking_lot,unknown,r68Yr9RPWEp5fW2ZF,True,8
train,4323,data/video-r68Yr9RPWEp5fW2ZF-frame-006676-a8LMNMNGgrXwkzguY.jpg,640,512,parking_lot,unknown,r68Yr9RPWEp5fW2ZF,True,7
train,4324,data/video-r68Yr9RPWEp5fW2ZF-frame-006686-hWzCwqmAMN4BdpFDL.jpg,640,512,parking_lot,unknown,r68Yr9RPWEp5fW2ZF,True,2
train,4325,data/video-r68Yr9RPWEp5fW2ZF-frame-006696-77jAYNNtARuTQTR4w.jpg,640,512,parking_lot,unknown,r68Yr9RPWEp5fW2ZF,True,2
train,4326,data/video-r68Yr9RPWEp5fW2ZF-frame-006706-5Jezn2Sizv3oMakaY.jpg,640,512,parking_lot,unknown,r68Yr9RPWEp5fW2ZF,True,3
train,4327,data/video-r68Yr9RPWEp5fW2ZF-frame-006716-pCqvfMNFgFkHWXWMA.jpg,640,512,other,unknown,r68Yr9RPWEp5fW2ZF,True,6
train,4328,data/video-r68Yr9RPWEp5fW2ZF-frame-006726-7wTZJaMPWZLLYtmip.jpg,640,512,parking_lot,unknown,r68Yr9RPWEp5fW2ZF,True,7
train,4336,data/video-r68Yr9RPWEp5fW2ZF-frame-006806-MLFy7YYN53qK7u6GL.jpg,640,512,parking_lot,unknown,r68Yr9RPWEp5fW2ZF,True,1
train,4337,data/video-r68Yr9RPWEp5fW2ZF-frame-006816-c5a6N93TRhii5sJ2K.jpg,640,512,parking_lot,unknown,r68Yr9RPWEp5fW2ZF,True,1
train,4338,data/video-r68Yr9RPWEp5fW2ZF-frame-006826-ar4GAHgYrMZi2Kejk.jpg,640,512,parking_lot,unknown,r68Yr9RPWEp5fW2ZF,True,1
train,4339,data/video-r68Yr9RPWEp5fW2ZF-frame-006836-r4PR9y4SyJGQTtbkj.jpg,640,512,other,unknown,r68Yr9RPWEp5fW2ZF,False,0
train,4340,data/video-r68Yr9RPWEp5fW2ZF-frame-006846-md3dsnrfrLMtCHotu.jpg,640,512,other,unknown,r68Yr9RPWEp5fW2ZF,True,3
train,4341,data/video-r68Yr9RPWEp5fW2ZF-frame-006856-QcY9RwhYMnWBZPqom.jpg,640,512,parking_lot,unknown,r68Yr9RPWEp5fW2ZF,True,2
train,4344,data/video-r68Yr9RPWEp5fW2ZF-frame-006886-ukjrhSNpmHHAtan3r.jpg,640,512,other,unknown,r68Yr9RPWEp5fW2ZF,True,3
train,4356,data/video-r68Yr9RPWEp5fW2ZF-frame-007006-ENFLnXjAKZummEXhm.jpg,640,512,other,unknown,r68Yr9RPWEp5fW2ZF,True,6
train,4357,data/video-r68Yr9RPWEp5fW2ZF-frame-007016-k3wGEPR6WPkCvdaam.jpg,640,512,other,unknown,r68Yr9RPWEp5fW2ZF,True,6
train,4359,data/video-r68Yr9RPWEp5fW2ZF-frame-007036-8qJPZrEYQysxmyX8P.jpg,640,512,other,unknown,r68Yr9RPWEp5fW2ZF,True,6
train,4360,data/video-r68Yr9RPWEp5fW2ZF-frame-007046-a2ZorAFufenRgfrho.jpg,640,512,other,unknown,r68Yr9RPWEp5fW2ZF,True,8
train,4361,data/video-r68Yr9RPWEp5fW2ZF-frame-007056-xyrKGSu5E3ZLQ6n3Y.jpg,640,512,other,unknown,r68Yr9RPWEp5fW2ZF,True,7
train,4362,data/video-r68Yr9RPWEp5fW2ZF-frame-007066-Dnr2v3C4ZxejL5jnw.jpg,640,512,other,unknown,r68Yr9RPWEp5fW2ZF,True,6
train,4363,data/video-r68Yr9RPWEp5fW2ZF-frame-007076-n6khYfSMxQqZNatT5.jpg,640,512,other,unknown,r68Yr9RPWEp5fW2ZF,True,6
train,4371,data/video-r68Yr9RPWEp5fW2ZF-frame-007156-PrcWJsXn934DLcbXZ.jpg,640,512,other,unknown,r68Yr9RPWEp5fW2ZF,True,5
train,4372,data/video-r68Yr9RPWEp5fW2ZF-frame-007166-drtiZvGdyM23DCjwB.jpg,640,512,other,unknown,r68Yr9RPWEp5fW2ZF,True,5
train,4373,data/video-r68Yr9RPWEp5fW2ZF-frame-007176-b7tft95sZu6ra9cBK.jpg,640,512,other,unknown,r68Yr9RPWEp5fW2ZF,True,4
train,4374,data/video-r68Yr9RPWEp5fW2ZF-frame-007181-xijDGekK2eqpayQMq.jpg,640,512,other,unknown,r68Yr9RPWEp5fW2ZF,True,3
train,4375,data/video-r68Yr9RPWEp5fW2ZF-frame-007191-CjAE8i5gjAf38dLfx.jpg,640,512,other,unknown,r68Yr9RPWEp5fW2ZF,True,4
train,4376,data/video-r68Yr9RPWEp5fW2ZF-frame-007201-GjjqGLSDPWAmcbo8Q.jpg,640,512,other,unknown,r68Yr9RPWEp5fW2ZF,True,3
train,4379,data/video-r68Yr9RPWEp5fW2ZF-frame-007231-CMtXqSa6RwnHkaoCr.jpg,640,512,other,unknown,r68Yr9RPWEp5fW2ZF,True,4
train,4392,data/video-r68Yr9RPWEp5fW2ZF-frame-007361-C7tcnd82boDfR8H66.jpg,640,512,other,unknown,r68Yr9RPWEp5fW2ZF,True,4
train,4393,data/video-r68Yr9RPWEp5fW2ZF-frame-007371-bMfuN9L3pwwoMw5Hh.jpg,640,512,other,unknown,r68Yr9RPWEp5fW2ZF,True,4
train,4394,data/video-r68Yr9RPWEp5fW2ZF-frame-007381-itR7Nsybfr8JD2w4D.jpg,640,512,other,unknown,r68Yr9RPWEp5fW2ZF,True,6
train,4395,data/video-r68Yr9RPWEp5fW2ZF-frame-007391-rXNxQ5DcimT54ziC4.jpg,640,512,other,unknown,r68Yr9RPWEp5fW2ZF,True,8
train,4396,data/video-r68Yr9RPWEp5fW2ZF-frame-007401-ej8RNRCd7B856AvSh.jpg,640,512,other,unknown,r68Yr9RPWEp5fW2ZF,True,7
train,4397,data/video-r68Yr9RPWEp5fW2ZF-frame-008473-E8dyndWNxNS7EwsNE.jpg,640,512,other,unknown,r68Yr9RPWEp5fW2ZF,True,1
train,4398,data/video-r68Yr9RPWEp5fW2ZF-frame-008483-CiijFnBEHSFDwow5p.jpg,640,512,other,unknown,r68Yr9RPWEp5fW2ZF,True,1
train,4399,data/video-r68Yr9RPWEp5fW2ZF-frame-008493-7YBzW4iTcSNrNqWvz.jpg,640,512,other,unknown,r68Yr9RPWEp5fW2ZF,True,1
train,4400,data/video-r68Yr9RPWEp5fW2ZF-frame-008503-8Dm5e78kguNvwivTB.jpg,640,512,other,unknown,r68Yr9RPWEp5fW2ZF,True,1
train,4401,data/video-r68Yr9RPWEp5fW2ZF-frame-008513-RKk5GHt4MfniBg6KG.jpg,640,512,other,unknown,r68Yr9RPWEp5fW2ZF,True,1
train,4402,data/video-r68Yr9RPWEp5fW2ZF-frame-008523-yXmXr8cCPYuoZnen2.jpg,640,512,other,unknown,r68Yr9RPWEp5fW2ZF,True,1
train,4403,data/video-r68Yr9RPWEp5fW2ZF-frame-008533-LC3Xj3efRhMypoCKM.jpg,640,512,other,unknown,r68Yr9RPWEp5fW2ZF,True,1
train,4404,data/video-r68Yr9RPWEp5fW2ZF-frame-008543-zThyDCL258h86LGdt.jpg,640,512,other,unknown,r68Yr9RPWEp5fW2ZF,True,1
train,4405,data/video-r68Yr9RPWEp5fW2ZF-frame-008553-AyZwrzbxa464z9KZz.jpg,640,512,other,unknown,r68Yr9RPWEp5fW2ZF,True,1
train,4412,data/video-r68Yr9RPWEp5fW2ZF-frame-008623-kurHY3gB224CFzyAe.jpg,640,512,other,unknown,r68Yr9RPWEp5fW2ZF,True,3
train,4414,data/video-r68Yr9RPWEp5fW2ZF-frame-008643-GY6Rw2RtvMvTeRv5G.jpg,640,512,other,unknown,r68Yr9RPWEp5fW2ZF,True,3
train,4415,data/video-r68Yr9RPWEp5fW2ZF-frame-008653-SqqbZuRNYa7cj6ngW.jpg,640,512,other,unknown,r68Yr9RPWEp5fW2ZF,True,4
train,4416,data/video-r68Yr9RPWEp5fW2ZF-frame-008663-yXz27tCcwnTChqeDu.jpg,640,512,other,unknown,r68Yr9RPWEp5fW2ZF,True,5
train,4417,data/video-r68Yr9RPWEp5fW2ZF-frame-008673-LnbwPjKXvbN5vjkgY.jpg,640,512,other,unknown,r68Yr9RPWEp5fW2ZF,True,5
train,4419,data/video-r68Yr9RPWEp5fW2ZF-frame-008693-KPkWBeCwin7SBRJgk.jpg,640,512,other,unknown,r68Yr9RPWEp5fW2ZF,True,5
train,4420,data/video-r68Yr9RPWEp5fW2ZF-frame-008703-y3tY9HPyci3EYSWto.jpg,640,512,other,unknown,r68Yr9RPWEp5fW2ZF,True,8
train,4426,data/video-r68Yr9RPWEp5fW2ZF-frame-008763-vqvfyJgRL6spT7AWg.jpg,640,512,other,unknown,r68Yr9RPWEp5fW2ZF,True,7
train,4427,data/video-r68Yr9RPWEp5fW2ZF-frame-008773-d5ur7LDzQ84NyHHKd.jpg,640,512,other,unknown,r68Yr9RPWEp5fW2ZF,True,8
train,4429,data/video-r68Yr9RPWEp5fW2ZF-frame-008793-yPZ3ye6dwdhv2TXsg.jpg,640,512,other,unknown,r68Yr9RPWEp5fW2ZF,True,6
train,4430,data/video-r68Yr9RPWEp5fW2ZF-frame-008803-Gm9QhCujYtc8cizHF.jpg,640,512,other,unknown,r68Yr9RPWEp5fW2ZF,True,7
train,4431,data/video-r68Yr9RPWEp5fW2ZF-frame-008813-dkrv8zEriK4KskCRe.jpg,640,512,other,unknown,r68Yr9RPWEp5fW2ZF,True,4
train,4432,data/video-r68Yr9RPWEp5fW2ZF-frame-008823-BCxrp6xuL9yDRZHBC.jpg,640,512,other,unknown,r68Yr9RPWEp5fW2ZF,True,4
train,4433,data/video-r68Yr9RPWEp5fW2ZF-frame-008833-ZkPpD9nxWmh7qLZJ9.jpg,640,512,other,unknown,r68Yr9RPWEp5fW2ZF,True,3
train,4434,data/video-r68Yr9RPWEp5fW2ZF-frame-008843-isgpF8e5ZvJ3N8Z2K.jpg,640,512,other,unknown,r68Yr9RPWEp5fW2ZF,True,3
train,4435,data/video-r68Yr9RPWEp5fW2ZF-frame-008853-cw6mWi2g8AyzpHZET.jpg,640,512,other,unknown,r68Yr9RPWEp5fW2ZF,True,3
train,4436,data/video-r68Yr9RPWEp5fW2ZF-frame-008863-mNx3CGjkvcDzjxXpg.jpg,640,512,other,unknown,r68Yr9RPWEp5fW2ZF,True,3
train,4437,data/video-r68Yr9RPWEp5fW2ZF-frame-008883-NzFXSi5CSsFaWzu3L.jpg,640,512,other,unknown,r68Yr9RPWEp5fW2ZF,True,3
train,4438,data/video-r68Yr9RPWEp5fW2ZF-frame-008893-xj4thDqAgZtuhviJb.jpg,640,512,other,unknown,r68Yr9RPWEp5fW2ZF,True,2
train,4439,data/video-r68Yr9RPWEp5fW2ZF-frame-008903-gZL4W9TqTYHEMYb8f.jpg,640,512,other,unknown,r68Yr9RPWEp5fW2ZF,True,2
train,4440,data/video-r68Yr9RPWEp5fW2ZF-frame-008913-3hDxGbyxwmMiYi793.jpg,640,512,other,unknown,r68Yr9RPWEp5fW2ZF,True,2
train,4448,data/video-r68Yr9RPWEp5fW2ZF-frame-008993-XHD97kGPQYrG6hmSP.jpg,640,512,other,unknown,r68Yr9RPWEp5fW2ZF,True,2
train,4449,data/video-r68Yr9RPWEp5fW2ZF-frame-009003-ih25v6fRMmhuEFWq4.jpg,640,512,other,unknown,r68Yr9RPWEp5fW2ZF,True,3
train,4450,data/video-r68Yr9RPWEp5fW2ZF-frame-009013-de5LsHbGFmSafcaJK.jpg,640,512,other,unknown,r68Yr9RPWEp5fW2ZF,True,3
train,4451,data/video-r68Yr9RPWEp5fW2ZF-frame-009023-JJfJpc5BDnWvD2FbJ.jpg,640,512,other,unknown,r68Yr9RPWEp5fW2ZF,True,3
train,4452,data/video-r68Yr9RPWEp5fW2ZF-frame-009033-eT2Jj9hFXRYhKk6uP.jpg,640,512,other,unknown,r68Yr9RPWEp5fW2ZF,True,5
train,4453,data/video-r68Yr9RPWEp5fW2ZF-frame-009043-z6ecLNxGuZoJQH27a.jpg,640,512,other,unknown,r68Yr9RPWEp5fW2ZF,True,6
train,4454,data/video-r68Yr9RPWEp5fW2ZF-frame-009063-5oox6WxqX3vRPBbgQ.jpg,640,512,other,unknown,r68Yr9RPWEp5fW2ZF,True,6
train,4462,data/video-r68Yr9RPWEp5fW2ZF-frame-009143-75oELwgZZJoErsqf5.jpg,640,512,other,unknown,r68Yr9RPWEp5fW2ZF,True,7
train,4463,data/video-r68Yr9RPWEp5fW2ZF-frame-009153-LX4GjnNryJyCyMSBB.jpg,640,512,other,unknown,r68Yr9RPWEp5fW2ZF,True,7
train,4464,data/video-r68Yr9RPWEp5fW2ZF-frame-009163-LkXMHAjLvurPTtLoY.jpg,640,512,other,unknown,r68Yr9RPWEp5fW2ZF,True,7
train,4465,data/video-r68Yr9RPWEp5fW2ZF-frame-009173-ao6iqWwtwFKjH6S5T.jpg,640,512,other,unknown,r68Yr9RPWEp5fW2ZF,True,7
train,4466,data/video-r68Yr9RPWEp5fW2ZF-frame-009183-nFqDRGTbjYLGMBocq.jpg,640,512,other,unknown,r68Yr9RPWEp5fW2ZF,True,7
train,4467,data/video-r68Yr9RPWEp5fW2ZF-frame-009193-k3GvRaCPS635xJ3M7.jpg,640,512,other,unknown,r68Yr9RPWEp5fW2ZF,True,6
train,4469,data/video-r68Yr9RPWEp5fW2ZF-frame-009213-M2uySnSTNomy6E7wF.jpg,640,512,other,unknown,r68Yr9RPWEp5fW2ZF,True,5
train,4474,data/video-r68Yr9RPWEp5fW2ZF-frame-009263-WftiG34r8RaSAGuHL.jpg,640,512,other,unknown,r68Yr9RPWEp5fW2ZF,True,7
train,4477,data/video-r68Yr9RPWEp5fW2ZF-frame-009293-tAgTFokSmE7CDWX7d.jpg,640,512,other,unknown,r68Yr9RPWEp5fW2ZF,True,7
train,4478,data/video-r68Yr9RPWEp5fW2ZF-frame-009303-dLXLv3sRkcWpZLqiR.jpg,640,512,other,unknown,r68Yr9RPWEp5fW2ZF,True,7
train,4479,data/video-r68Yr9RPWEp5fW2ZF-frame-009313-mrLLCoGtALduEfGGA.jpg,640,512,other,unknown,r68Yr9RPWEp5fW2ZF,True,7
train,4480,data/video-r68Yr9RPWEp5fW2ZF-frame-009323-naE2mgBojv8h85aJ2.jpg,640,512,other,unknown,r68Yr9RPWEp5fW2ZF,True,7
train,4481,data/video-r68Yr9RPWEp5fW2ZF-frame-009333-M4kyAZwZ57mqm9WMs.jpg,640,512,other,unknown,r68Yr9RPWEp5fW2ZF,True,7
train,4483,data/video-r68Yr9RPWEp5fW2ZF-frame-009353-yf7txbMCbK7tvL8JE.jpg,640,512,other,unknown,r68Yr9RPWEp5fW2ZF,True,7
train,4485,data/video-r68Yr9RPWEp5fW2ZF-frame-009373-5eMmBxiNBnjf5Cj4o.jpg,640,512,city_street,unknown,r68Yr9RPWEp5fW2ZF,True,7
train,4489,data/video-r68Yr9RPWEp5fW2ZF-frame-009413-6EELdirQYy4hZXsCH.jpg,640,512,city_street,unknown,r68Yr9RPWEp5fW2ZF,True,6
train,4496,data/video-r68Yr9RPWEp5fW2ZF-frame-009483-QWmgEBHXZ5MshN4y5.jpg,640,512,city_street,unknown,r68Yr9RPWEp5fW2ZF,True,4
train,4497,data/video-r68Yr9RPWEp5fW2ZF-frame-009493-83hCJrFds5KcAMLvo.jpg,640,512,city_street,unknown,r68Yr9RPWEp5fW2ZF,True,6
train,4498,data/video-r68Yr9RPWEp5fW2ZF-frame-009503-QYXkfR9M9GFPEwNPm.jpg,640,512,city_street,unknown,r68Yr9RPWEp5fW2ZF,True,4
train,4499,data/video-r68Yr9RPWEp5fW2ZF-frame-009513-DaKYNrWGCR5usMG8R.jpg,640,512,city_street,unknown,r68Yr9RPWEp5fW2ZF,True,6
train,4500,data/video-r68Yr9RPWEp5fW2ZF-frame-009523-y4zySprWxFMPc5AYQ.jpg,640,512,city_street,unknown,r68Yr9RPWEp5fW2ZF,True,6
train,4501,data/video-r68Yr9RPWEp5fW2ZF-frame-009533-Za8LmkwLP4L4po42G.jpg,640,512,city_street,unknown,r68Yr9RPWEp5fW2ZF,True,5
train,4504,data/video-r68Yr9RPWEp5fW2ZF-frame-009563-TAPPqLrDTkLtMmprW.jpg,640,512,city_street,unknown,r68Yr9RPWEp5fW2ZF,True,6
train,4505,data/video-r68Yr9RPWEp5fW2ZF-frame-009573-hNYbpy5qm7ZvANwf9.jpg,640,512,other,unknown,r68Yr9RPWEp5fW2ZF,True,6
train,4506,data/video-r68Yr9RPWEp5fW2ZF-frame-009583-rYP7jQups692Howft.jpg,640,512,other,unknown,r68Yr9RPWEp5fW2ZF,True,5
train,4507,data/video-r68Yr9RPWEp5fW2ZF-frame-009593-DTk4KsyLncJbNWCnT.jpg,640,512,other,unknown,r68Yr9RPWEp5fW2ZF,True,4
train,4509,data/video-r68Yr9RPWEp5fW2ZF-frame-009613-zjvkCCM4tWhG74Skt.jpg,640,512,other,unknown,r68Yr9RPWEp5fW2ZF,True,4
train,4516,data/video-r68Yr9RPWEp5fW2ZF-frame-009683-c8bk2mMHZ2Y3koE8X.jpg,640,512,city_street,unknown,r68Yr9RPWEp5fW2ZF,True,4
train,4517,data/video-r68Yr9RPWEp5fW2ZF-frame-009693-a9yM4JyyGMuuma4GT.jpg,640,512,city_street,unknown,r68Yr9RPWEp5fW2ZF,True,4
train,4518,data/video-r68Yr9RPWEp5fW2ZF-frame-009703-7YLu5gb58mjYP7xgG.jpg,640,512,city_street,unknown,r68Yr9RPWEp5fW2ZF,True,4
train,4519,data/video-r68Yr9RPWEp5fW2ZF-frame-009713-hhHKKR33iQyYgi2ri.jpg,640,512,city_street,unknown,r68Yr9RPWEp5fW2ZF,True,4
train,4520,data/video-r68Yr9RPWEp5fW2ZF-frame-009723-wHeygZ7Rea9J5cMk2.jpg,640,512,city_street,unknown,r68Yr9RPWEp5fW2ZF,True,4
train,4521,data/video-r68Yr9RPWEp5fW2ZF-frame-009733-DPCQdDNXHcNHbmTWA.jpg,640,512,city_street,unknown,r68Yr9RPWEp5fW2ZF,True,4
train,4522,data/video-r68Yr9RPWEp5fW2ZF-frame-009743-4Bb3CWQ3bpn9HDkbn.jpg,640,512,city_street,unknown,r68Yr9RPWEp5fW2ZF,True,4
train,4529,data/video-r68Yr9RPWEp5fW2ZF-frame-009813-CkAPXWomHpTXEohX8.jpg,640,512,city_street,unknown,r68Yr9RPWEp5fW2ZF,True,4
train,4531,data/video-r68Yr9RPWEp5fW2ZF-frame-009833-GGDb3jxGNdzsv5dX7.jpg,640,512,other,unknown,r68Yr9RPWEp5fW2ZF,True,4
train,4532,data/video-r68Yr9RPWEp5fW2ZF-frame-009843-nyCWix57gS69QPDKF.jpg,640,512,city_street,unknown,r68Yr9RPWEp5fW2ZF,True,4
train,4533,data/video-r68Yr9RPWEp5fW2ZF-frame-009853-yJQebZB36Z64NJX6b.jpg,640,512,city_street,unknown,r68Yr9RPWEp5fW2ZF,True,4
train,4534,data/video-r68Yr9RPWEp5fW2ZF-frame-009863-cHSKWhhu7McWY2nZg.jpg,640,512,city_street,unknown,r68Yr9RPWEp5fW2ZF,True,3
train,4535,data/video-r68Yr9RPWEp5fW2ZF-frame-009873-ixFgKQQfRh8fTAb9y.jpg,640,512,city_street,unknown,r68Yr9RPWEp5fW2ZF,True,2
train,4536,data/video-r68Yr9RPWEp5fW2ZF-frame-010983-yBHRqFfsvnMsvYh8z.jpg,640,512,city_street,unknown,r68Yr9RPWEp5fW2ZF,True,2
train,4537,data/video-r68Yr9RPWEp5fW2ZF-frame-010993-RPLmDCMT6sTn3jEXA.jpg,640,512,city_street,unknown,r68Yr9RPWEp5fW2ZF,True,2
train,4538,data/video-r68Yr9RPWEp5fW2ZF-frame-011003-6xkXpiJ6PFRwyFSH7.jpg,640,512,city_street,unknown,r68Yr9RPWEp5fW2ZF,True,1
train,4539,data/video-r68Yr9RPWEp5fW2ZF-frame-011013-BJwrontGRjdpd59Wm.jpg,640,512,city_street,unknown,r68Yr9RPWEp5fW2ZF,True,2
train,4540,data/video-r68Yr9RPWEp5fW2ZF-frame-011023-D29xbfKYG6bKS8Jcm.jpg,640,512,city_street,unknown,r68Yr9RPWEp5fW2ZF,True,2
train,4541,data/video-r68Yr9RPWEp5fW2ZF-frame-011033-LpP6nvRndoDznqiJk.jpg,640,512,city_street,unknown,r68Yr9RPWEp5fW2ZF,True,2
train,4542,data/video-r68Yr9RPWEp5fW2ZF-frame-011043-JNezx6Q98FBkP7wth.jpg,640,512,city_street,unknown,r68Yr9RPWEp5fW2ZF,True,1
train,4544,data/video-r68Yr9RPWEp5fW2ZF-frame-011063-aHT3mZoFEXRxd858W.jpg,640,512,city_street,unknown,r68Yr9RPWEp5fW2ZF,True,1
train,4551,data/video-r68Yr9RPWEp5fW2ZF-frame-011133-4j62pMr8Dhh33rv76.jpg,640,512,city_street,unknown,r68Yr9RPWEp5fW2ZF,True,1
train,4552,data/video-r68Yr9RPWEp5fW2ZF-frame-013468-htwzZ5NhKKHMPgzWN.jpg,640,512,city_street,unknown,r68Yr9RPWEp5fW2ZF,True,12
train,4553,data/video-r68Yr9RPWEp5fW2ZF-frame-013478-DqYZr9WaPDnB9wKMq.jpg,640,512,city_street,unknown,r68Yr9RPWEp5fW2ZF,True,15
train,4554,data/video-r68Yr9RPWEp5fW2ZF-frame-013488-ZwKtruScAgxovHr7Z.jpg,640,512,city_street,unknown,r68Yr9RPWEp5fW2ZF,True,13
train,4555,data/video-r68Yr9RPWEp5fW2ZF-frame-013498-QFYkcNMrrn3evAgLa.jpg,640,512,city_street,unknown,r68Yr9RPWEp5fW2ZF,True,10
train,4556,data/video-r68Yr9RPWEp5fW2ZF-frame-013508-oHS8nzc8zECowhizy.jpg,640,512,city_street,unknown,r68Yr9RPWEp5fW2ZF,True,13
train,4557,data/video-r68Yr9RPWEp5fW2ZF-frame-013518-8iYdhdgrFEJQFQZHD.jpg,640,512,city_street,unknown,r68Yr9RPWEp5fW2ZF,True,7
train,4564,data/video-r68Yr9RPWEp5fW2ZF-frame-013588-RoYgqiuoaqHXK8qjp.jpg,640,512,city_street,unknown,r68Yr9RPWEp5fW2ZF,True,9
train,4566,data/video-r68Yr9RPWEp5fW2ZF-frame-013608-ffcZfP6cL9HuiwTFx.jpg,640,512,city_street,unknown,r68Yr9RPWEp5fW2ZF,True,8
train,4567,data/video-r68Yr9RPWEp5fW2ZF-frame-013618-n2AMdcGwdbF7ByeGd.jpg,640,512,city_street,unknown,r68Yr9RPWEp5fW2ZF,True,6
train,4569,data/video-r68Yr9RPWEp5fW2ZF-frame-013638-xqAzTX9JGFg2RjYv8.jpg,640,512,city_street,unknown,r68Yr9RPWEp5fW2ZF,True,9
train,4570,data/video-r68Yr9RPWEp5fW2ZF-frame-013648-5b6xKYksRzmLECm2Z.jpg,640,512,city_street,unknown,r68Yr9RPWEp5fW2ZF,True,11
train,4571,data/video-r68Yr9RPWEp5fW2ZF-frame-013658-CDKC8aYftgt7ejGht.jpg,640,512,city_street,unknown,r68Yr9RPWEp5fW2ZF,True,11
train,4572,data/video-r68Yr9RPWEp5fW2ZF-frame-013668-2835M7kinHYtcToqX.jpg,640,512,city_street,unknown,r68Yr9RPWEp5fW2ZF,True,8
train,4573,data/video-r68Yr9RPWEp5fW2ZF-frame-013678-dRhMLMiCBwkrqptxk.jpg,640,512,city_street,unknown,r68Yr9RPWEp5fW2ZF,True,10
train,4574,data/video-r68Yr9RPWEp5fW2ZF-frame-013688-xXebmRAxoS2B6fJne.jpg,640,512,city_street,unknown,r68Yr9RPWEp5fW2ZF,True,9
train,4575,data/video-r68Yr9RPWEp5fW2ZF-frame-013698-LMi2sZhm4qjTNvXHM.jpg,640,512,city_street,unknown,r68Yr9RPWEp5fW2ZF,True,10
train,4576,data/video-r68Yr9RPWEp5fW2ZF-frame-013708-AxXwYxpnxc7guYjtG.jpg,640,512,city_street,unknown,r68Yr9RPWEp5fW2ZF,True,10
train,4577,data/video-r68Yr9RPWEp5fW2ZF-frame-013718-ReZzbi3KZabn3ya6d.jpg,640,512,unknown,unknown,r68Yr9RPWEp5fW2ZF,True,11
train,4579,data/video-r68Yr9RPWEp5fW2ZF-frame-013738-fYWeBGKcs9CAWofEa.jpg,640,512,unknown,unknown,r68Yr9RPWEp5fW2ZF,True,4
train,4586,data/video-r68Yr9RPWEp5fW2ZF-frame-013808-Be83TvLRZH6dwGx6g.jpg,640,512,city_street,unknown,r68Yr9RPWEp5fW2ZF,True,19
train,4587,data/video-r68Yr9RPWEp5fW2ZF-frame-013818-xuWbBmFv6xZcQhXts.jpg,640,512,city_street,unknown,r68Yr9RPWEp5fW2ZF,True,14
train,4588,data/video-r68Yr9RPWEp5fW2ZF-frame-013828-RfrjKDSCE2Xady5TB.jpg,640,512,city_street,unknown,r68Yr9RPWEp5fW2ZF,True,14
train,4589,data/video-r68Yr9RPWEp5fW2ZF-frame-013838-BPdpLBqJnxAn5mAaq.jpg,640,512,city_street,unknown,r68Yr9RPWEp5fW2ZF,True,15
train,4590,data/video-r68Yr9RPWEp5fW2ZF-frame-013848-Lz4mjPJ7xc3575khh.jpg,640,512,city_street,unknown,r68Yr9RPWEp5fW2ZF,True,17
train,4591,data/video-r68Yr9RPWEp5fW2ZF-frame-013858-goK7zms8TCKX6p5tk.jpg,640,512,city_street,unknown,r68Yr9RPWEp5fW2ZF,True,16
train,4594,data/video-r68Yr9RPWEp5fW2ZF-frame-013888-gAPYkJMdG85JckaC8.jpg,640,512,city_street,unknown,r68Yr9RPWEp5fW2ZF,True,15
train,4604,data/video-r68Yr9RPWEp5fW2ZF-frame-013988-CQf7NNQvWHHScTHDk.jpg,640,512,city_street,unknown,r68Yr9RPWEp5fW2ZF,True,11
train,4606,data/video-r68Yr9RPWEp5fW2ZF-frame-014008-m2vHShgHoKrCmA5b8.jpg,640,512,city_street,unknown,r68Yr9RPWEp5fW2ZF,True,12
train,4607,data/video-r68Yr9RPWEp5fW2ZF-frame-014018-FchtY6XB7hv826Yo5.jpg,640,512,city_street,unknown,r68Yr9RPWEp5fW2ZF,True,14
train,4608,data/video-r68Yr9RPWEp5fW2ZF-frame-014028-tpuxuXCm74wXEpatt.jpg,640,512,city_street,unknown,r68Yr9RPWEp5fW2ZF,True,10
train,4609,data/video-r68Yr9RPWEp5fW2ZF-frame-014038-kLn9vDW2CK7DZHXTH.jpg,640,512,city_street,unknown,r68Yr9RPWEp5fW2ZF,True,13
train,4610,data/video-r68Yr9RPWEp5fW2ZF-frame-014048-NLAxeN9E9s9rQ34FH.jpg,640,512,city_street,unknown,r68Yr9RPWEp5fW2ZF,True,10
train,4611,data/video-r68Yr9RPWEp5fW2ZF-frame-014058-rcTK49ET9cBAS2Xkq.jpg,640,512,city_street,unknown,r68Yr9RPWEp5fW2ZF,True,11
train,4612,data/video-r68Yr9RPWEp5fW2ZF-frame-014068-EqDJtGBuQ8hNtff35.jpg,640,512,city_street,unknown,r68Yr9RPWEp5fW2ZF,True,13
train,4613,data/video-r68Yr9RPWEp5fW2ZF-frame-014078-tNAsX57LqETyhaG6Y.jpg,640,512,city_street,unknown,r68Yr9RPWEp5fW2ZF,True,12
train,4614,data/video-r68Yr9RPWEp5fW2ZF-frame-014088-u5ssZWHo2of2P2Yty.jpg,640,512,city_street,unknown,r68Yr9RPWEp5fW2ZF,True,11
train,4615,data/video-r68Yr9RPWEp5fW2ZF-frame-014098-tGdtQAK5X65JoweZH.jpg,640,512,city_street,unknown,r68Yr9RPWEp5fW2ZF,True,11
train,4616,data/video-r68Yr9RPWEp5fW2ZF-frame-014108-tQHTaA7EMMwkrXo9m.jpg,640,512,city_street,unknown,r68Yr9RPWEp5fW2ZF,True,8
train,4617,data/video-r68Yr9RPWEp5fW2ZF-frame-014118-nf5A3T7kuzPvBJemv.jpg,640,512,city_street,unknown,r68Yr9RPWEp5fW2ZF,True,9
train,4618,data/video-r68Yr9RPWEp5fW2ZF-frame-014128-qd6WNtJoZoqexGwhx.jpg,640,512,city_street,unknown,r68Yr9RPWEp5fW2ZF,True,9
train,4619,data/video-r68Yr9RPWEp5fW2ZF-frame-014130-yjqMqMwDegD2C9Mth.jpg,640,512,city_street,unknown,r68Yr9RPWEp5fW2ZF,True,9
train,4620,data/video-r68Yr9RPWEp5fW2ZF-frame-014140-dJh2WB4cAzcX6uHos.jpg,640,512,city_street,unknown,r68Yr9RPWEp5fW2ZF,True,7
train,4621,data/video-r68Yr9RPWEp5fW2ZF-frame-014150-DRGXdZpqCEyjreBhg.jpg,640,512,city_street,unknown,r68Yr9RPWEp5fW2ZF,True,13
train,4622,data/video-r68Yr9RPWEp5fW2ZF-frame-014160-y5SYditGwHbSmzjqe.jpg,640,512,city_street,unknown,r68Yr9RPWEp5fW2ZF,True,10
train,4623,data/video-r68Yr9RPWEp5fW2ZF-frame-014170-keLzyX4p2rpjJTsoT.jpg,640,512,city_street,unknown,r68Yr9RPWEp5fW2ZF,True,17
train,4624,data/video-r68Yr9RPWEp5fW2ZF-frame-014180-apZs8TcxSCQXokJYR.jpg,640,512,city_street,unknown,r68Yr9RPWEp5fW2ZF,True,13
train,4625,data/video-r68Yr9RPWEp5fW2ZF-frame-014190-pRcKNHCMiwkdJBHhL.jpg,640,512,city_street,unknown,r68Yr9RPWEp5fW2ZF,True,14
train,4626,data/video-r68Yr9RPWEp5fW2ZF-frame-014200-XKMGduFKQvogTECLA.jpg,640,512,city_street,unknown,r68Yr9RPWEp5fW2ZF,True,13
train,4627,data/video-r68Yr9RPWEp5fW2ZF-frame-014210-xreq2bPXFQu9etioS.jpg,640,512,city_street,unknown,r68Yr9RPWEp5fW2ZF,True,14
train,4628,data/video-r68Yr9RPWEp5fW2ZF-frame-014220-iG5wCYxrbqyydPNQF.jpg,640,512,city_street,unknown,r68Yr9RPWEp5fW2ZF,True,17
train,4629,data/video-r68Yr9RPWEp5fW2ZF-frame-014230-XHxTACQ8xfkrNRLY4.jpg,640,512,city_street,unknown,r68Yr9RPWEp5fW2ZF,True,15
train,4630,data/video-r68Yr9RPWEp5fW2ZF-frame-014240-9k9Sag4NTArWcfxTx.jpg,640,512,city_street,unknown,r68Yr9RPWEp5fW2ZF,True,19
train,4631,data/video-r68Yr9RPWEp5fW2ZF-frame-014250-eYHeaSg2Y7GKvaZWk.jpg,640,512,city_street,unknown,r68Yr9RPWEp5fW2ZF,True,17
train,4632,data/video-r68Yr9RPWEp5fW2ZF-frame-014260-gW3DRNNHrd62SuWkK.jpg,640,512,city_street,unknown,r68Yr9RPWEp5fW2ZF,True,15
train,4633,data/video-r68Yr9RPWEp5fW2ZF-frame-014270-HFtnyXmEF7oFC7gRJ.jpg,640,512,city_street,unknown,r68Yr9RPWEp5fW2ZF,True,8
train,4634,data/video-r68Yr9RPWEp5fW2ZF-frame-014280-YAQXRQt7QBzmtJMxe.jpg,640,512,city_street,unknown,r68Yr9RPWEp5fW2ZF,True,6
train,4635,data/video-r68Yr9RPWEp5fW2ZF-frame-014290-sXsHPYXfKnzKCjanR.jpg,640,512,city_street,unknown,r68Yr9RPWEp5fW2ZF,True,7
train,4636,data/video-r68Yr9RPWEp5fW2ZF-frame-014300-PyYGe5Frzzjqmm9jr.jpg,640,512,city_street,unknown,r68Yr9RPWEp5fW2ZF,True,6
train,4637,data/video-r68Yr9RPWEp5fW2ZF-frame-014310-ycEKdD6pNJrowWX6k.jpg,640,512,city_street,unknown,r68Yr9RPWEp5fW2ZF,True,6
train,4638,data/video-r68Yr9RPWEp5fW2ZF-frame-014320-ndg7aaWLqWgqyKaMR.jpg,640,512,city_street,unknown,r68Yr9RPWEp5fW2ZF,True,7
train,4639,data/video-r68Yr9RPWEp5fW2ZF-frame-014330-xk5Barw9hfPbfgAd3.jpg,640,512,city_street,unknown,r68Yr9RPWEp5fW2ZF,True,4
train,4640,data/video-r68Yr9RPWEp5fW2ZF-frame-014340-6scuAKdTwSKhkzHaY.jpg,640,512,city_street,unknown,r68Yr9RPWEp5fW2ZF,True,4
train,4641,data/video-r68Yr9RPWEp5fW2ZF-frame-014350-RiKjumrwyYx7dHMsS.jpg,640,512,city_street,unknown,r68Yr9RPWEp5fW2ZF,True,3
train,4642,data/video-r68Yr9RPWEp5fW2ZF-frame-014360-pJTtxAMShHy4hxzxd.jpg,640,512,city_street,unknown,r68Yr9RPWEp5fW2ZF,True,3
train,4643,data/video-r68Yr9RPWEp5fW2ZF-frame-014370-srTsSuiRy9XgkRoDx.jpg,640,512,city_street,unknown,r68Yr9RPWEp5fW2ZF,True,4
train,4644,data/video-r68Yr9RPWEp5fW2ZF-frame-014380-mi5bz8XAzTxn6CsRT.jpg,640,512,city_street,unknown,r68Yr9RPWEp5fW2ZF,True,4
train,4646,data/video-r68Yr9RPWEp5fW2ZF-frame-014400-Duq5fnnJa9bosX6XT.jpg,640,512,city_street,unknown,r68Yr9RPWEp5fW2ZF,True,8
train,4647,data/video-r68Yr9RPWEp5fW2ZF-frame-014410-dpXTQNY8AfsLpjC8p.jpg,640,512,city_street,unknown,r68Yr9RPWEp5fW2ZF,True,10
train,4653,data/video-r68Yr9RPWEp5fW2ZF-frame-014470-YhK94rFkEY9uxBz6u.jpg,640,512,city_street,unknown,r68Yr9RPWEp5fW2ZF,True,8
train,4654,data/video-r68Yr9RPWEp5fW2ZF-frame-014480-YYTR5jLenMtSTzPsy.jpg,640,512,city_street,unknown,r68Yr9RPWEp5fW2ZF,True,7
train,4656,data/video-r68Yr9RPWEp5fW2ZF-frame-014500-8JHG4eihBNutGh9Hd.jpg,640,512,city_street,unknown,r68Yr9RPWEp5fW2ZF,True,6
train,4657,data/video-r68Yr9RPWEp5fW2ZF-frame-014510-6RJBHb7WP82WSTTg5.jpg,640,512,city_street,unknown,r68Yr9RPWEp5fW2ZF,True,6
train,4658,data/video-r68Yr9RPWEp5fW2ZF-frame-014520-FJqkXMR3HkX4fxrvc.jpg,640,512,city_street,unknown,r68Yr9RPWEp5fW2ZF,True,7
train,4659,data/video-r68Yr9RPWEp5fW2ZF-frame-014530-Mu7iAqq5Sv9xwh46c.jpg,640,512,city_street,unknown,r68Yr9RPWEp5fW2ZF,True,6
train,4660,data/video-r68Yr9RPWEp5fW2ZF-frame-014540-sAyMCQTg6uz2wwAYD.jpg,640,512,city_street,unknown,r68Yr9RPWEp5fW2ZF,True,5
train,4661,data/video-r68Yr9RPWEp5fW2ZF-frame-014550-Ts7c5BuqDtqv5aJxH.jpg,640,512,city_street,unknown,r68Yr9RPWEp5fW2ZF,True,6
train,4662,data/video-r68Yr9RPWEp5fW2ZF-frame-014560-H97EWpYagSJmeMcnd.jpg,640,512,city_street,unknown,r68Yr9RPWEp5fW2ZF,True,6
train,4663,data/video-r68Yr9RPWEp5fW2ZF-frame-014570-qMY4f76jBRNNHHfui.jpg,640,512,city_street,unknown,r68Yr9RPWEp5fW2ZF,True,6
train,4664,data/video-r68Yr9RPWEp5fW2ZF-frame-014580-jZk62TWoZYp36iRKC.jpg,640,512,city_street,unknown,r68Yr9RPWEp5fW2ZF,True,8
train,4665,data/video-r68Yr9RPWEp5fW2ZF-frame-014590-rgspRvnGmyqbAnWvx.jpg,640,512,city_street,unknown,r68Yr9RPWEp5fW2ZF,True,8
train,4666,data/video-r68Yr9RPWEp5fW2ZF-frame-014600-D7hzzJSwdANPRJHKh.jpg,640,512,city_street,unknown,r68Yr9RPWEp5fW2ZF,True,6
train,4667,data/video-r68Yr9RPWEp5fW2ZF-frame-014610-CszXCNqEQLzLnLw6T.jpg,640,512,city_street,unknown,r68Yr9RPWEp5fW2ZF,True,8
train,4668,data/video-r68Yr9RPWEp5fW2ZF-frame-014620-b7CE678JxBe475zMB.jpg,640,512,city_street,unknown,r68Yr9RPWEp5fW2ZF,True,7
train,4669,data/video-r68Yr9RPWEp5fW2ZF-frame-014630-yKnzqrQBNv5pQ5ztP.jpg,640,512,city_street,unknown,r68Yr9RPWEp5fW2ZF,True,6
train,4672,data/video-r68Yr9RPWEp5fW2ZF-frame-014660-25SqqbnNHGNQriDnp.jpg,640,512,city_street,unknown,r68Yr9RPWEp5fW2ZF,True,7
train,4679,data/video-r68Yr9RPWEp5fW2ZF-frame-014730-Se2gWMqEPgscx7KoC.jpg,640,512,city_street,unknown,r68Yr9RPWEp5fW2ZF,True,8
train,4680,data/video-r68Yr9RPWEp5fW2ZF-frame-014740-iNiLnXAt8nt6Awnsi.jpg,640,512,city_street,unknown,r68Yr9RPWEp5fW2ZF,True,9
train,4681,data/video-r68Yr9RPWEp5fW2ZF-frame-014750-nRTRpZ39EcHDrFwR7.jpg,640,512,city_street,unknown,r68Yr9RPWEp5fW2ZF,True,8
train,4682,data/video-r68Yr9RPWEp5fW2ZF-frame-014760-D5RiqPCyhhpGsWxcQ.jpg,640,512,city_street,unknown,r68Yr9RPWEp5fW2ZF,True,7
train,4684,data/video-r68Yr9RPWEp5fW2ZF-frame-014780-Qcr2zNkgjFM3oJvGi.jpg,640,512,city_street,unknown,r68Yr9RPWEp5fW2ZF,True,9
train,4685,data/video-r68Yr9RPWEp5fW2ZF-frame-014790-aQh6EkQhxnRPes7Hd.jpg,640,512,city_street,unknown,r68Yr9RPWEp5fW2ZF,True,7
train,4686,data/video-r68Yr9RPWEp5fW2ZF-frame-014800-AhaEsaMCoxjizoEMS.jpg,640,512,city_street,unknown,r68Yr9RPWEp5fW2ZF,True,7
train,4687,data/video-r68Yr9RPWEp5fW2ZF-frame-014810-xaJqRtDpCemovpFuq.jpg,640,512,city_street,unknown,r68Yr9RPWEp5fW2ZF,True,9
train,4688,data/video-r68Yr9RPWEp5fW2ZF-frame-014820-hJbYdhLKSFbzsATww.jpg,640,512,city_street,unknown,r68Yr9RPWEp5fW2ZF,True,5
train,4689,data/video-r68Yr9RPWEp5fW2ZF-frame-014830-vfftdjRdagAAPNEEs.jpg,640,512,city_street,unknown,r68Yr9RPWEp5fW2ZF,True,4
train,4690,data/video-r68Yr9RPWEp5fW2ZF-frame-014840-duMcdYHJTe3c6MqB7.jpg,640,512,city_street,unknown,r68Yr9RPWEp5fW2ZF,True,4
train,4692,data/video-r68Yr9RPWEp5fW2ZF-frame-015425-TANBJpCZkZ8gTWYZc.jpg,640,512,city_street,unknown,r68Yr9RPWEp5fW2ZF,True,18
train,4693,data/video-r68Yr9RPWEp5fW2ZF-frame-015435-d5JcM4Egz9cRMpX5q.jpg,640,512,city_street,unknown,r68Yr9RPWEp5fW2ZF,True,15
train,4694,data/video-r68Yr9RPWEp5fW2ZF-frame-015445-KB882ddCWkbanqmcz.jpg,640,512,city_street,unknown,r68Yr9RPWEp5fW2ZF,True,16
train,4695,data/video-r68Yr9RPWEp5fW2ZF-frame-015455-zJwDiPogYgs56gAq2.jpg,640,512,city_street,unknown,r68Yr9RPWEp5fW2ZF,True,18
train,4696,data/video-r68Yr9RPWEp5fW2ZF-frame-015465-Kfhe2bhQ3b4GSF95b.jpg,640,512,city_street,unknown,r68Yr9RPWEp5fW2ZF,True,16
train,4697,data/video-r68Yr9RPWEp5fW2ZF-frame-015475-5ibfTegJCTTbk7Tcw.jpg,640,512,city_street,unknown,r68Yr9RPWEp5fW2ZF,True,15
train,4698,data/video-r68Yr9RPWEp5fW2ZF-frame-015485-z7QyBNH3Kmgs6LKcm.jpg,640,512,city_street,unknown,r68Yr9RPWEp5fW2ZF,True,15
train,4699,data/video-r68Yr9RPWEp5fW2ZF-frame-015495-WenzDtDk3NTCDhi3Y.jpg,640,512,city_street,unknown,r68Yr9RPWEp5fW2ZF,True,13
train,4700,data/video-r68Yr9RPWEp5fW2ZF-frame-015505-cKSaZdSGxWH3uu2o9.jpg,640,512,city_street,unknown,r68Yr9RPWEp5fW2ZF,True,12
train,4701,data/video-r68Yr9RPWEp5fW2ZF-frame-015515-gwkys92rE9SM78dDt.jpg,640,512,city_street,unknown,r68Yr9RPWEp5fW2ZF,True,11
train,4702,data/video-r68Yr9RPWEp5fW2ZF-frame-015525-4Fma8RKeptdYGsdw6.jpg,640,512,city_street,unknown,r68Yr9RPWEp5fW2ZF,True,11
train,4704,data/video-r68Yr9RPWEp5fW2ZF-frame-015545-ZMjBDHmBSaAPd8H7P.jpg,640,512,city_street,unknown,r68Yr9RPWEp5fW2ZF,True,13
train,4705,data/video-r68Yr9RPWEp5fW2ZF-frame-015555-iSuaRR8DuxAxopejs.jpg,640,512,city_street,unknown,r68Yr9RPWEp5fW2ZF,True,13
train,4706,data/video-r68Yr9RPWEp5fW2ZF-frame-015565-tkzeTZgduun4TrAqu.jpg,640,512,city_street,unknown,r68Yr9RPWEp5fW2ZF,True,12
train,4707,data/video-r68Yr9RPWEp5fW2ZF-frame-015575-dqxsJsiqBxZkCjf2g.jpg,640,512,city_street,unknown,r68Yr9RPWEp5fW2ZF,True,10
train,4708,data/video-r68Yr9RPWEp5fW2ZF-frame-015585-rtrQ2FxvRwm7ZyGgr.jpg,640,512,city_street,unknown,r68Yr9RPWEp5fW2ZF,True,9
train,4709,data/video-r68Yr9RPWEp5fW2ZF-frame-015595-7uZ6rGao2QhN4LjsQ.jpg,640,512,city_street,unknown,r68Yr9RPWEp5fW2ZF,True,9
train,4710,data/video-r68Yr9RPWEp5fW2ZF-frame-015605-xZNrEyPfmDB6GJc86.jpg,640,512,city_street,unknown,r68Yr9RPWEp5fW2ZF,True,8
train,4711,data/video-r68Yr9RPWEp5fW2ZF-frame-015615-28jMCpepjHZ2uuwtz.jpg,640,512,city_street,unknown,r68Yr9RPWEp5fW2ZF,True,7
train,4712,data/video-r68Yr9RPWEp5fW2ZF-frame-015625-PZC92m3jv3zHNRLoD.jpg,640,512,city_street,unknown,r68Yr9RPWEp5fW2ZF,True,11
train,4713,data/video-r68Yr9RPWEp5fW2ZF-frame-015635-W5vosyXhecEiyvFK5.jpg,640,512,city_street,unknown,r68Yr9RPWEp5fW2ZF,True,9
train,4714,data/video-r68Yr9RPWEp5fW2ZF-frame-015645-72ukYYwnLSLXK85z5.jpg,640,512,city_street,unknown,r68Yr9RPWEp5fW2ZF,True,9
train,4715,data/video-r68Yr9RPWEp5fW2ZF-frame-015655-79t2w3g49vY6BcpM4.jpg,640,512,city_street,unknown,r68Yr9RPWEp5fW2ZF,True,9
train,4716,data/video-r68Yr9RPWEp5fW2ZF-frame-015665-TFJDPaCLNkQy6AtaT.jpg,640,512,city_street,unknown,r68Yr9RPWEp5fW2ZF,True,10
train,4717,data/video-r68Yr9RPWEp5fW2ZF-frame-015675-jzuZEzuL3uqZSwseh.jpg,640,512,city_street,unknown,r68Yr9RPWEp5fW2ZF,True,8
train,4718,data/video-r68Yr9RPWEp5fW2ZF-frame-015685-5E785TLswriS24q74.jpg,640,512,city_street,unknown,r68Yr9RPWEp5fW2ZF,True,8
train,4719,data/video-r68Yr9RPWEp5fW2ZF-frame-015695-dpP6rr2ZL4v2ASW53.jpg,640,512,city_street,unknown,r68Yr9RPWEp5fW2ZF,True,10
train,4720,data/video-r68Yr9RPWEp5fW2ZF-frame-015705-3ZwEmmH7dBgKfoRm8.jpg,640,512,city_street,unknown,r68Yr9RPWEp5fW2ZF,True,7
train,4721,data/video-r68Yr9RPWEp5fW2ZF-frame-015715-JKDaBckeyx9teW94H.jpg,640,512,city_street,unknown,r68Yr9RPWEp5fW2ZF,True,2
train,4722,data/video-r68Yr9RPWEp5fW2ZF-frame-015725-9ttuLpNtdwFGrqDw7.jpg,640,512,city_street,unknown,r68Yr9RPWEp5fW2ZF,True,7
train,4723,data/video-r68Yr9RPWEp5fW2ZF-frame-015735-EFkk3PFxf3Z5bSbWT.jpg,640,512,city_street,unknown,r68Yr9RPWEp5fW2ZF,True,9
train,4724,data/video-r68Yr9RPWEp5fW2ZF-frame-015745-DNy9ToWgQwAGNhGbK.jpg,640,512,city_street,unknown,r68Yr9RPWEp5fW2ZF,True,4
train,4725,data/video-r68Yr9RPWEp5fW2ZF-frame-015755-GzyNQuPfZZqhbqjBM.jpg,640,512,city_street,unknown,r68Yr9RPWEp5fW2ZF,True,6
train,4726,data/video-r68Yr9RPWEp5fW2ZF-frame-015765-tn2KuKe2nb2NEfFDj.jpg,640,512,city_street,unknown,r68Yr9RPWEp5fW2ZF,True,6
train,4727,data/video-r68Yr9RPWEp5fW2ZF-frame-016799-BGj7m2hWwERe6LE7S.jpg,640,512,city_street,unknown,r68Yr9RPWEp5fW2ZF,False,0
train,4728,data/video-r68Yr9RPWEp5fW2ZF-frame-016809-35LGAxt33NSPvhEqS.jpg,640,512,city_street,unknown,r68Yr9RPWEp5fW2ZF,True,2
train,4729,data/video-r68Yr9RPWEp5fW2ZF-frame-016819-33zpyrNAt75kwJcGk.jpg,640,512,city_street,unknown,r68Yr9RPWEp5fW2ZF,True,2
train,4730,data/video-r68Yr9RPWEp5fW2ZF-frame-016829-h2DZ96Fb5B6aJTF4A.jpg,640,512,city_street,unknown,r68Yr9RPWEp5fW2ZF,True,2
train,4731,data/video-r68Yr9RPWEp5fW2ZF-frame-016839-zSNKqNFEtbzyMPJF3.jpg,640,512,city_street,unknown,r68Yr9RPWEp5fW2ZF,True,2
train,4732,data/video-r68Yr9RPWEp5fW2ZF-frame-016849-NaZSTa6jKHfEEmdFa.jpg,640,512,city_street,unknown,r68Yr9RPWEp5fW2ZF,True,2
train,4733,data/video-r68Yr9RPWEp5fW2ZF-frame-016859-M5FGqDqm6N92tgqpH.jpg,640,512,city_street,unknown,r68Yr9RPWEp5fW2ZF,True,3
train,4734,data/video-r68Yr9RPWEp5fW2ZF-frame-016869-vSjrDxJjHxfbsMune.jpg,640,512,city_street,unknown,r68Yr9RPWEp5fW2ZF,True,3
train,4735,data/video-r68Yr9RPWEp5fW2ZF-frame-016879-LSsozJeYLWc9eEFsY.jpg,640,512,city_street,unknown,r68Yr9RPWEp5fW2ZF,True,3
train,4736,data/video-r68Yr9RPWEp5fW2ZF-frame-016889-BcHssq6qdDyNoB2Fc.jpg,640,512,city_street,unknown,r68Yr9RPWEp5fW2ZF,True,3
train,4737,data/video-r68Yr9RPWEp5fW2ZF-frame-016899-aJLWbPn9SHHTc3rSY.jpg,640,512,city_street,unknown,r68Yr9RPWEp5fW2ZF,True,3
train,4738,data/video-r68Yr9RPWEp5fW2ZF-frame-016909-oF6LxSAf5yt5R9fuh.jpg,640,512,city_street,unknown,r68Yr9RPWEp5fW2ZF,True,3
train,4739,data/video-r68Yr9RPWEp5fW2ZF-frame-016919-Hdwvb3dCfNR5teZaJ.jpg,640,512,city_street,unknown,r68Yr9RPWEp5fW2ZF,True,2
train,4740,data/video-r68Yr9RPWEp5fW2ZF-frame-016929-eLFZX6c9ZbCFMFzix.jpg,640,512,city_street,unknown,r68Yr9RPWEp5fW2ZF,True,3
train,4741,data/video-r68Yr9RPWEp5fW2ZF-frame-016939-TDvKQxgoRN2SJB82s.jpg,640,512,city_street,unknown,r68Yr9RPWEp5fW2ZF,True,3
train,4742,data/video-r68Yr9RPWEp5fW2ZF-frame-016949-dSbmbFkGjGpSavpEk.jpg,640,512,city_street,unknown,r68Yr9RPWEp5fW2ZF,True,2
train,4743,data/video-r68Yr9RPWEp5fW2ZF-frame-016959-DZPotQoowo3eKKKWu.jpg,640,512,city_street,unknown,r68Yr9RPWEp5fW2ZF,True,3
train,4750,data/video-r68Yr9RPWEp5fW2ZF-frame-017029-FZsB6jxfZG4hR9Y4R.jpg,640,512,city_street,unknown,r68Yr9RPWEp5fW2ZF,True,3
train,4752,data/video-r68Yr9RPWEp5fW2ZF-frame-017049-7N65fuYiseShjb9Pu.jpg,640,512,city_street,unknown,r68Yr9RPWEp5fW2ZF,True,3
train,4753,data/video-r68Yr9RPWEp5fW2ZF-frame-017059-gqSkgsyMqcCxckLww.jpg,640,512,city_street,unknown,r68Yr9RPWEp5fW2ZF,True,3
train,4754,data/video-r68Yr9RPWEp5fW2ZF-frame-017069-go8sEgkK9GczSRgHC.jpg,640,512,city_street,unknown,r68Yr9RPWEp5fW2ZF,True,3
train,4755,data/video-r68Yr9RPWEp5fW2ZF-frame-017079-2KT8ebWQoZtWQNWkP.jpg,640,512,city_street,unknown,r68Yr9RPWEp5fW2ZF,True,3
train,4758,data/video-r68Yr9RPWEp5fW2ZF-frame-017109-C3xKMoAxykgjtgJ95.jpg,640,512,city_street,unknown,r68Yr9RPWEp5fW2ZF,True,3
train,5014,data/video-vbhpsNpMoX2Qbhw2A-frame-000000-WJeQekQrbYEBsfWPG.jpg,640,512,parking_lot,unknown,vbhpsNpMoX2Qbhw2A,True,1
train,5019,data/video-vbhpsNpMoX2Qbhw2A-frame-000444-pNNudwAeoom22zruC.jpg,640,512,city_street,unknown,vbhpsNpMoX2Qbhw2A,True,3
train,5020,data/video-vbhpsNpMoX2Qbhw2A-frame-000454-vNvy7ybvF8Tcy5byA.jpg,640,512,city_street,unknown,vbhpsNpMoX2Qbhw2A,True,3
train,5021,data/video-vbhpsNpMoX2Qbhw2A-frame-000464-34h56D8wTH4AXyuY6.jpg,640,512,city_street,unknown,vbhpsNpMoX2Qbhw2A,True,3
train,5022,data/video-vbhpsNpMoX2Qbhw2A-frame-000474-viPeYGEPX6ZRRfXND.jpg,640,512,city_street,unknown,vbhpsNpMoX2Qbhw2A,True,2
train,5023,data/video-vbhpsNpMoX2Qbhw2A-frame-000484-Ey9PEzQXxc7DLZSrG.jpg,640,512,city_street,unknown,vbhpsNpMoX2Qbhw2A,True,3
train,5024,data/video-vbhpsNpMoX2Qbhw2A-frame-000494-tZ5BpRYqJygv94NZD.jpg,640,512,city_street,unknown,vbhpsNpMoX2Qbhw2A,True,3
train,5025,data/video-vbhpsNpMoX2Qbhw2A-frame-000504-sAuBaCHRmZDift7xi.jpg,640,512,city_street,unknown,vbhpsNpMoX2Qbhw2A,True,3
train,5026,data/video-vbhpsNpMoX2Qbhw2A-frame-000514-kXeZrNgDAs9jMK8Tf.jpg,640,512,city_street,unknown,vbhpsNpMoX2Qbhw2A,True,3
train,5027,data/video-vbhpsNpMoX2Qbhw2A-frame-000524-TexSDmcxHir9uLjtY.jpg,640,512,city_street,unknown,vbhpsNpMoX2Qbhw2A,True,3
train,5028,data/video-vbhpsNpMoX2Qbhw2A-frame-000534-MfwtKpPY6i2BWJhTf.jpg,640,512,city_street,unknown,vbhpsNpMoX2Qbhw2A,True,3
train,5029,data/video-vbhpsNpMoX2Qbhw2A-frame-000544-M22qZvhh7mxS4Dppq.jpg,640,512,city_street,unknown,vbhpsNpMoX2Qbhw2A,True,3
train,5030,data/video-vbhpsNpMoX2Qbhw2A-frame-000554-6YJYsyWyw6x8ud64M.jpg,640,512,city_street,unknown,vbhpsNpMoX2Qbhw2A,True,3
train,5031,data/video-vbhpsNpMoX2Qbhw2A-frame-000564-vqPRXFMJC9MJXqBmc.jpg,640,512,city_street,unknown,vbhpsNpMoX2Qbhw2A,True,2
train,5032,data/video-vbhpsNpMoX2Qbhw2A-frame-000574-LGNrDBYoJcwSrpoek.jpg,640,512,city_street,unknown,vbhpsNpMoX2Qbhw2A,True,2
train,5037,data/video-vbhpsNpMoX2Qbhw2A-frame-000618-dW38hhh7WXycYwuxK.jpg,640,512,city_street,unknown,vbhpsNpMoX2Qbhw2A,True,1
train,5044,data/video-vbhpsNpMoX2Qbhw2A-frame-000895-75WsPTaqDtojR2tff.jpg,640,512,city_street,unknown,vbhpsNpMoX2Qbhw2A,True,2
train,5045,data/video-vbhpsNpMoX2Qbhw2A-frame-000905-5FbgnbeRD4EjnkWtG.jpg,640,512,city_street,unknown,vbhpsNpMoX2Qbhw2A,True,2
train,5046,data/video-vbhpsNpMoX2Qbhw2A-frame-000915-gaEYngSji9kPrQ9WJ.jpg,640,512,city_street,unknown,vbhpsNpMoX2Qbhw2A,True,2
train,5047,data/video-vbhpsNpMoX2Qbhw2A-frame-000925-7pLcFtNiAz8NkzPvQ.jpg,640,512,city_street,unknown,vbhpsNpMoX2Qbhw2A,True,2
train,5048,data/video-vbhpsNpMoX2Qbhw2A-frame-000935-qo7cLHe2uy9D7Rbjs.jpg,640,512,highway,unknown,vbhpsNpMoX2Qbhw2A,True,2
train,5049,data/video-vbhpsNpMoX2Qbhw2A-frame-000945-q6b9RSHcNDuev3ZZE.jpg,640,512,highway,unknown,vbhpsNpMoX2Qbhw2A,True,2
train,5050,data/video-vbhpsNpMoX2Qbhw2A-frame-000955-k5eKKyMiaDhAEzHG5.jpg,640,512,highway,unknown,vbhpsNpMoX2Qbhw2A,True,2
train,5051,data/video-vbhpsNpMoX2Qbhw2A-frame-000965-AhFfadBR3q3fzPHF8.jpg,640,512,city_street,unknown,vbhpsNpMoX2Qbhw2A,True,2
train,5052,data/video-vbhpsNpMoX2Qbhw2A-frame-000975-8dAv4oxgNNXWj7xmP.jpg,640,512,highway,unknown,vbhpsNpMoX2Qbhw2A,True,1
train,5053,data/video-vbhpsNpMoX2Qbhw2A-frame-000985-GJqeJp6XjBBGNM3jt.jpg,640,512,city_street,unknown,vbhpsNpMoX2Qbhw2A,True,1
train,5054,data/video-vbhpsNpMoX2Qbhw2A-frame-000995-S6xAv2LEqcdwSZnHH.jpg,640,512,highway,unknown,vbhpsNpMoX2Qbhw2A,True,2
train,5055,data/video-vbhpsNpMoX2Qbhw2A-frame-001005-i2rAKM8JLWFMaWRox.jpg,640,512,highway,unknown,vbhpsNpMoX2Qbhw2A,True,2
train,5056,data/video-vbhpsNpMoX2Qbhw2A-frame-001015-pmha9n2fnwZbDHWov.jpg,640,512,highway,unknown,vbhpsNpMoX2Qbhw2A,True,2
train,5057,data/video-vbhpsNpMoX2Qbhw2A-frame-001025-Tm4PeKCwQfdu4o9pK.jpg,640,512,highway,unknown,vbhpsNpMoX2Qbhw2A,True,1
train,5058,data/video-vbhpsNpMoX2Qbhw2A-frame-001035-zBgWqbuwKevMZCTNk.jpg,640,512,highway,unknown,vbhpsNpMoX2Qbhw2A,False,0
train,5059,data/video-vbhpsNpMoX2Qbhw2A-frame-001045-YFntBLDHPcXAcTmYw.jpg,640,512,highway,clear,vbhpsNpMoX2Qbhw2A,True,2
train,5060,data/video-vbhpsNpMoX2Qbhw2A-frame-001055-yusdv5j9WijrEwacr.jpg,640,512,highway,unknown,vbhpsNpMoX2Qbhw2A,True,2
train,5061,data/video-vbhpsNpMoX2Qbhw2A-frame-001065-SnqqqYPJe4zxkDkJs.jpg,640,512,highway,unknown,vbhpsNpMoX2Qbhw2A,True,1
train,5062,data/video-vbhpsNpMoX2Qbhw2A-frame-001075-83TqMg6cKswRLsgBS.jpg,640,512,highway,unknown,vbhpsNpMoX2Qbhw2A,True,1
train,5063,data/video-vbhpsNpMoX2Qbhw2A-frame-001085-8uWEq6sjXsMFnQfMF.jpg,640,512,highway,unknown,vbhpsNpMoX2Qbhw2A,True,1
train,5064,data/video-vbhpsNpMoX2Qbhw2A-frame-001095-8vHJA98RdBih6zZCR.jpg,640,512,highway,unknown,vbhpsNpMoX2Qbhw2A,True,1
train,5065,data/video-vbhpsNpMoX2Qbhw2A-frame-001105-zeb7ZY4NBkJec96T4.jpg,640,512,highway,unknown,vbhpsNpMoX2Qbhw2A,True,1
train,5066,data/video-vbhpsNpMoX2Qbhw2A-frame-001115-WwGXwitZjr3ikW96L.jpg,640,512,highway,unknown,vbhpsNpMoX2Qbhw2A,False,0
train,5067,data/video-vbhpsNpMoX2Qbhw2A-frame-001125-8DcS4ReRcwKhqvRsM.jpg,640,512,highway,unknown,vbhpsNpMoX2Qbhw2A,True,1
train,5068,data/video-vbhpsNpMoX2Qbhw2A-frame-001135-rs9kMyt3XaHbcKBq5.jpg,640,512,highway,unknown,vbhpsNpMoX2Qbhw2A,True,2
train,5069,data/video-vbhpsNpMoX2Qbhw2A-frame-001145-5JW9d3xcDa3aqEid3.jpg,640,512,highway,unknown,vbhpsNpMoX2Qbhw2A,True,1
train,5070,data/video-vbhpsNpMoX2Qbhw2A-frame-001155-KxXogmserhYke4pu7.jpg,640,512,city_street,unknown,vbhpsNpMoX2Qbhw2A,True,1
train,5071,data/video-vbhpsNpMoX2Qbhw2A-frame-001165-JKysjPsuGmPpinqrE.jpg,640,512,highway,unknown,vbhpsNpMoX2Qbhw2A,True,2
train,5072,data/video-vbhpsNpMoX2Qbhw2A-frame-001175-rcBWrriqrioJBfJAw.jpg,640,512,highway,unknown,vbhpsNpMoX2Qbhw2A,True,2
train,5073,data/video-vbhpsNpMoX2Qbhw2A-frame-001185-vjeo49sttSekN5rWF.jpg,640,512,city_street,unknown,vbhpsNpMoX2Qbhw2A,True,2
train,5074,data/video-vbhpsNpMoX2Qbhw2A-frame-001195-iE2azpgPSJBePXCvH.jpg,640,512,city_street,unknown,vbhpsNpMoX2Qbhw2A,True,2
train,5075,data/video-vbhpsNpMoX2Qbhw2A-frame-001205-rmz8sxnov6dYmBLYv.jpg,640,512,highway,unknown,vbhpsNpMoX2Qbhw2A,True,1
train,5076,data/video-vbhpsNpMoX2Qbhw2A-frame-001215-GTvnfWdxCMAeFqYhv.jpg,640,512,highway,unknown,vbhpsNpMoX2Qbhw2A,True,1
train,5077,data/video-vbhpsNpMoX2Qbhw2A-frame-001225-MuLduTn2SzQHWuWJm.jpg,640,512,highway,unknown,vbhpsNpMoX2Qbhw2A,True,1
train,5078,data/video-vbhpsNpMoX2Qbhw2A-frame-001235-Ry8kFqr8xaBfSJDH3.jpg,640,512,highway,unknown,vbhpsNpMoX2Qbhw2A,True,2
train,5082,data/video-vbhpsNpMoX2Qbhw2A-frame-001275-PewbphrfAsBmjEuv5.jpg,640,512,highway,unknown,vbhpsNpMoX2Qbhw2A,True,1
train,5083,data/video-vbhpsNpMoX2Qbhw2A-frame-001285-P2NZn563ocpNTqQAQ.jpg,640,512,highway,unknown,vbhpsNpMoX2Qbhw2A,True,2
train,5084,data/video-vbhpsNpMoX2Qbhw2A-frame-001295-vp5SFzyMafyNa7Hfe.jpg,640,512,highway,unknown,vbhpsNpMoX2Qbhw2A,True,1
train,5085,data/video-vbhpsNpMoX2Qbhw2A-frame-001305-mQxFXTB4qBZsrrdAB.jpg,640,512,highway,unknown,vbhpsNpMoX2Qbhw2A,True,2
train,5086,data/video-vbhpsNpMoX2Qbhw2A-frame-001315-YXEAqtLbLQzwckdi5.jpg,640,512,highway,unknown,vbhpsNpMoX2Qbhw2A,True,2
train,5087,data/video-vbhpsNpMoX2Qbhw2A-frame-001325-yNw4ypFvHPmfb8b42.jpg,640,512,highway,unknown,vbhpsNpMoX2Qbhw2A,True,2
train,5088,data/video-vbhpsNpMoX2Qbhw2A-frame-001335-SLDCcsYGZL5tJZfRh.jpg,640,512,highway,unknown,vbhpsNpMoX2Qbhw2A,True,2
train,5089,data/video-vbhpsNpMoX2Qbhw2A-frame-001345-E6woYrgLc7FmTEn8z.jpg,640,512,highway,unknown,vbhpsNpMoX2Qbhw2A,True,2
train,5090,data/video-vbhpsNpMoX2Qbhw2A-frame-001355-iGvQPPCDcHjrXYGBn.jpg,640,512,highway,unknown,vbhpsNpMoX2Qbhw2A,True,2
train,5091,data/video-vbhpsNpMoX2Qbhw2A-frame-001365-mAepRypAqsETqjWhE.jpg,640,512,highway,unknown,vbhpsNpMoX2Qbhw2A,True,1
train,5092,data/video-vbhpsNpMoX2Qbhw2A-frame-001375-bfTmgNK4iFQtQdMQ9.jpg,640,512,city_street,unknown,vbhpsNpMoX2Qbhw2A,True,1
train,5093,data/video-vbhpsNpMoX2Qbhw2A-frame-001385-WSE9qaq2ntHch9msk.jpg,640,512,city_street,unknown,vbhpsNpMoX2Qbhw2A,True,2
train,5094,data/video-vbhpsNpMoX2Qbhw2A-frame-001395-2Z8yWiz8q6SqHEdz8.jpg,640,512,city_street,unknown,vbhpsNpMoX2Qbhw2A,True,1
train,5095,data/video-vbhpsNpMoX2Qbhw2A-frame-001405-rDeJzf73v75hD9cGb.jpg,640,512,city_street,unknown,vbhpsNpMoX2Qbhw2A,False,0
train,5096,data/video-vbhpsNpMoX2Qbhw2A-frame-001415-s3ShdkbpSBbwNKCrz.jpg,640,512,city_street,unknown,vbhpsNpMoX2Qbhw2A,False,0
train,5097,data/video-vbhpsNpMoX2Qbhw2A-frame-001425-CvfiKLDTTv5J4FQzZ.jpg,640,512,city_street,unknown,vbhpsNpMoX2Qbhw2A,False,0
train,5098,data/video-vbhpsNpMoX2Qbhw2A-frame-001435-uGxL5Y25TeMvPEAYb.jpg,640,512,city_street,unknown,vbhpsNpMoX2Qbhw2A,False,0
train,5106,data/video-vbhpsNpMoX2Qbhw2A-frame-001515-GxsEfTkeDjLXAytd2.jpg,640,512,highway,unknown,vbhpsNpMoX2Qbhw2A,False,0
train,5113,data/video-vbhpsNpMoX2Qbhw2A-frame-001585-rdRb2SFFE9BAJgZaH.jpg,640,512,city_street,unknown,vbhpsNpMoX2Qbhw2A,False,0
train,5114,data/video-vbhpsNpMoX2Qbhw2A-frame-001595-foBwx8LWBKF9GPLLg.jpg,640,512,highway,unknown,vbhpsNpMoX2Qbhw2A,False,0
train,5115,data/video-vbhpsNpMoX2Qbhw2A-frame-001605-baknM5dmDRpzLEbYp.jpg,640,512,city_street,unknown,vbhpsNpMoX2Qbhw2A,False,0
train,5117,data/video-vbhpsNpMoX2Qbhw2A-frame-001625-zo8rNg7z3hZhHPtXS.jpg,640,512,city_street,unknown,vbhpsNpMoX2Qbhw2A,False,0
train,5118,data/video-vbhpsNpMoX2Qbhw2A-frame-001635-JAZhkF9Cj6JXjZzJv.jpg,640,512,city_street,unknown,vbhpsNpMoX2Qbhw2A,False,0
train,5119,data/video-vbhpsNpMoX2Qbhw2A-frame-001645-k6zmPSb4zgYjmEJMX.jpg,640,512,highway,unknown,vbhpsNpMoX2Qbhw2A,False,0
train,5122,data/video-vbhpsNpMoX2Qbhw2A-frame-001675-hPpMNok2ttogsYbMQ.jpg,640,512,city_street,unknown,vbhpsNpMoX2Qbhw2A,False,0
train,5123,data/video-vbhpsNpMoX2Qbhw2A-frame-001685-6ckgGftZJjFGwtt5p.jpg,640,512,highway,unknown,vbhpsNpMoX2Qbhw2A,False,0
train,5124,data/video-vbhpsNpMoX2Qbhw2A-frame-001695-QADWGP5JyqBTvm3Ff.jpg,640,512,highway,unknown,vbhpsNpMoX2Qbhw2A,False,0
train,5125,data/video-vbhpsNpMoX2Qbhw2A-frame-001705-RMtShywed5qBxHc4A.jpg,640,512,city_street,unknown,vbhpsNpMoX2Qbhw2A,False,0
train,5126,data/video-vbhpsNpMoX2Qbhw2A-frame-001715-6nt9iAE6Cj9A6cBmJ.jpg,640,512,city_street,unknown,vbhpsNpMoX2Qbhw2A,False,0
train,5127,data/video-vbhpsNpMoX2Qbhw2A-frame-001725-2CSR6xzLtrrYXoH2f.jpg,640,512,city_street,unknown,vbhpsNpMoX2Qbhw2A,False,0
train,5128,data/video-vbhpsNpMoX2Qbhw2A-frame-001735-TBt7fxcYnzj3XHzxm.jpg,640,512,city_street,unknown,vbhpsNpMoX2Qbhw2A,False,0
train,5129,data/video-vbhpsNpMoX2Qbhw2A-frame-001745-yxqQYLLe7pYzyCN8H.jpg,640,512,city_street,unknown,vbhpsNpMoX2Qbhw2A,False,0
train,5130,data/video-vbhpsNpMoX2Qbhw2A-frame-001755-APkpR44rsP2qaHXjm.jpg,640,512,city_street,unknown,vbhpsNpMoX2Qbhw2A,False,0
train,5131,data/video-vbhpsNpMoX2Qbhw2A-frame-001765-JDnmQvkqaThTRK6XP.jpg,640,512,city_street,unknown,vbhpsNpMoX2Qbhw2A,False,0
train,5132,data/video-vbhpsNpMoX2Qbhw2A-frame-001775-74Z2zdZGMXQq9vLAS.jpg,640,512,city_street,unknown,vbhpsNpMoX2Qbhw2A,False,0
train,5138,data/video-vbhpsNpMoX2Qbhw2A-frame-004031-7nTbxLD4vi8PCpnos.jpg,640,512,city_street,unknown,vbhpsNpMoX2Qbhw2A,False,0
train,5139,data/video-vbhpsNpMoX2Qbhw2A-frame-004481-bt8pHNirfQeph5ghG.jpg,640,512,city_street,unknown,vbhpsNpMoX2Qbhw2A,False,0
train,5141,data/video-vbhpsNpMoX2Qbhw2A-frame-005381-69XAdE3a5p7hGPuYu.jpg,640,512,highway,unknown,vbhpsNpMoX2Qbhw2A,False,0
train,5142,data/video-vbhpsNpMoX2Qbhw2A-frame-005831-BtTQgdaDFMNmcZZHE.jpg,640,512,highway,unknown,vbhpsNpMoX2Qbhw2A,False,0
train,5143,data/video-vbhpsNpMoX2Qbhw2A-frame-005934-ftpjAYJosPHnkxhak.jpg,640,512,highway,unknown,vbhpsNpMoX2Qbhw2A,False,0
train,5144,data/video-vbhpsNpMoX2Qbhw2A-frame-005944-iKiHNmQmwbghNvLh6.jpg,640,512,highway,unknown,vbhpsNpMoX2Qbhw2A,False,0
train,5145,data/video-vbhpsNpMoX2Qbhw2A-frame-005954-n987fgDjWq8Ejm3J5.jpg,640,512,highway,unknown,vbhpsNpMoX2Qbhw2A,False,0
train,5146,data/video-vbhpsNpMoX2Qbhw2A-frame-005964-3TuYQvQHGbSg3cfBg.jpg,640,512,highway,unknown,vbhpsNpMoX2Qbhw2A,False,0
train,5147,data/video-vbhpsNpMoX2Qbhw2A-frame-005974-ftFYrPSGwzXAeR5MW.jpg,640,512,residential,unknown,vbhpsNpMoX2Qbhw2A,False,0
train,5148,data/video-vbhpsNpMoX2Qbhw2A-frame-005984-4Zkem5HruF3jDd82c.jpg,640,512,other,unknown,vbhpsNpMoX2Qbhw2A,False,0
train,5149,data/video-vbhpsNpMoX2Qbhw2A-frame-005994-AyyTy33hFa8quetW6.jpg,640,512,city_street,unknown,vbhpsNpMoX2Qbhw2A,False,0
train,5150,data/video-vbhpsNpMoX2Qbhw2A-frame-006004-YswSniJJCnwF48yZh.jpg,640,512,city_street,unknown,vbhpsNpMoX2Qbhw2A,False,0
train,5151,data/video-vbhpsNpMoX2Qbhw2A-frame-006014-7WM2y2ARY4XX65T74.jpg,640,512,city_street,unknown,vbhpsNpMoX2Qbhw2A,False,0
train,5152,data/video-vbhpsNpMoX2Qbhw2A-frame-006024-E6xivBTkRKgd9ELGe.jpg,640,512,city_street,unknown,vbhpsNpMoX2Qbhw2A,False,0
train,5153,data/video-vbhpsNpMoX2Qbhw2A-frame-006034-LBwEdm4B4uPSPeFBg.jpg,640,512,city_street,unknown,vbhpsNpMoX2Qbhw2A,False,0
train,5154,data/video-vbhpsNpMoX2Qbhw2A-frame-006044-szKfPfT6kG8RjCfGG.jpg,640,512,city_street,unknown,vbhpsNpMoX2Qbhw2A,False,0
train,5155,data/video-vbhpsNpMoX2Qbhw2A-frame-006054-feQuN7mmpDhMekqMS.jpg,640,512,city_street,unknown,vbhpsNpMoX2Qbhw2A,False,0
train,5156,data/video-vbhpsNpMoX2Qbhw2A-frame-006064-R3HJeg2g5FWD6xRky.jpg,640,512,city_street,unknown,vbhpsNpMoX2Qbhw2A,False,0
train,5157,data/video-vbhpsNpMoX2Qbhw2A-frame-006074-yXSw3PQPnYetMghN5.jpg,640,512,city_street,unknown,vbhpsNpMoX2Qbhw2A,False,0
train,5158,data/video-vbhpsNpMoX2Qbhw2A-frame-006084-spqLGijcyhZCr46yD.jpg,640,512,city_street,unknown,vbhpsNpMoX2Qbhw2A,False,0
train,5159,data/video-vbhpsNpMoX2Qbhw2A-frame-006094-4CaWqddomHZYu9YQj.jpg,640,512,city_street,unknown,vbhpsNpMoX2Qbhw2A,False,0
train,5160,data/video-vbhpsNpMoX2Qbhw2A-frame-006104-2FnLish4JqxBh59sj.jpg,640,512,city_street,unknown,vbhpsNpMoX2Qbhw2A,False,0
train,5161,data/video-vbhpsNpMoX2Qbhw2A-frame-006114-74pYjnu9Cx8TYsxvG.jpg,640,512,parking_lot,unknown,vbhpsNpMoX2Qbhw2A,False,0
train,5162,data/video-vbhpsNpMoX2Qbhw2A-frame-006124-hiMFesA2o9u2tbueR.jpg,640,512,city_street,unknown,vbhpsNpMoX2Qbhw2A,False,0
train,5163,data/video-vbhpsNpMoX2Qbhw2A-frame-006134-LFgR29iC2PzmkLTbF.jpg,640,512,city_street,unknown,vbhpsNpMoX2Qbhw2A,False,0
train,5164,data/video-vbhpsNpMoX2Qbhw2A-frame-006144-bhrEtCsgTmt88XrpW.jpg,640,512,parking_lot,unknown,vbhpsNpMoX2Qbhw2A,False,0
train,5165,data/video-vbhpsNpMoX2Qbhw2A-frame-006154-pDneSXqr5w857gYzN.jpg,640,512,city_street,unknown,vbhpsNpMoX2Qbhw2A,False,0
train,5166,data/video-vbhpsNpMoX2Qbhw2A-frame-006164-uLQ2PY6v6t5XLE4P5.jpg,640,512,parking_lot,unknown,vbhpsNpMoX2Qbhw2A,False,0
train,5167,data/video-vbhpsNpMoX2Qbhw2A-frame-006174-qb8JPjazuWYeBD7Mb.jpg,640,512,parking_lot,unknown,vbhpsNpMoX2Qbhw2A,False,0
train,5168,data/video-vbhpsNpMoX2Qbhw2A-frame-006184-feMiKAczcSAhSbBAn.jpg,640,512,parking_lot,unknown,vbhpsNpMoX2Qbhw2A,False,0
train,5169,data/video-vbhpsNpMoX2Qbhw2A-frame-006194-TvmbyJPgAff67fLvT.jpg,640,512,parking_lot,unknown,vbhpsNpMoX2Qbhw2A,False,0
train,5170,data/video-vbhpsNpMoX2Qbhw2A-frame-006204-PTuJ6vahezeNedfE9.jpg,640,512,city_street,unknown,vbhpsNpMoX2Qbhw2A,False,0
train,5171,data/video-vbhpsNpMoX2Qbhw2A-frame-006214-y9pM7tFdNSkjWraL4.jpg,640,512,city_street,unknown,vbhpsNpMoX2Qbhw2A,False,0
train,5172,data/video-vbhpsNpMoX2Qbhw2A-frame-006224-owLfiYb3qzggNCJ2h.jpg,640,512,city_street,unknown,vbhpsNpMoX2Qbhw2A,False,0
train,5173,data/video-vbhpsNpMoX2Qbhw2A-frame-006234-WAEKMWSe4dgJs2J6m.jpg,640,512,other,unknown,vbhpsNpMoX2Qbhw2A,False,0
train,5276,data/video-ydbh3ikFGJFieXswZ-frame-000000-PzHrk4wjTxjdvXgBN.jpg,640,512,city_street,unknown,ydbh3ikFGJFieXswZ,False,0
train,5277,data/video-ydbh3ikFGJFieXswZ-frame-000450-7CAPKPJdwKnSJmvXE.jpg,640,512,highway,unknown,ydbh3ikFGJFieXswZ,False,0
train,5278,data/video-ydbh3ikFGJFieXswZ-frame-000900-nFg4PxhmntefR7fZi.jpg,640,512,city_street,unknown,ydbh3ikFGJFieXswZ,False,0
train,5279,data/video-ydbh3ikFGJFieXswZ-frame-001350-ZYWudGLXH3HhFnHWs.jpg,640,512,highway,unknown,ydbh3ikFGJFieXswZ,False,0
train,5280,data/video-ydbh3ikFGJFieXswZ-frame-001800-2dzaa6kw7Ci5BFbnj.jpg,640,512,highway,unknown,ydbh3ikFGJFieXswZ,False,0
train,5281,data/video-ydbh3ikFGJFieXswZ-frame-002250-NsycJidyo7DsAJxcj.jpg,640,512,highway,unknown,ydbh3ikFGJFieXswZ,False,0
train,5282,data/video-ydbh3ikFGJFieXswZ-frame-002700-tLKn7YasmCAAzACTY.jpg,640,512,highway,unknown,ydbh3ikFGJFieXswZ,False,0
train,5283,data/video-ydbh3ikFGJFieXswZ-frame-003150-xmgRiyhhcAowMgzAr.jpg,640,512,highway,unknown,ydbh3ikFGJFieXswZ,False,0
train,5284,data/video-ydbh3ikFGJFieXswZ-frame-003600-pgHL6qYJbTeGShFt4.jpg,640,512,highway,unknown,ydbh3ikFGJFieXswZ,False,0
train,5285,data/video-ydbh3ikFGJFieXswZ-frame-004050-xS9S5JSqGyB6btwtM.jpg,640,512,highway,unknown,ydbh3ikFGJFieXswZ,False,0
train,5286,data/video-ydbh3ikFGJFieXswZ-frame-004500-JLqfKJAdEx3qMG82A.jpg,640,512,highway,unknown,ydbh3ikFGJFieXswZ,False,0
train,5287,data/video-ydbh3ikFGJFieXswZ-frame-004950-nNoPHkGRx6DjT88Gc.jpg,640,512,highway,unknown,ydbh3ikFGJFieXswZ,False,0
train,5288,data/video-ydbh3ikFGJFieXswZ-frame-005400-ofw2h2tvxyBSY59wZ.jpg,640,512,highway,unknown,ydbh3ikFGJFieXswZ,False,0
train,5290,data/video-ydbh3ikFGJFieXswZ-frame-006300-r7qS9ypod7Gxo2g5w.jpg,640,512,highway,unknown,ydbh3ikFGJFieXswZ,False,0
train,5291,data/video-ydbh3ikFGJFieXswZ-frame-006750-cvYmZyurhMX8AjzGX.jpg,640,512,highway,unknown,ydbh3ikFGJFieXswZ,False,0
train,5292,data/video-ydbh3ikFGJFieXswZ-frame-007200-Whg73q7irtgNGwjZa.jpg,640,512,highway,unknown,ydbh3ikFGJFieXswZ,False,0
train,5293,data/video-ydbh3ikFGJFieXswZ-frame-007650-2Xg3ZGQpSoeT94eGm.jpg,640,512,highway,unknown,ydbh3ikFGJFieXswZ,False,0
train,5296,data/video-ydbh3ikFGJFieXswZ-frame-009000-PJSGkQBghewE2vyKe.jpg,640,512,highway,unknown,ydbh3ikFGJFieXswZ,False,0
train,5299,data/video-ydbh3ikFGJFieXswZ-frame-010350-67pLHC3fXDPcjfN7B.jpg,640,512,highway,unknown,ydbh3ikFGJFieXswZ,False,0
train,5305,data/video-ydbh3ikFGJFieXswZ-frame-011342-Zwj3EgrHZvhuPnDep.jpg,640,512,other,unknown,ydbh3ikFGJFieXswZ,False,0
train,5765,data/video-4dy5Hhcg93BTyG9KZ-frame-000000-4MkPxmvZkqdPwufao.jpg,640,512,city_street,unknown,4dy5Hhcg93BTyG9KZ,False,0
train,5766,data/video-4dy5Hhcg93BTyG9KZ-frame-000300-EGTiWLcpxnRA3wANJ.jpg,640,512,city_street,unknown,4dy5Hhcg93BTyG9KZ,False,0
train,5767,data/video-4dy5Hhcg93BTyG9KZ-frame-000518-u7Cxgvbw3Ed4EEHdg.jpg,640,512,city_street,unknown,4dy5Hhcg93BTyG9KZ,True,1
train,5768,data/video-4dy5Hhcg93BTyG9KZ-frame-000533-iCRGqC2C7yLah6XT5.jpg,640,512,city_street,unknown,4dy5Hhcg93BTyG9KZ,True,2
train,5769,data/video-4dy5Hhcg93BTyG9KZ-frame-000548-6i86SrkK6ETPPARuq.jpg,640,512,city_street,unknown,4dy5Hhcg93BTyG9KZ,True,2
train,5770,data/video-4dy5Hhcg93BTyG9KZ-frame-000563-FkzDhXejYeePZjJWk.jpg,640,512,city_street,unknown,4dy5Hhcg93BTyG9KZ,True,4
train,5771,data/video-4dy5Hhcg93BTyG9KZ-frame-000578-zFgjvZHRRmCTEYPjt.jpg,640,512,city_street,unknown,4dy5Hhcg93BTyG9KZ,True,1
train,5772,data/video-4dy5Hhcg93BTyG9KZ-frame-000593-BfXXDwEKNznxgym4r.jpg,640,512,city_street,unknown,4dy5Hhcg93BTyG9KZ,True,1
train,5774,data/video-4dy5Hhcg93BTyG9KZ-frame-000738-DCkQYyenbM2oS32ou.jpg,640,512,city_street,unknown,4dy5Hhcg93BTyG9KZ,True,1
train,5775,data/video-4dy5Hhcg93BTyG9KZ-frame-000753-s2KeQbc78mfZQNHMF.jpg,640,512,city_street,unknown,4dy5Hhcg93BTyG9KZ,True,1
train,5778,data/video-4dy5Hhcg93BTyG9KZ-frame-000797-5RAdyvYRom2XAzwvL.jpg,640,512,city_street,unknown,4dy5Hhcg93BTyG9KZ,True,1
train,5783,data/video-4dy5Hhcg93BTyG9KZ-frame-001066-N7CbPswykvnJZ6rHg.jpg,640,512,city_street,unknown,4dy5Hhcg93BTyG9KZ,True,2
train,5785,data/video-4dy5Hhcg93BTyG9KZ-frame-001096-d6wDnzaYGoNyYSPYF.jpg,640,512,city_street,unknown,4dy5Hhcg93BTyG9KZ,True,1
train,5786,data/video-4dy5Hhcg93BTyG9KZ-frame-001111-PSCWcdHaKKF3orNS8.jpg,640,512,city_street,unknown,4dy5Hhcg93BTyG9KZ,False,0
train,5787,data/video-4dy5Hhcg93BTyG9KZ-frame-001126-XJppRPHhw4HMEwjiS.jpg,640,512,city_street,unknown,4dy5Hhcg93BTyG9KZ,False,0
train,5788,data/video-4dy5Hhcg93BTyG9KZ-frame-001423-xMdvNjtB2QFavRmMx.jpg,640,512,city_street,unknown,4dy5Hhcg93BTyG9KZ,False,0
train,5789,data/video-4dy5Hhcg93BTyG9KZ-frame-001438-2gcfEuDNvYrEnuPZb.jpg,640,512,city_street,unknown,4dy5Hhcg93BTyG9KZ,True,1
train,5790,data/video-4dy5Hhcg93BTyG9KZ-frame-001453-dAXasQg9F5QXrHiJS.jpg,640,512,city_street,unknown,4dy5Hhcg93BTyG9KZ,False,0
train,5795,data/video-4dy5Hhcg93BTyG9KZ-frame-001526-2yi3RoLmqGPhoPsoQ.jpg,640,512,residential,unknown,4dy5Hhcg93BTyG9KZ,False,0
train,5798,data/video-4dy5Hhcg93BTyG9KZ-frame-001821-yhvbzsA4NQxbYrYoQ.jpg,640,512,city_street,unknown,4dy5Hhcg93BTyG9KZ,True,3
train,5799,data/video-4dy5Hhcg93BTyG9KZ-frame-001836-jQ3SLg3rALECnw3HE.jpg,640,512,gas_station,unknown,4dy5Hhcg93BTyG9KZ,True,1
train,5801,data/video-4dy5Hhcg93BTyG9KZ-frame-001866-3efYEz4CcK8EqDq4f.jpg,640,512,city_street,unknown,4dy5Hhcg93BTyG9KZ,True,2
train,5815,data/video-5An82wT7iBmfZSwx7-frame-000405-wubeBjPEP82PPu2fg.jpg,640,512,city_street,unknown,5An82wT7iBmfZSwx7,True,7
train,5817,data/video-5An82wT7iBmfZSwx7-frame-000435-K5HPtQP6bkFPgQ3A5.jpg,640,512,city_street,unknown,5An82wT7iBmfZSwx7,True,4
train,5818,data/video-5An82wT7iBmfZSwx7-frame-000450-gtg6QSS7yj4G3FXXR.jpg,640,512,city_street,unknown,5An82wT7iBmfZSwx7,True,5
train,5819,data/video-5An82wT7iBmfZSwx7-frame-000659-TqHB8DuRxwmqALcxe.jpg,640,512,city_street,unknown,5An82wT7iBmfZSwx7,True,1
train,5820,data/video-5An82wT7iBmfZSwx7-frame-000674-EfdMsEjJzEnNPvH4T.jpg,640,512,city_street,unknown,5An82wT7iBmfZSwx7,True,5
train,5821,data/video-5An82wT7iBmfZSwx7-frame-000689-9SntJpMhfdJn8Mk7o.jpg,640,512,city_street,unknown,5An82wT7iBmfZSwx7,True,10
train,5822,data/video-5An82wT7iBmfZSwx7-frame-000704-pgyj8MDzvozHnEpu6.jpg,640,512,city_street,unknown,5An82wT7iBmfZSwx7,True,10
train,5823,data/video-5An82wT7iBmfZSwx7-frame-000719-Hcbj2miPjETfZKkxZ.jpg,640,512,city_street,unknown,5An82wT7iBmfZSwx7,True,11
train,5824,data/video-5An82wT7iBmfZSwx7-frame-000734-qhr8qs7WxKi2yEfsv.jpg,640,512,city_street,unknown,5An82wT7iBmfZSwx7,True,11
train,5825,data/video-5An82wT7iBmfZSwx7-frame-000749-jMhAtk8NjD7PRQ47d.jpg,640,512,city_street,unknown,5An82wT7iBmfZSwx7,True,7
train,5826,data/video-5An82wT7iBmfZSwx7-frame-000764-TPTkPTr3c8yif9rKz.jpg,640,512,city_street,unknown,5An82wT7iBmfZSwx7,True,7
train,5827,data/video-5An82wT7iBmfZSwx7-frame-000779-3e8bpSZBLEh2tfg5u.jpg,640,512,city_street,unknown,5An82wT7iBmfZSwx7,True,9
train,5828,data/video-5An82wT7iBmfZSwx7-frame-000794-gYGBB5Qjaf9btSjAu.jpg,640,512,city_street,unknown,5An82wT7iBmfZSwx7,True,4
train,5830,data/video-5An82wT7iBmfZSwx7-frame-000824-Kwju6QkSj7HLHebQw.jpg,640,512,city_street,unknown,5An82wT7iBmfZSwx7,True,9
train,5837,data/video-5An82wT7iBmfZSwx7-frame-000929-5BDPYXt3DJa9BBmyX.jpg,640,512,city_street,unknown,5An82wT7iBmfZSwx7,True,11
train,5838,data/video-5An82wT7iBmfZSwx7-frame-000944-fTqLRyK6hWJDPQM4X.jpg,640,512,city_street,unknown,5An82wT7iBmfZSwx7,True,6
train,5839,data/video-5An82wT7iBmfZSwx7-frame-000959-iJAaos72RGEqw8s7j.jpg,640,512,city_street,unknown,5An82wT7iBmfZSwx7,True,4
train,5840,data/video-5An82wT7iBmfZSwx7-frame-000974-tj9JtuebMgKtvAdHx.jpg,640,512,city_street,unknown,5An82wT7iBmfZSwx7,True,4
train,5841,data/video-5An82wT7iBmfZSwx7-frame-000989-NtgYRuCzf8hBoMdjH.jpg,640,512,city_street,unknown,5An82wT7iBmfZSwx7,True,6
train,5842,data/video-5An82wT7iBmfZSwx7-frame-001004-TijuFXtRoxgBdoeyp.jpg,640,512,city_street,unknown,5An82wT7iBmfZSwx7,True,8
train,5843,data/video-5An82wT7iBmfZSwx7-frame-001019-Xv44nhx2gB46jMpCY.jpg,640,512,city_street,unknown,5An82wT7iBmfZSwx7,True,6
train,5850,data/video-5An82wT7iBmfZSwx7-frame-001213-TcwHJvDKxznttaWe3.jpg,640,512,city_street,unknown,5An82wT7iBmfZSwx7,True,7
train,5852,data/video-5An82wT7iBmfZSwx7-frame-001243-gnz2JqbyckRebNx3S.jpg,640,512,city_street,unknown,5An82wT7iBmfZSwx7,True,7
train,5853,data/video-5An82wT7iBmfZSwx7-frame-001258-Ti3dM4KfcHKPsPC9d.jpg,640,512,city_street,unknown,5An82wT7iBmfZSwx7,True,5
train,5854,data/video-5An82wT7iBmfZSwx7-frame-001273-x4v3xng26iywSha82.jpg,640,512,city_street,unknown,5An82wT7iBmfZSwx7,True,11
train,5855,data/video-5An82wT7iBmfZSwx7-frame-001288-zgaNQhEJZAx9xP7HW.jpg,640,512,city_street,unknown,5An82wT7iBmfZSwx7,True,6
train,5856,data/video-5An82wT7iBmfZSwx7-frame-001303-EY4a9CWDzhwS8sniD.jpg,640,512,city_street,unknown,5An82wT7iBmfZSwx7,True,8
train,5857,data/video-5An82wT7iBmfZSwx7-frame-001318-yAxBH4CgdCdmX57nG.jpg,640,512,city_street,unknown,5An82wT7iBmfZSwx7,True,10
train,5867,data/video-5An82wT7iBmfZSwx7-frame-001548-vQMLEigTPnDq7XEPu.jpg,640,512,city_street,unknown,5An82wT7iBmfZSwx7,True,8
train,5869,data/video-5An82wT7iBmfZSwx7-frame-001578-wunLYWR6NEXrSmSs7.jpg,640,512,city_street,unknown,5An82wT7iBmfZSwx7,True,8
train,5870,data/video-5An82wT7iBmfZSwx7-frame-001593-434ja4Z5BEsZDk48e.jpg,640,512,city_street,unknown,5An82wT7iBmfZSwx7,True,11
train,5871,data/video-5An82wT7iBmfZSwx7-frame-001608-v8qxJYxE8xPvM9ESu.jpg,640,512,city_street,unknown,5An82wT7iBmfZSwx7,True,13
train,5872,data/video-5An82wT7iBmfZSwx7-frame-001623-Lj843hq3kzhZSYisX.jpg,640,512,city_street,unknown,5An82wT7iBmfZSwx7,True,10
train,5873,data/video-5An82wT7iBmfZSwx7-frame-001638-X8XrhEBMTm8RkrMT8.jpg,640,512,city_street,unknown,5An82wT7iBmfZSwx7,True,12
train,5874,data/video-5An82wT7iBmfZSwx7-frame-001653-H9rCytXsf3XC5nhrx.jpg,640,512,city_street,unknown,5An82wT7iBmfZSwx7,True,11
train,5875,data/video-5An82wT7iBmfZSwx7-frame-001668-G57ZWysyhhWi3r7gX.jpg,640,512,city_street,unknown,5An82wT7iBmfZSwx7,True,10
train,5876,data/video-5An82wT7iBmfZSwx7-frame-001683-uiAh4qjJL2LjWCTTM.jpg,640,512,city_street,unknown,5An82wT7iBmfZSwx7,True,7
train,5877,data/video-5An82wT7iBmfZSwx7-frame-001698-nH6Kd6rooQP4ijqeq.jpg,640,512,city_street,unknown,5An82wT7iBmfZSwx7,True,5
train,5878,data/video-5An82wT7iBmfZSwx7-frame-001798-MR7ZsXmvuEeZcYPZh.jpg,640,512,city_street,unknown,5An82wT7iBmfZSwx7,True,6
train,5879,data/video-5An82wT7iBmfZSwx7-frame-001813-oyci7gjkyMwSyG2Jt.jpg,640,512,city_street,unknown,5An82wT7iBmfZSwx7,True,8
train,5880,data/video-5An82wT7iBmfZSwx7-frame-001828-ED8WPZyAxJt3p7qDr.jpg,640,512,city_street,unknown,5An82wT7iBmfZSwx7,True,9
train,5881,data/video-5An82wT7iBmfZSwx7-frame-001843-XwfXTRGeC8WABPFhm.jpg,640,512,city_street,unknown,5An82wT7iBmfZSwx7,True,3
train,5882,data/video-5An82wT7iBmfZSwx7-frame-001858-8725BbRZii2pev2WN.jpg,640,512,city_street,unknown,5An82wT7iBmfZSwx7,True,8
train,5883,data/video-5An82wT7iBmfZSwx7-frame-001873-JAwQFyBW4DCr3ooMK.jpg,640,512,city_street,unknown,5An82wT7iBmfZSwx7,True,6
train,5884,data/video-5An82wT7iBmfZSwx7-frame-001888-suamzaDzuGSsirEvZ.jpg,640,512,city_street,unknown,5An82wT7iBmfZSwx7,True,6
train,5885,data/video-5An82wT7iBmfZSwx7-frame-001903-bNJSdvudbsJ4NevCK.jpg,640,512,city_street,unknown,5An82wT7iBmfZSwx7,True,5
train,5886,data/video-5An82wT7iBmfZSwx7-frame-001918-LQWwyCFhQmY8xxa5u.jpg,640,512,city_street,unknown,5An82wT7iBmfZSwx7,True,6
train,5887,data/video-5An82wT7iBmfZSwx7-frame-001933-AMKQHCCpXoWEh7GiZ.jpg,640,512,city_street,unknown,5An82wT7iBmfZSwx7,True,6
train,5888,data/video-5An82wT7iBmfZSwx7-frame-002587-RSqLeFFDnpLgHmuDH.jpg,640,512,city_street,unknown,5An82wT7iBmfZSwx7,True,3
train,5889,data/video-5An82wT7iBmfZSwx7-frame-002602-aprqLrJKcKjhoQvdE.jpg,640,512,city_street,unknown,5An82wT7iBmfZSwx7,True,3
train,5890,data/video-5An82wT7iBmfZSwx7-frame-002617-DZukCMse34zeexGpe.jpg,640,512,city_street,unknown,5An82wT7iBmfZSwx7,True,5
train,5891,data/video-5An82wT7iBmfZSwx7-frame-002632-EJuw8tD6FrmP9J5T3.jpg,640,512,city_street,unknown,5An82wT7iBmfZSwx7,True,5
train,5892,data/video-5An82wT7iBmfZSwx7-frame-002647-DFpdY3sLFy6HFoekh.jpg,640,512,city_street,unknown,5An82wT7iBmfZSwx7,True,2
train,5893,data/video-5An82wT7iBmfZSwx7-frame-002662-2FvnHHiHPNCXgbELy.jpg,640,512,city_street,unknown,5An82wT7iBmfZSwx7,True,1
train,5894,data/video-5An82wT7iBmfZSwx7-frame-002677-ksAuQg7jxACWR3swt.jpg,640,512,city_street,unknown,5An82wT7iBmfZSwx7,True,1
train,5895,data/video-5An82wT7iBmfZSwx7-frame-002692-ZWZswyPt8PtjhCRST.jpg,640,512,city_street,unknown,5An82wT7iBmfZSwx7,True,1
train,5896,data/video-5An82wT7iBmfZSwx7-frame-002707-R8MeFxD6zD8BgkE2o.jpg,640,512,residential,unknown,5An82wT7iBmfZSwx7,False,0
train,5897,data/video-5An82wT7iBmfZSwx7-frame-004663-KdkyQwKkjPovyWBCk.jpg,640,512,highway,unknown,5An82wT7iBmfZSwx7,True,8
train,5898,data/video-5An82wT7iBmfZSwx7-frame-004678-vAQHfXfYcX4d6gpMK.jpg,640,512,highway,unknown,5An82wT7iBmfZSwx7,True,11
train,5899,data/video-5An82wT7iBmfZSwx7-frame-004693-b8itBbZsr333jdiAu.jpg,640,512,highway,unknown,5An82wT7iBmfZSwx7,True,8
train,5900,data/video-5An82wT7iBmfZSwx7-frame-004708-qyFtFrzkd6jwzpJTp.jpg,640,512,highway,unknown,5An82wT7iBmfZSwx7,True,5
train,5901,data/video-5An82wT7iBmfZSwx7-frame-004723-shvbtojn5SvWppBy4.jpg,640,512,highway,unknown,5An82wT7iBmfZSwx7,False,0
train,5902,data/video-5An82wT7iBmfZSwx7-frame-005076-idRRunB2Pjfvsq2nf.jpg,640,512,city_street,unknown,5An82wT7iBmfZSwx7,True,9
train,5903,data/video-5An82wT7iBmfZSwx7-frame-005091-8Mg8JiH8NDfiy6eGu.jpg,640,512,city_street,unknown,5An82wT7iBmfZSwx7,True,11
train,5904,data/video-5An82wT7iBmfZSwx7-frame-005106-5xMj4FAkzhWRN7oGD.jpg,640,512,city_street,unknown,5An82wT7iBmfZSwx7,True,14
train,5905,data/video-5An82wT7iBmfZSwx7-frame-005121-uBdzcchioTbJZcgdk.jpg,640,512,city_street,unknown,5An82wT7iBmfZSwx7,True,13
train,5906,data/video-5An82wT7iBmfZSwx7-frame-005136-rY2Mn7YZ42DJnupXf.jpg,640,512,city_street,unknown,5An82wT7iBmfZSwx7,True,22
train,5907,data/video-5An82wT7iBmfZSwx7-frame-005151-efpqKAF5bEEo9ePhg.jpg,640,512,city_street,unknown,5An82wT7iBmfZSwx7,True,13
train,5908,data/video-5An82wT7iBmfZSwx7-frame-005166-YyCMGx2woeGkJ5i9P.jpg,640,512,city_street,unknown,5An82wT7iBmfZSwx7,True,14
train,5909,data/video-5An82wT7iBmfZSwx7-frame-005181-fbxhmp7RB85KEY8m9.jpg,640,512,city_street,unknown,5An82wT7iBmfZSwx7,True,14
train,5910,data/video-5An82wT7iBmfZSwx7-frame-005196-KhbKxktbARYF5htqn.jpg,640,512,city_street,unknown,5An82wT7iBmfZSwx7,True,18
train,5911,data/video-5An82wT7iBmfZSwx7-frame-005211-hCYTCKNooqpAtRBA4.jpg,640,512,city_street,unknown,5An82wT7iBmfZSwx7,True,18
train,5912,data/video-5An82wT7iBmfZSwx7-frame-005226-hbZPPumpPPYTFrYpx.jpg,640,512,city_street,unknown,5An82wT7iBmfZSwx7,True,12
train,5913,data/video-5An82wT7iBmfZSwx7-frame-005241-n7nva5BWfnHK59ZoW.jpg,640,512,city_street,unknown,5An82wT7iBmfZSwx7,True,10
train,5914,data/video-5An82wT7iBmfZSwx7-frame-005256-XyzPhZXAYDx2byhSg.jpg,640,512,city_street,unknown,5An82wT7iBmfZSwx7,True,16
train,5915,data/video-5An82wT7iBmfZSwx7-frame-005271-yvYb7tt8Zx7biYPHE.jpg,640,512,city_street,unknown,5An82wT7iBmfZSwx7,True,16
train,5916,data/video-5An82wT7iBmfZSwx7-frame-005286-NyrWrmej9CzACmLw7.jpg,640,512,city_street,unknown,5An82wT7iBmfZSwx7,True,18
train,5917,data/video-5An82wT7iBmfZSwx7-frame-005301-zwsBJBFRgPHzwCGpq.jpg,640,512,city_street,unknown,5An82wT7iBmfZSwx7,True,18
train,5918,data/video-5An82wT7iBmfZSwx7-frame-005316-ZwyfwgMECRxnbFAya.jpg,640,512,city_street,unknown,5An82wT7iBmfZSwx7,True,22
train,5919,data/video-5An82wT7iBmfZSwx7-frame-005331-aRzr3nuhpo8j79i2P.jpg,640,512,city_street,unknown,5An82wT7iBmfZSwx7,True,19
train,5920,data/video-5An82wT7iBmfZSwx7-frame-005346-ZiGquharhMGAdCzMb.jpg,640,512,city_street,unknown,5An82wT7iBmfZSwx7,True,19
train,5921,data/video-5An82wT7iBmfZSwx7-frame-005361-nHzZ5s4qZJQwcWXf2.jpg,640,512,city_street,unknown,5An82wT7iBmfZSwx7,True,23
train,5922,data/video-5An82wT7iBmfZSwx7-frame-005376-zJccDMPHchQJDZ2NT.jpg,640,512,city_street,unknown,5An82wT7iBmfZSwx7,True,18
train,5923,data/video-5An82wT7iBmfZSwx7-frame-005391-6kEwp7DpRytjaHv4h.jpg,640,512,city_street,unknown,5An82wT7iBmfZSwx7,True,21
train,5924,data/video-5An82wT7iBmfZSwx7-frame-005406-jtj2E22hRCJoDJkDv.jpg,640,512,city_street,unknown,5An82wT7iBmfZSwx7,True,21
train,5925,data/video-5An82wT7iBmfZSwx7-frame-005421-uu4S2RrLn5ALkJRHC.jpg,640,512,city_street,unknown,5An82wT7iBmfZSwx7,True,14
train,5926,data/video-5An82wT7iBmfZSwx7-frame-005436-Pzy7Zm57LxvzGKb2i.jpg,640,512,city_street,unknown,5An82wT7iBmfZSwx7,True,12
train,5927,data/video-5An82wT7iBmfZSwx7-frame-005451-rptptvsjAoQn464uu.jpg,640,512,city_street,unknown,5An82wT7iBmfZSwx7,True,13
train,5931,data/video-5An82wT7iBmfZSwx7-frame-005511-FPPvHdStZxy88z5Tx.jpg,640,512,city_street,unknown,5An82wT7iBmfZSwx7,True,9
train,5933,data/video-5An82wT7iBmfZSwx7-frame-005541-YwvPk4kieM2AFvT7G.jpg,640,512,city_street,unknown,5An82wT7iBmfZSwx7,True,6
train,5934,data/video-5An82wT7iBmfZSwx7-frame-005556-ze2uTjckrZWuxntHY.jpg,640,512,city_street,unknown,5An82wT7iBmfZSwx7,True,6
train,5935,data/video-5An82wT7iBmfZSwx7-frame-006691-786M7fokQyoMzf6LG.jpg,640,512,city_street,unknown,5An82wT7iBmfZSwx7,True,6
train,5936,data/video-5An82wT7iBmfZSwx7-frame-006706-fFWnDdrQk5MCnAjqg.jpg,640,512,city_street,unknown,5An82wT7iBmfZSwx7,True,4
train,5937,data/video-5An82wT7iBmfZSwx7-frame-006721-Hyetc5rCp6eQY3Eoy.jpg,640,512,city_street,unknown,5An82wT7iBmfZSwx7,True,4
train,5938,data/video-5An82wT7iBmfZSwx7-frame-006736-Z2dnjfDduDYQDJqNM.jpg,640,512,city_street,unknown,5An82wT7iBmfZSwx7,True,4
train,5939,data/video-5An82wT7iBmfZSwx7-frame-006751-dqt6PF4PPNhZbyky2.jpg,640,512,city_street,unknown,5An82wT7iBmfZSwx7,True,5
train,5940,data/video-5An82wT7iBmfZSwx7-frame-006766-cjpoyjnNmdXC5rESH.jpg,640,512,city_street,unknown,5An82wT7iBmfZSwx7,True,4
train,5949,data/video-5An82wT7iBmfZSwx7-frame-007165-nHqNppaHGjPrX7jfu.jpg,640,512,city_street,unknown,5An82wT7iBmfZSwx7,True,2
train,5950,data/video-5An82wT7iBmfZSwx7-frame-007180-anSQCNXQPmDF5q5eM.jpg,640,512,city_street,unknown,5An82wT7iBmfZSwx7,True,2
train,5951,data/video-5An82wT7iBmfZSwx7-frame-007195-et9QRGzXGARsajeMD.jpg,640,512,city_street,unknown,5An82wT7iBmfZSwx7,True,2
train,5952,data/video-5An82wT7iBmfZSwx7-frame-007210-v88eN5np7yZLrmM75.jpg,640,512,city_street,unknown,5An82wT7iBmfZSwx7,True,5
train,5953,data/video-5An82wT7iBmfZSwx7-frame-007225-i3aH5SDaMDzqv9DPg.jpg,640,512,city_street,unknown,5An82wT7iBmfZSwx7,True,5
train,5954,data/video-5An82wT7iBmfZSwx7-frame-007240-PiKw8Ao9YiJYMakpc.jpg,640,512,city_street,unknown,5An82wT7iBmfZSwx7,True,2
train,5955,data/video-5An82wT7iBmfZSwx7-frame-007255-okZkEJDtmtqHXXyAK.jpg,640,512,city_street,unknown,5An82wT7iBmfZSwx7,True,6
train,5956,data/video-5An82wT7iBmfZSwx7-frame-007270-K6mQzCxkjbZEZ2fML.jpg,640,512,city_street,unknown,5An82wT7iBmfZSwx7,True,5
train,5957,data/video-5An82wT7iBmfZSwx7-frame-007285-AbTNDQuzMJLxeCeFB.jpg,640,512,city_street,unknown,5An82wT7iBmfZSwx7,True,5
train,6121,data/video-5RBAcNR5F6fB3i6P5-frame-001319-2aK9SyajmnuAQmW9e.jpg,640,512,highway,unknown,5RBAcNR5F6fB3i6P5,False,0
train,6122,data/video-5RBAcNR5F6fB3i6P5-frame-001769-BqcrH9AqnvbrJLnpk.jpg,640,512,highway,unknown,5RBAcNR5F6fB3i6P5,False,0
train,6123,data/video-5RBAcNR5F6fB3i6P5-frame-002219-rwpXqvjKzpAoF8rgm.jpg,640,512,highway,unknown,5RBAcNR5F6fB3i6P5,False,0
train,6124,data/video-5RBAcNR5F6fB3i6P5-frame-002669-PNeQAHQrRJM5tCCHB.jpg,640,512,highway,unknown,5RBAcNR5F6fB3i6P5,False,0
train,6125,data/video-5RBAcNR5F6fB3i6P5-frame-003119-2khfgJgxTjb3fnT5j.jpg,640,512,residential,unknown,5RBAcNR5F6fB3i6P5,False,0
train,6126,data/video-5RBAcNR5F6fB3i6P5-frame-003569-K5PWPHmijN9f5isaX.jpg,640,512,residential,unknown,5RBAcNR5F6fB3i6P5,False,0
train,6127,data/video-5RBAcNR5F6fB3i6P5-frame-004019-2ovZeJZQWJKMivcYu.jpg,640,512,highway,unknown,5RBAcNR5F6fB3i6P5,False,0
train,6128,data/video-5RBAcNR5F6fB3i6P5-frame-004469-vPMeCnb4drP2ccNsu.jpg,640,512,highway,unknown,5RBAcNR5F6fB3i6P5,False,0
train,6129,data/video-5RBAcNR5F6fB3i6P5-frame-004919-YYeyscygnAiKSAz9X.jpg,640,512,highway,unknown,5RBAcNR5F6fB3i6P5,False,0
train,6130,data/video-5RBAcNR5F6fB3i6P5-frame-005369-isKQoi8c7BB2wt39p.jpg,640,512,highway,unknown,5RBAcNR5F6fB3i6P5,False,0
train,6131,data/video-5RBAcNR5F6fB3i6P5-frame-005819-X5YiRFkxG3i692AR8.jpg,640,512,highway,unknown,5RBAcNR5F6fB3i6P5,False,0
train,6132,data/video-5RBAcNR5F6fB3i6P5-frame-006269-5FAbhyZmH6K4nsWcS.jpg,640,512,highway,unknown,5RBAcNR5F6fB3i6P5,False,0
train,6133,data/video-5RBAcNR5F6fB3i6P5-frame-006719-kaDKwnirdvEZoLSAB.jpg,640,512,highway,unknown,5RBAcNR5F6fB3i6P5,False,0
train,6134,data/video-5RBAcNR5F6fB3i6P5-frame-007169-iXyh9GJjAHWF97gP2.jpg,640,512,highway,unknown,5RBAcNR5F6fB3i6P5,False,0
train,6135,data/video-5RBAcNR5F6fB3i6P5-frame-007619-MZZzcQvWPRyptJBgq.jpg,640,512,highway,unknown,5RBAcNR5F6fB3i6P5,False,0
train,6138,data/video-5RBAcNR5F6fB3i6P5-frame-008969-mEXdhWPzsDm5C9gYw.jpg,640,512,highway,unknown,5RBAcNR5F6fB3i6P5,False,0
train,6139,data/video-5RBAcNR5F6fB3i6P5-frame-009419-GDo6ujSvBZuyRHHWq.jpg,640,512,highway,unknown,5RBAcNR5F6fB3i6P5,False,0
train,6140,data/video-5RBAcNR5F6fB3i6P5-frame-009869-km99D5Z93LnX8xjvB.jpg,640,512,residential,unknown,5RBAcNR5F6fB3i6P5,False,0
train,6141,data/video-5RBAcNR5F6fB3i6P5-frame-010319-mfyRZq7qadqecnxzx.jpg,640,512,highway,unknown,5RBAcNR5F6fB3i6P5,False,0
train,6142,data/video-5RBAcNR5F6fB3i6P5-frame-010769-dSR4RWJWYdo2Xxfna.jpg,640,512,residential,unknown,5RBAcNR5F6fB3i6P5,False,0
train,6143,data/video-5RBAcNR5F6fB3i6P5-frame-011219-CQWbqeH562BP2BPr3.jpg,640,512,residential,unknown,5RBAcNR5F6fB3i6P5,False,0
train,6144,data/video-5RBAcNR5F6fB3i6P5-frame-011669-bmmSat5QebWYXNXr5.jpg,640,512,residential,unknown,5RBAcNR5F6fB3i6P5,False,0
train,6146,data/video-5RBAcNR5F6fB3i6P5-frame-012569-SAoXNHQP7Ti75MktH.jpg,640,512,residential,unknown,5RBAcNR5F6fB3i6P5,False,0
train,6154,data/video-5RBAcNR5F6fB3i6P5-frame-016169-tTpnSgaFwzBi7B7c9.jpg,640,512,city_street,unknown,5RBAcNR5F6fB3i6P5,False,0
train,6157,data/video-5YffDt2oYT6CDzYHk-frame-000000-ximfsxWWQvDQZsHtq.jpg,640,512,residential,unknown,5YffDt2oYT6CDzYHk,False,0
train,6169,data/video-5YffDt2oYT6CDzYHk-frame-000310-vKde4s8dMiqkmRSbk.jpg,640,512,city_street,unknown,5YffDt2oYT6CDzYHk,False,0
train,6170,data/video-5YffDt2oYT6CDzYHk-frame-000320-h57ivvKWkz9bgqQGR.jpg,640,512,city_street,unknown,5YffDt2oYT6CDzYHk,False,0
train,6171,data/video-5YffDt2oYT6CDzYHk-frame-000330-KcHpeuFvnnJsoSbXi.jpg,640,512,city_street,unknown,5YffDt2oYT6CDzYHk,False,0
train,6172,data/video-5YffDt2oYT6CDzYHk-frame-000340-9JnmjacETZHCihsmB.jpg,640,512,city_street,unknown,5YffDt2oYT6CDzYHk,False,0
train,6181,data/video-5YffDt2oYT6CDzYHk-frame-000448-DftJtwz2LGfmaP5L9.jpg,640,512,city_street,unknown,5YffDt2oYT6CDzYHk,False,0
train,6192,data/video-5YffDt2oYT6CDzYHk-frame-001017-HW3tA9soLXSMaWouk.jpg,640,512,city_street,unknown,5YffDt2oYT6CDzYHk,True,11
train,6193,data/video-5YffDt2oYT6CDzYHk-frame-001027-e4esrfYXftJt9mF4h.jpg,640,512,city_street,unknown,5YffDt2oYT6CDzYHk,True,10
train,6195,data/video-5YffDt2oYT6CDzYHk-frame-001047-AFdMwYjqJee6kmZjf.jpg,640,512,city_street,unknown,5YffDt2oYT6CDzYHk,True,8
train,6196,data/video-5YffDt2oYT6CDzYHk-frame-001057-xonM7RzRT38cgA2qk.jpg,640,512,city_street,unknown,5YffDt2oYT6CDzYHk,True,5
train,6197,data/video-5YffDt2oYT6CDzYHk-frame-001067-itwcTK9qETMo3mRvP.jpg,640,512,city_street,unknown,5YffDt2oYT6CDzYHk,True,6
train,6198,data/video-5YffDt2oYT6CDzYHk-frame-001077-SrnBhhxK6BfrAfxpW.jpg,640,512,city_street,unknown,5YffDt2oYT6CDzYHk,True,8
train,6199,data/video-5YffDt2oYT6CDzYHk-frame-001087-LgJZv2iuEwkpQX3b8.jpg,640,512,city_street,unknown,5YffDt2oYT6CDzYHk,True,6
train,6204,data/video-5YffDt2oYT6CDzYHk-frame-001137-op5BPSJdLaYGCdphq.jpg,640,512,city_street,unknown,5YffDt2oYT6CDzYHk,True,5
train,6206,data/video-5YffDt2oYT6CDzYHk-frame-001157-jAsnc9cy8e29YNnLZ.jpg,640,512,city_street,unknown,5YffDt2oYT6CDzYHk,True,6
train,6207,data/video-5YffDt2oYT6CDzYHk-frame-001167-mHMowkMmgYMfTjLKE.jpg,640,512,city_street,unknown,5YffDt2oYT6CDzYHk,True,4
train,6208,data/video-5YffDt2oYT6CDzYHk-frame-001177-tEPoF6wEPNGEMF76u.jpg,640,512,city_street,unknown,5YffDt2oYT6CDzYHk,True,3
train,6209,data/video-5YffDt2oYT6CDzYHk-frame-001187-hqk9wC2wbpABJpFPp.jpg,640,512,city_street,unknown,5YffDt2oYT6CDzYHk,True,3
train,6211,data/video-5YffDt2oYT6CDzYHk-frame-001207-QE9p8gurQnb24oFYL.jpg,640,512,city_street,unknown,5YffDt2oYT6CDzYHk,True,6
train,6213,data/video-5YffDt2oYT6CDzYHk-frame-001227-wySThC5SeyQ8K5Gqd.jpg,640,512,city_street,unknown,5YffDt2oYT6CDzYHk,True,9
train,6215,data/video-5YffDt2oYT6CDzYHk-frame-001247-vQtzHNdkr2Kn4c6dH.jpg,640,512,city_street,unknown,5YffDt2oYT6CDzYHk,True,3
train,6216,data/video-5YffDt2oYT6CDzYHk-frame-001257-PnL7nbbfqQ6QdPQty.jpg,640,512,city_street,unknown,5YffDt2oYT6CDzYHk,True,4
train,6217,data/video-5YffDt2oYT6CDzYHk-frame-001267-spkrKrWkazPZuuZXE.jpg,640,512,city_street,unknown,5YffDt2oYT6CDzYHk,True,6
train,6218,data/video-5YffDt2oYT6CDzYHk-frame-001277-Qa3ei3rqk5ivyQHdN.jpg,640,512,city_street,unknown,5YffDt2oYT6CDzYHk,True,3
train,6219,data/video-5YffDt2oYT6CDzYHk-frame-001287-TecfTPw7NT3o9hEd6.jpg,640,512,city_street,unknown,5YffDt2oYT6CDzYHk,True,5
train,6220,data/video-5YffDt2oYT6CDzYHk-frame-001297-9pXCbQLB8n2vS2MeF.jpg,640,512,city_street,unknown,5YffDt2oYT6CDzYHk,True,7
train,6221,data/video-5YffDt2oYT6CDzYHk-frame-001307-5ecgy2Z85J5X5KtGA.jpg,640,512,city_street,unknown,5YffDt2oYT6CDzYHk,True,4
train,6222,data/video-5YffDt2oYT6CDzYHk-frame-001317-LyvZrXSjq2eatkKo2.jpg,640,512,city_street,unknown,5YffDt2oYT6CDzYHk,True,6
train,6223,data/video-5YffDt2oYT6CDzYHk-frame-001327-pvsuJGAhTgiBzg3FR.jpg,640,512,city_street,unknown,5YffDt2oYT6CDzYHk,True,4
train,6224,data/video-5YffDt2oYT6CDzYHk-frame-001337-yq367JMf2hnquJwiA.jpg,640,512,city_street,unknown,5YffDt2oYT6CDzYHk,True,4
train,6225,data/video-5YffDt2oYT6CDzYHk-frame-001347-Hr6dNkoW424vekd5x.jpg,640,512,city_street,unknown,5YffDt2oYT6CDzYHk,True,5
train,6226,data/video-5YffDt2oYT6CDzYHk-frame-001357-cWjBJJS3r7NxdnHs6.jpg,640,512,city_street,unknown,5YffDt2oYT6CDzYHk,True,5
train,6227,data/video-5YffDt2oYT6CDzYHk-frame-001367-EGwkGHSzTLj88zfRf.jpg,640,512,city_street,unknown,5YffDt2oYT6CDzYHk,True,2
train,6230,data/video-5YffDt2oYT6CDzYHk-frame-001395-WeqYtiPJu8yt7fk6n.jpg,640,512,city_street,unknown,5YffDt2oYT6CDzYHk,True,2
train,6233,data/video-5YffDt2oYT6CDzYHk-frame-001584-XDFk6BJqFdQYp5WEe.jpg,640,512,city_street,unknown,5YffDt2oYT6CDzYHk,True,2
train,6234,data/video-5YffDt2oYT6CDzYHk-frame-001594-dGhcjmedubp9mQggr.jpg,640,512,city_street,unknown,5YffDt2oYT6CDzYHk,True,5
train,6235,data/video-5YffDt2oYT6CDzYHk-frame-001604-zE5cJxvkL2FAXKoF7.jpg,640,512,city_street,unknown,5YffDt2oYT6CDzYHk,True,9
train,6236,data/video-5YffDt2oYT6CDzYHk-frame-001614-jZt4ByzqnWxMhqpWX.jpg,640,512,city_street,unknown,5YffDt2oYT6CDzYHk,True,7
train,6237,data/video-5YffDt2oYT6CDzYHk-frame-001624-WMrXrw98Fy6jAB5Hf.jpg,640,512,city_street,unknown,5YffDt2oYT6CDzYHk,True,7
train,6238,data/video-5YffDt2oYT6CDzYHk-frame-001634-s37pyAYPQmwoi3WdK.jpg,640,512,city_street,unknown,5YffDt2oYT6CDzYHk,True,10
train,6239,data/video-5YffDt2oYT6CDzYHk-frame-001644-hAphWoQgf32dCzWeH.jpg,640,512,city_street,unknown,5YffDt2oYT6CDzYHk,True,6
train,6240,data/video-5YffDt2oYT6CDzYHk-frame-001654-4PGoR8K2rh9tTMPnC.jpg,640,512,city_street,unknown,5YffDt2oYT6CDzYHk,True,8
train,6241,data/video-5YffDt2oYT6CDzYHk-frame-001664-4tFMXdcwBjre7zCiN.jpg,640,512,city_street,unknown,5YffDt2oYT6CDzYHk,True,7
train,6242,data/video-5YffDt2oYT6CDzYHk-frame-001674-XQpGokKffWDu7Nioi.jpg,640,512,city_street,unknown,5YffDt2oYT6CDzYHk,True,8
train,6243,data/video-5YffDt2oYT6CDzYHk-frame-001684-jy44smD2XnXhrobWt.jpg,640,512,city_street,unknown,5YffDt2oYT6CDzYHk,True,8
train,6244,data/video-5YffDt2oYT6CDzYHk-frame-001694-JPssRtTk4Si7akmgA.jpg,640,512,city_street,unknown,5YffDt2oYT6CDzYHk,True,7
train,6245,data/video-5YffDt2oYT6CDzYHk-frame-001704-zsx9rwReTDJP3EZG2.jpg,640,512,city_street,unknown,5YffDt2oYT6CDzYHk,True,8
train,6246,data/video-5YffDt2oYT6CDzYHk-frame-001714-sZZvtoRHmE7AMjrk8.jpg,640,512,city_street,unknown,5YffDt2oYT6CDzYHk,True,10
train,6247,data/video-5YffDt2oYT6CDzYHk-frame-001724-eW6nkzeKn8RMWjDdz.jpg,640,512,city_street,unknown,5YffDt2oYT6CDzYHk,True,10
train,6248,data/video-5YffDt2oYT6CDzYHk-frame-001734-PFKSs9jfQ6Xm5KEoh.jpg,640,512,city_street,unknown,5YffDt2oYT6CDzYHk,True,6
train,6249,data/video-5YffDt2oYT6CDzYHk-frame-001744-zZ9BaD4Dnxvd64MxF.jpg,640,512,city_street,unknown,5YffDt2oYT6CDzYHk,True,4
train,6250,data/video-5YffDt2oYT6CDzYHk-frame-001754-tydYBXiog2HB9DdHA.jpg,640,512,city_street,unknown,5YffDt2oYT6CDzYHk,True,5
train,6251,data/video-5YffDt2oYT6CDzYHk-frame-001764-hkhpfYcoxqhMpGMRk.jpg,640,512,city_street,unknown,5YffDt2oYT6CDzYHk,True,7
train,6252,data/video-5YffDt2oYT6CDzYHk-frame-001774-mRQ9usLCvDC4oAK4i.jpg,640,512,city_street,unknown,5YffDt2oYT6CDzYHk,True,3
train,6253,data/video-5YffDt2oYT6CDzYHk-frame-001784-FjdEH5BHzg4t9zt9T.jpg,640,512,city_street,unknown,5YffDt2oYT6CDzYHk,True,8
train,6261,data/video-5YffDt2oYT6CDzYHk-frame-001864-RP2aRayyqj7fPdij3.jpg,640,512,city_street,unknown,5YffDt2oYT6CDzYHk,True,6
train,6262,data/video-5YffDt2oYT6CDzYHk-frame-001874-DzyTv2ws9jyAnCuqz.jpg,640,512,city_street,unknown,5YffDt2oYT6CDzYHk,True,6
train,6263,data/video-5YffDt2oYT6CDzYHk-frame-001884-CNHSTnWQNauZ7Xzxc.jpg,640,512,city_street,unknown,5YffDt2oYT6CDzYHk,True,5
train,6264,data/video-5YffDt2oYT6CDzYHk-frame-001894-ey8EG4fN8Sk9oHL6p.jpg,640,512,city_street,unknown,5YffDt2oYT6CDzYHk,True,7
train,6265,data/video-5YffDt2oYT6CDzYHk-frame-001904-QqAPs7WtcumAG7T8y.jpg,640,512,city_street,unknown,5YffDt2oYT6CDzYHk,True,6
train,6267,data/video-5YffDt2oYT6CDzYHk-frame-001924-56udt9gkmxyR7BRnN.jpg,640,512,city_street,unknown,5YffDt2oYT6CDzYHk,True,5
train,6275,data/video-5YffDt2oYT6CDzYHk-frame-002004-6Eq65m6rN9KS5JSxq.jpg,640,512,city_street,unknown,5YffDt2oYT6CDzYHk,True,3
train,6276,data/video-5YffDt2oYT6CDzYHk-frame-002010-LdGGDG55d6woF5syt.jpg,640,512,city_street,unknown,5YffDt2oYT6CDzYHk,True,2
train,6277,data/video-5YffDt2oYT6CDzYHk-frame-002417-JZvMz4CeeCouoPydy.jpg,640,512,city_street,unknown,5YffDt2oYT6CDzYHk,True,10
train,6278,data/video-5YffDt2oYT6CDzYHk-frame-002427-nbu4Dnz2ZDkYd2FPx.jpg,640,512,city_street,unknown,5YffDt2oYT6CDzYHk,True,9
train,6279,data/video-5YffDt2oYT6CDzYHk-frame-002437-qjubq9oZX7oYHaZPt.jpg,640,512,city_street,unknown,5YffDt2oYT6CDzYHk,True,9
train,6280,data/video-5YffDt2oYT6CDzYHk-frame-002447-rb4zZPu2zfT3fSuQC.jpg,640,512,city_street,unknown,5YffDt2oYT6CDzYHk,True,8
train,6281,data/video-5YffDt2oYT6CDzYHk-frame-002457-BQ2iFiqw7zzbA2EeN.jpg,640,512,city_street,unknown,5YffDt2oYT6CDzYHk,True,8
train,6282,data/video-5YffDt2oYT6CDzYHk-frame-002467-dxSXvdKQMjqZ3izFo.jpg,640,512,city_street,unknown,5YffDt2oYT6CDzYHk,True,9
train,6286,data/video-5YffDt2oYT6CDzYHk-frame-002507-zJjCM2K4kxGPB5xFD.jpg,640,512,city_street,unknown,5YffDt2oYT6CDzYHk,True,11
train,6287,data/video-5YffDt2oYT6CDzYHk-frame-002517-Sg29DoTxF5CjBoGsu.jpg,640,512,city_street,unknown,5YffDt2oYT6CDzYHk,True,11
train,6288,data/video-5YffDt2oYT6CDzYHk-frame-002527-Cm2Kw74YpaFqyvFrS.jpg,640,512,city_street,unknown,5YffDt2oYT6CDzYHk,True,10
train,6289,data/video-5YffDt2oYT6CDzYHk-frame-002537-sqQMKzjQr7GNuzt2f.jpg,640,512,city_street,unknown,5YffDt2oYT6CDzYHk,True,10
train,6290,data/video-5YffDt2oYT6CDzYHk-frame-002547-bXNerTKp4EWprpPje.jpg,640,512,city_street,unknown,5YffDt2oYT6CDzYHk,True,10
train,6291,data/video-5YffDt2oYT6CDzYHk-frame-002557-zqcBH6RBEA5QAdgSe.jpg,640,512,city_street,unknown,5YffDt2oYT6CDzYHk,True,10
train,6292,data/video-5YffDt2oYT6CDzYHk-frame-002567-iSj4qhq83LrrnvRMJ.jpg,640,512,city_street,unknown,5YffDt2oYT6CDzYHk,True,10
train,6293,data/video-5YffDt2oYT6CDzYHk-frame-002577-Aqq6Ez28RXGFTBDT9.jpg,640,512,city_street,unknown,5YffDt2oYT6CDzYHk,True,9
train,6294,data/video-5YffDt2oYT6CDzYHk-frame-002587-pYKRW8xoGFXf6qSHS.jpg,640,512,city_street,unknown,5YffDt2oYT6CDzYHk,True,10
train,6295,data/video-5YffDt2oYT6CDzYHk-frame-002597-FxaQKEGt3E9XquxSN.jpg,640,512,city_street,unknown,5YffDt2oYT6CDzYHk,True,10
train,6296,data/video-5YffDt2oYT6CDzYHk-frame-002607-fWPcNaHBZ2hKXdbH8.jpg,640,512,city_street,unknown,5YffDt2oYT6CDzYHk,True,10
train,6304,data/video-5YffDt2oYT6CDzYHk-frame-002687-YGiWcT3YuSMZ836wD.jpg,640,512,city_street,unknown,5YffDt2oYT6CDzYHk,True,5
train,6305,data/video-5YffDt2oYT6CDzYHk-frame-002697-iwuEcpynKCPchmzMG.jpg,640,512,city_street,unknown,5YffDt2oYT6CDzYHk,True,6
train,6306,data/video-5YffDt2oYT6CDzYHk-frame-002707-6aQyreZMhLHMux6QC.jpg,640,512,city_street,unknown,5YffDt2oYT6CDzYHk,True,5
train,6307,data/video-5YffDt2oYT6CDzYHk-frame-002717-XEWnpcnCyih8E2M5J.jpg,640,512,city_street,unknown,5YffDt2oYT6CDzYHk,True,4
train,6308,data/video-5YffDt2oYT6CDzYHk-frame-002727-XwL824mGebR4annkg.jpg,640,512,city_street,unknown,5YffDt2oYT6CDzYHk,True,4
train,6309,data/video-5YffDt2oYT6CDzYHk-frame-003177-6QGsHmwLm49Qz2XnX.jpg,640,512,city_street,unknown,5YffDt2oYT6CDzYHk,False,0
train,6310,data/video-5YffDt2oYT6CDzYHk-frame-003627-6vFzfamxejsuGR9Kw.jpg,640,512,city_street,unknown,5YffDt2oYT6CDzYHk,False,0
train,6311,data/video-5YffDt2oYT6CDzYHk-frame-003689-ZoPdsW2yjvStfabbJ.jpg,640,512,city_street,unknown,5YffDt2oYT6CDzYHk,False,0
train,6312,data/video-5YffDt2oYT6CDzYHk-frame-003699-gnRfcY95PMRsiqxix.jpg,640,512,city_street,unknown,5YffDt2oYT6CDzYHk,False,0
train,6313,data/video-5YffDt2oYT6CDzYHk-frame-003709-msJNpG9fbKZbbefQo.jpg,640,512,city_street,unknown,5YffDt2oYT6CDzYHk,False,0
train,6314,data/video-5YffDt2oYT6CDzYHk-frame-003719-DyH2H63bo53ZxdqAo.jpg,640,512,city_street,unknown,5YffDt2oYT6CDzYHk,False,0
train,6315,data/video-5YffDt2oYT6CDzYHk-frame-003729-7nepxg25N4A2SDoYg.jpg,640,512,city_street,unknown,5YffDt2oYT6CDzYHk,False,0
train,6316,data/video-5YffDt2oYT6CDzYHk-frame-003739-EfvBfcrg4Q3khRJii.jpg,640,512,city_street,unknown,5YffDt2oYT6CDzYHk,True,1
train,6317,data/video-5YffDt2oYT6CDzYHk-frame-003749-8GYQbtcz4jyb2YsjS.jpg,640,512,city_street,unknown,5YffDt2oYT6CDzYHk,True,1
train,6318,data/video-5YffDt2oYT6CDzYHk-frame-003759-rdReWWZdSrvGFixeL.jpg,640,512,city_street,unknown,5YffDt2oYT6CDzYHk,False,0
train,6319,data/video-5YffDt2oYT6CDzYHk-frame-003769-dcoRXJtB9LSGTiwbt.jpg,640,512,city_street,unknown,5YffDt2oYT6CDzYHk,True,1
train,6320,data/video-5YffDt2oYT6CDzYHk-frame-003779-ecSarN8cTcXKEfjwM.jpg,640,512,city_street,unknown,5YffDt2oYT6CDzYHk,True,1
train,6321,data/video-5YffDt2oYT6CDzYHk-frame-003789-3Y8iY7z9FrdsYkRKx.jpg,640,512,city_street,unknown,5YffDt2oYT6CDzYHk,True,1
train,6322,data/video-5YffDt2oYT6CDzYHk-frame-003799-xcdhnyMSc6vqCQSaL.jpg,640,512,city_street,unknown,5YffDt2oYT6CDzYHk,True,1
train,6323,data/video-5YffDt2oYT6CDzYHk-frame-003809-SaijEq7MF3sPQcepG.jpg,640,512,city_street,unknown,5YffDt2oYT6CDzYHk,True,1
train,6324,data/video-5YffDt2oYT6CDzYHk-frame-003819-SBDv4hn88MMyZvfqo.jpg,640,512,city_street,unknown,5YffDt2oYT6CDzYHk,True,1
train,6325,data/video-5YffDt2oYT6CDzYHk-frame-003829-ezaZnTsganp2WWiZ8.jpg,640,512,city_street,unknown,5YffDt2oYT6CDzYHk,True,1
train,6326,data/video-5YffDt2oYT6CDzYHk-frame-003839-oAcn7pGQhAKBF7e5F.jpg,640,512,city_street,unknown,5YffDt2oYT6CDzYHk,True,1
train,6327,data/video-5YffDt2oYT6CDzYHk-frame-003849-Wtjb9XncEkPctMJRD.jpg,640,512,city_street,unknown,5YffDt2oYT6CDzYHk,True,1
train,6328,data/video-5YffDt2oYT6CDzYHk-frame-003859-p5T3diAcyYRaqQuHD.jpg,640,512,city_street,unknown,5YffDt2oYT6CDzYHk,True,1
train,6329,data/video-5YffDt2oYT6CDzYHk-frame-003869-LmtYKdBmepMG9vu2q.jpg,640,512,city_street,unknown,5YffDt2oYT6CDzYHk,True,1
train,6330,data/video-5YffDt2oYT6CDzYHk-frame-003879-JY2uTM7ZKFhi9Trey.jpg,640,512,city_street,unknown,5YffDt2oYT6CDzYHk,True,1
train,6331,data/video-5YffDt2oYT6CDzYHk-frame-003889-A8JWztipDBo9wmz5y.jpg,640,512,city_street,unknown,5YffDt2oYT6CDzYHk,True,1
train,6332,data/video-5YffDt2oYT6CDzYHk-frame-003899-gz6Jz95rSAtQknDaR.jpg,640,512,city_street,unknown,5YffDt2oYT6CDzYHk,True,1
train,6334,data/video-5YffDt2oYT6CDzYHk-frame-003913-hazMsgqRuaGBnQMaw.jpg,640,512,city_street,unknown,5YffDt2oYT6CDzYHk,False,0
train,6400,data/video-67ZzTP4GCNj69eNPs-frame-000293-LWYBpA9dFyaFqrtwD.jpg,640,512,city_street,unknown,67ZzTP4GCNj69eNPs,True,4
train,6401,data/video-67ZzTP4GCNj69eNPs-frame-000308-7ri2wNaiBdKAHifGr.jpg,640,512,city_street,unknown,67ZzTP4GCNj69eNPs,True,3
train,6402,data/video-67ZzTP4GCNj69eNPs-frame-000323-wifjmztt9qraxztQm.jpg,640,512,city_street,unknown,67ZzTP4GCNj69eNPs,True,4
train,6403,data/video-67ZzTP4GCNj69eNPs-frame-000338-Xx9XvFrzGRwbTRZkg.jpg,640,512,city_street,unknown,67ZzTP4GCNj69eNPs,False,0
train,6404,data/video-67ZzTP4GCNj69eNPs-frame-000353-JoPWzAc75rzGfXDzh.jpg,640,512,city_street,unknown,67ZzTP4GCNj69eNPs,False,0
train,6411,data/video-67ZzTP4GCNj69eNPs-frame-001677-sBbPKnRfLwqahcGHG.jpg,640,512,city_street,unknown,67ZzTP4GCNj69eNPs,True,5
train,6433,data/video-67ZzTP4GCNj69eNPs-frame-002126-96eJLF2TLqLSZCpmi.jpg,640,512,city_street,unknown,67ZzTP4GCNj69eNPs,True,1
train,6434,data/video-67ZzTP4GCNj69eNPs-frame-002141-xtCGGQ8nLPAyXMjAG.jpg,640,512,city_street,unknown,67ZzTP4GCNj69eNPs,True,4
train,6435,data/video-67ZzTP4GCNj69eNPs-frame-002156-qEaF8tyboBXvGRzN8.jpg,640,512,city_street,unknown,67ZzTP4GCNj69eNPs,True,6
train,6436,data/video-67ZzTP4GCNj69eNPs-frame-002171-P7hC86PHY8v4mrRdR.jpg,640,512,city_street,unknown,67ZzTP4GCNj69eNPs,True,4
train,6437,data/video-67ZzTP4GCNj69eNPs-frame-002186-NdK3nxh8SaZndrgWB.jpg,640,512,city_street,unknown,67ZzTP4GCNj69eNPs,True,3
train,6438,data/video-67ZzTP4GCNj69eNPs-frame-002201-BftnG8CfAbtN4KuKJ.jpg,640,512,city_street,unknown,67ZzTP4GCNj69eNPs,True,4
train,6439,data/video-67ZzTP4GCNj69eNPs-frame-002216-PkcFBztxKsGf8sa3i.jpg,640,512,city_street,unknown,67ZzTP4GCNj69eNPs,True,2
train,6440,data/video-67ZzTP4GCNj69eNPs-frame-002231-7vMsgXE2nizk8bTeB.jpg,640,512,city_street,unknown,67ZzTP4GCNj69eNPs,True,1
train,6441,data/video-67ZzTP4GCNj69eNPs-frame-002246-N2XtCctx8p3aR4fAm.jpg,640,512,city_street,unknown,67ZzTP4GCNj69eNPs,True,1
train,6442,data/video-67ZzTP4GCNj69eNPs-frame-002261-ppGAK3JdWqLdXfghR.jpg,640,512,city_street,unknown,67ZzTP4GCNj69eNPs,True,3
train,6443,data/video-67ZzTP4GCNj69eNPs-frame-002276-b9WeapHagzjKvphrn.jpg,640,512,city_street,unknown,67ZzTP4GCNj69eNPs,True,4
train,6444,data/video-67ZzTP4GCNj69eNPs-frame-002291-8KjaYEiuNr9R78jnh.jpg,640,512,city_street,unknown,67ZzTP4GCNj69eNPs,True,2
train,6445,data/video-67ZzTP4GCNj69eNPs-frame-002574-K79S66EsFTzuaSuTQ.jpg,640,512,city_street,unknown,67ZzTP4GCNj69eNPs,True,1
train,6446,data/video-67ZzTP4GCNj69eNPs-frame-002589-hpJoiSt8Q73uL8yTZ.jpg,640,512,city_street,unknown,67ZzTP4GCNj69eNPs,True,2
train,6451,data/video-67ZzTP4GCNj69eNPs-frame-003229-TwRudnGFYEeBJGbaL.jpg,640,512,residential,unknown,67ZzTP4GCNj69eNPs,True,6
train,6736,data/video-7yaY3LisuPdNyfZH9-frame-000281-c9LpaJD6MZQLve2GT.jpg,640,512,other,unknown,7yaY3LisuPdNyfZH9,True,1
train,6737,data/video-7yaY3LisuPdNyfZH9-frame-000296-PgHCjAugBzZo3D5Lw.jpg,640,512,other,unknown,7yaY3LisuPdNyfZH9,True,1
train,6738,data/video-7yaY3LisuPdNyfZH9-frame-000311-3WdhYPCvMDBKytXLN.jpg,640,512,other,unknown,7yaY3LisuPdNyfZH9,True,1
train,6739,data/video-7yaY3LisuPdNyfZH9-frame-000780-94bn6DScvn4BNMQvN.jpg,640,512,highway,unknown,7yaY3LisuPdNyfZH9,True,1
train,6740,data/video-7yaY3LisuPdNyfZH9-frame-000795-szaSincQEPXwxba3Z.jpg,640,512,highway,unknown,7yaY3LisuPdNyfZH9,True,1
train,6741,data/video-7yaY3LisuPdNyfZH9-frame-000810-Z6pra2pvfWZZmPYQA.jpg,640,512,highway,unknown,7yaY3LisuPdNyfZH9,True,1
train,6742,data/video-7yaY3LisuPdNyfZH9-frame-000825-nkrC8puzvZZ3ntFH4.jpg,640,512,highway,unknown,7yaY3LisuPdNyfZH9,True,1
train,6743,data/video-7yaY3LisuPdNyfZH9-frame-000840-ntsA47idwknGdoJsG.jpg,640,512,highway,unknown,7yaY3LisuPdNyfZH9,True,5
train,6744,data/video-7yaY3LisuPdNyfZH9-frame-000855-Cq6ovGYZanjaSJfhz.jpg,640,512,highway,unknown,7yaY3LisuPdNyfZH9,False,0
train,6745,data/video-7yaY3LisuPdNyfZH9-frame-000870-RaZCMiJzKgPyni7LM.jpg,640,512,highway,unknown,7yaY3LisuPdNyfZH9,True,4
train,6746,data/video-7yaY3LisuPdNyfZH9-frame-000885-d5MvXZrDZGbjoyZXp.jpg,640,512,highway,unknown,7yaY3LisuPdNyfZH9,True,4
train,6747,data/video-7yaY3LisuPdNyfZH9-frame-001054-oSxSyMhbaEJK7R5xD.jpg,640,512,highway,unknown,7yaY3LisuPdNyfZH9,True,2
train,6748,data/video-7yaY3LisuPdNyfZH9-frame-001069-ghyomk3Cqi4jkYhN5.jpg,640,512,highway,unknown,7yaY3LisuPdNyfZH9,True,2
train,6749,data/video-7yaY3LisuPdNyfZH9-frame-001084-zZdy8SWZFsMdKbYtx.jpg,640,512,highway,unknown,7yaY3LisuPdNyfZH9,True,2
train,6754,data/video-7yaY3LisuPdNyfZH9-frame-001147-ctuwndE9x3djPfxkw.jpg,640,512,residential,unknown,7yaY3LisuPdNyfZH9,False,0
train,6756,data/video-7yaY3LisuPdNyfZH9-frame-001747-9GByMueiophqmecNd.jpg,640,512,residential,unknown,7yaY3LisuPdNyfZH9,False,0
train,6757,data/video-7yaY3LisuPdNyfZH9-frame-002047-BLPbBcWFR4xT4LPoE.jpg,640,512,city_street,unknown,7yaY3LisuPdNyfZH9,False,0
train,6758,data/video-7yaY3LisuPdNyfZH9-frame-002347-By24NjKLD78rC2xbt.jpg,640,512,city_street,unknown,7yaY3LisuPdNyfZH9,True,1
train,6762,data/video-7yaY3LisuPdNyfZH9-frame-002441-g4F9r74ZtFsv2TBBq.jpg,640,512,city_street,unknown,7yaY3LisuPdNyfZH9,True,4
train,6763,data/video-7yaY3LisuPdNyfZH9-frame-002545-48RCDNpBLCy4b3Kkw.jpg,640,512,city_street,unknown,7yaY3LisuPdNyfZH9,True,2
train,6764,data/video-7yaY3LisuPdNyfZH9-frame-002560-DjYf5hndnBZFJW2gs.jpg,640,512,city_street,unknown,7yaY3LisuPdNyfZH9,True,1
train,6765,data/video-7yaY3LisuPdNyfZH9-frame-002726-AbLthPMv7oBBbXAMM.jpg,640,512,city_street,unknown,7yaY3LisuPdNyfZH9,True,1
train,6766,data/video-7yaY3LisuPdNyfZH9-frame-002741-Ka7AbLXezgmxwx6xs.jpg,640,512,city_street,unknown,7yaY3LisuPdNyfZH9,True,2
train,6767,data/video-7yaY3LisuPdNyfZH9-frame-002756-ju4WQRhaPK24nY8oB.jpg,640,512,city_street,unknown,7yaY3LisuPdNyfZH9,True,4
train,6768,data/video-7yaY3LisuPdNyfZH9-frame-002771-qbArrHJWtAmd6JoX4.jpg,640,512,city_street,unknown,7yaY3LisuPdNyfZH9,True,4
train,6769,data/video-7yaY3LisuPdNyfZH9-frame-002786-ruafSYDYNnEgGYxqN.jpg,640,512,city_street,unknown,7yaY3LisuPdNyfZH9,True,4
train,6770,data/video-7yaY3LisuPdNyfZH9-frame-002801-E3HDvGcDmiSS8TKSC.jpg,640,512,city_street,unknown,7yaY3LisuPdNyfZH9,True,3
train,6771,data/video-7yaY3LisuPdNyfZH9-frame-002816-thR2AEefK8bFE7a6T.jpg,640,512,city_street,unknown,7yaY3LisuPdNyfZH9,True,2
train,6772,data/video-7yaY3LisuPdNyfZH9-frame-002831-L6aPB8ikGMt6S8nuZ.jpg,640,512,city_street,unknown,7yaY3LisuPdNyfZH9,True,7
train,6773,data/video-7yaY3LisuPdNyfZH9-frame-002846-WH5rRLbYpZxAQPGeM.jpg,640,512,city_street,unknown,7yaY3LisuPdNyfZH9,True,8
train,6774,data/video-7yaY3LisuPdNyfZH9-frame-002861-jkCDoKndCD7HfYE5J.jpg,640,512,city_street,unknown,7yaY3LisuPdNyfZH9,True,6
train,6775,data/video-7yaY3LisuPdNyfZH9-frame-002876-dtvpNbmorYqnkx4yT.jpg,640,512,city_street,unknown,7yaY3LisuPdNyfZH9,True,4
train,6783,data/video-7yaY3LisuPdNyfZH9-frame-003085-dQBFxNgBPBFLmARdk.jpg,640,512,city_street,unknown,7yaY3LisuPdNyfZH9,False,0
train,6784,data/video-7yaY3LisuPdNyfZH9-frame-003100-cGRq9qiJqhbZrsFa5.jpg,640,512,city_street,unknown,7yaY3LisuPdNyfZH9,True,1
train,6785,data/video-7yaY3LisuPdNyfZH9-frame-003115-A3kPjTyRmzPZwei7a.jpg,640,512,city_street,unknown,7yaY3LisuPdNyfZH9,True,1
train,6786,data/video-7yaY3LisuPdNyfZH9-frame-003130-fQSJ5ga7q377RHcu7.jpg,640,512,city_street,unknown,7yaY3LisuPdNyfZH9,True,2
train,6787,data/video-7yaY3LisuPdNyfZH9-frame-003145-ozC9rHhg9qigoXq5q.jpg,640,512,city_street,unknown,7yaY3LisuPdNyfZH9,True,3
train,6788,data/video-7yaY3LisuPdNyfZH9-frame-003160-eBGcYC4fYMX9KC2i2.jpg,640,512,city_street,unknown,7yaY3LisuPdNyfZH9,True,2
train,6789,data/video-7yaY3LisuPdNyfZH9-frame-003175-DWzMuSskScCnv8C4q.jpg,640,512,city_street,unknown,7yaY3LisuPdNyfZH9,True,6
train,6790,data/video-7yaY3LisuPdNyfZH9-frame-003190-ZATzZ8vSK4c6YWCTc.jpg,640,512,city_street,unknown,7yaY3LisuPdNyfZH9,True,4
train,6791,data/video-7yaY3LisuPdNyfZH9-frame-003205-MKMGFyMTohedLpRBr.jpg,640,512,city_street,unknown,7yaY3LisuPdNyfZH9,True,3
train,6792,data/video-7yaY3LisuPdNyfZH9-frame-003220-tNLFndjsH2zz3fxsM.jpg,640,512,city_street,unknown,7yaY3LisuPdNyfZH9,True,3
train,6793,data/video-7yaY3LisuPdNyfZH9-frame-003235-wZij3zqucipJbvS77.jpg,640,512,city_street,unknown,7yaY3LisuPdNyfZH9,True,2
train,6794,data/video-7yaY3LisuPdNyfZH9-frame-003250-cfhxWQ4W9KxyQxQZS.jpg,640,512,residential,unknown,7yaY3LisuPdNyfZH9,True,2
train,6796,data/video-7yaY3LisuPdNyfZH9-frame-003280-ToLfjpPZQwb3u7pkN.jpg,640,512,residential,unknown,7yaY3LisuPdNyfZH9,True,1
train,6797,data/video-7yaY3LisuPdNyfZH9-frame-003295-LoHqEtY9uHZtXp92m.jpg,640,512,residential,unknown,7yaY3LisuPdNyfZH9,True,1
train,6807,data/video-7yaY3LisuPdNyfZH9-frame-003445-DurttH7koLrW7fh8r.jpg,640,512,residential,unknown,7yaY3LisuPdNyfZH9,False,0
train,6808,data/video-7yaY3LisuPdNyfZH9-frame-003460-bpjtkgZZPWmKN4NSn.jpg,640,512,residential,unknown,7yaY3LisuPdNyfZH9,False,0
train,6809,data/video-7yaY3LisuPdNyfZH9-frame-004290-GKGfbmyyQotodqo4k.jpg,640,512,residential,unknown,7yaY3LisuPdNyfZH9,False,0
train,6810,data/video-7yaY3LisuPdNyfZH9-frame-004305-a7p3QPkjLK6gLWN7X.jpg,640,512,residential,unknown,7yaY3LisuPdNyfZH9,True,1
train,6811,data/video-7yaY3LisuPdNyfZH9-frame-004320-n7W25ZSHuH6xjfJrZ.jpg,640,512,residential,unknown,7yaY3LisuPdNyfZH9,True,2
train,6812,data/video-7yaY3LisuPdNyfZH9-frame-004335-PXAKWPrHfvpBn92mx.jpg,640,512,residential,unknown,7yaY3LisuPdNyfZH9,True,1
train,6813,data/video-7yaY3LisuPdNyfZH9-frame-004350-a82mMovaMmnMnyXXW.jpg,640,512,residential,unknown,7yaY3LisuPdNyfZH9,True,1
train,6814,data/video-7yaY3LisuPdNyfZH9-frame-004365-Fe8KjnrCa5kHN9TRY.jpg,640,512,residential,unknown,7yaY3LisuPdNyfZH9,True,1
train,6815,data/video-7yaY3LisuPdNyfZH9-frame-004380-k6c6a5KEERvqvtrMM.jpg,640,512,residential,unknown,7yaY3LisuPdNyfZH9,True,2
train,6821,data/video-7yaY3LisuPdNyfZH9-frame-005659-ktj7HBhR8EYH8MFSA.jpg,640,512,city_street,unknown,7yaY3LisuPdNyfZH9,True,3
train,6822,data/video-7yaY3LisuPdNyfZH9-frame-005674-z3Fbk4tCsdsbwnNHH.jpg,640,512,city_street,unknown,7yaY3LisuPdNyfZH9,True,4
train,6823,data/video-7yaY3LisuPdNyfZH9-frame-005689-beD6F9ZG6YzZL3dri.jpg,640,512,residential,unknown,7yaY3LisuPdNyfZH9,True,3
train,6824,data/video-7yaY3LisuPdNyfZH9-frame-005704-WDR28vEpZboBLvZHe.jpg,640,512,residential,unknown,7yaY3LisuPdNyfZH9,True,2
train,6825,data/video-7yaY3LisuPdNyfZH9-frame-005719-5Q79tP6ArM7S8oKKj.jpg,640,512,residential,unknown,7yaY3LisuPdNyfZH9,True,2
train,6826,data/video-7yaY3LisuPdNyfZH9-frame-005734-5JB2Q79saREqz83NH.jpg,640,512,residential,unknown,7yaY3LisuPdNyfZH9,True,2
train,6827,data/video-7yaY3LisuPdNyfZH9-frame-005749-gASKTAX6rcRakD3gA.jpg,640,512,residential,unknown,7yaY3LisuPdNyfZH9,True,2
train,6828,data/video-7yaY3LisuPdNyfZH9-frame-005815-iefREkw6JDEDcaNbd.jpg,640,512,city_street,unknown,7yaY3LisuPdNyfZH9,True,1
train,6829,data/video-7yaY3LisuPdNyfZH9-frame-005830-Q9beix4J9HZJTtwhf.jpg,640,512,city_street,unknown,7yaY3LisuPdNyfZH9,True,1
train,6830,data/video-7yaY3LisuPdNyfZH9-frame-005845-iwx7aiuyxtesCBCmE.jpg,640,512,city_street,unknown,7yaY3LisuPdNyfZH9,True,2
train,6833,data/video-7yaY3LisuPdNyfZH9-frame-005890-rxCkyfbdGQDe8reCD.jpg,640,512,city_street,unknown,7yaY3LisuPdNyfZH9,False,0
train,6846,data/video-7yaY3LisuPdNyfZH9-frame-006085-EtydBSc8WAWtvsBMw.jpg,640,512,city_street,unknown,7yaY3LisuPdNyfZH9,True,1
train,6848,data/video-7yaY3LisuPdNyfZH9-frame-006115-TbEhJdcubzTsfoJgS.jpg,640,512,city_street,unknown,7yaY3LisuPdNyfZH9,True,2
train,6849,data/video-7yaY3LisuPdNyfZH9-frame-006130-b6NtcHCXRmXmcian7.jpg,640,512,city_street,unknown,7yaY3LisuPdNyfZH9,True,3
train,6850,data/video-7yaY3LisuPdNyfZH9-frame-006145-AMrGNB3GN3zWGeX5d.jpg,640,512,city_street,unknown,7yaY3LisuPdNyfZH9,True,2
train,6851,data/video-7yaY3LisuPdNyfZH9-frame-006160-kCZJXAW8oa8TRZkpP.jpg,640,512,city_street,unknown,7yaY3LisuPdNyfZH9,True,3
train,6852,data/video-7yaY3LisuPdNyfZH9-frame-006175-QtQa9Sn8zT6fLdduu.jpg,640,512,city_street,unknown,7yaY3LisuPdNyfZH9,True,2
train,6853,data/video-7yaY3LisuPdNyfZH9-frame-006190-i5oWY7kdSuTbmutFt.jpg,640,512,city_street,unknown,7yaY3LisuPdNyfZH9,True,3
train,6854,data/video-7yaY3LisuPdNyfZH9-frame-006205-C5qcE6DjETXDLpxh2.jpg,640,512,city_street,unknown,7yaY3LisuPdNyfZH9,True,3
train,6855,data/video-7yaY3LisuPdNyfZH9-frame-006220-wpYtFvcMbrLR2y7Ys.jpg,640,512,city_street,unknown,7yaY3LisuPdNyfZH9,True,3
train,6858,data/video-7yaY3LisuPdNyfZH9-frame-006265-8cGqf5DBa4CBio3by.jpg,640,512,city_street,unknown,7yaY3LisuPdNyfZH9,False,0
train,6977,data/video-9BBhGg3MKeaChnLjP-frame-000000-jZeDev6BNTWwcdHnP.jpg,640,512,highway,unknown,9BBhGg3MKeaChnLjP,False,0
train,6978,data/video-9BBhGg3MKeaChnLjP-frame-000450-5EEPd5a8Cy8AKRBxr.jpg,640,512,highway,unknown,9BBhGg3MKeaChnLjP,False,0
train,6979,data/video-9BBhGg3MKeaChnLjP-frame-000860-JE5MbkiMHSiWgWe8L.jpg,640,512,residential,unknown,9BBhGg3MKeaChnLjP,False,0
train,6981,data/video-9BBhGg3MKeaChnLjP-frame-000880-JYMAPNofJfw2GrixB.jpg,640,512,residential,unknown,9BBhGg3MKeaChnLjP,False,0
train,6983,data/video-9BBhGg3MKeaChnLjP-frame-000900-6dDJ7kxkWmtyxn3oP.jpg,640,512,residential,unknown,9BBhGg3MKeaChnLjP,False,0
train,6984,data/video-9BBhGg3MKeaChnLjP-frame-000910-J7RKteKJGqH87ueAB.jpg,640,512,residential,unknown,9BBhGg3MKeaChnLjP,False,0
train,6985,data/video-9BBhGg3MKeaChnLjP-frame-000920-Cayc86A4aYHFXFTXQ.jpg,640,512,residential,unknown,9BBhGg3MKeaChnLjP,False,0
train,6986,data/video-9BBhGg3MKeaChnLjP-frame-000930-Lys5fHnzKjdd3z2Nf.jpg,640,512,other,unknown,9BBhGg3MKeaChnLjP,False,0
train,6987,data/video-9BBhGg3MKeaChnLjP-frame-000940-fJyE7GeAkDCdMqP9B.jpg,640,512,other,unknown,9BBhGg3MKeaChnLjP,False,0
train,6988,data/video-9BBhGg3MKeaChnLjP-frame-000950-LTar9jzwRT3pvaStS.jpg,640,512,other,unknown,9BBhGg3MKeaChnLjP,False,0
train,6989,data/video-9BBhGg3MKeaChnLjP-frame-000960-oLoLWSpL7kANwvWge.jpg,640,512,residential,unknown,9BBhGg3MKeaChnLjP,False,0
train,6990,data/video-9BBhGg3MKeaChnLjP-frame-000970-L6f27EQKqLgyMQaeL.jpg,640,512,residential,unknown,9BBhGg3MKeaChnLjP,False,0
train,6991,data/video-9BBhGg3MKeaChnLjP-frame-000980-x7zmjZ3RMM5jH2YP2.jpg,640,512,residential,unknown,9BBhGg3MKeaChnLjP,False,0
train,6992,data/video-9BBhGg3MKeaChnLjP-frame-000990-iPbD5xCApQR26q9d6.jpg,640,512,residential,unknown,9BBhGg3MKeaChnLjP,False,0
train,6993,data/video-9BBhGg3MKeaChnLjP-frame-000995-RxYCpEyt3GAeGmCaq.jpg,640,512,residential,unknown,9BBhGg3MKeaChnLjP,False,0
train,6994,data/video-9BBhGg3MKeaChnLjP-frame-001445-oJwgAf2dRcsstXZuN.jpg,640,512,city_street,unknown,9BBhGg3MKeaChnLjP,False,0
train,6995,data/video-9BBhGg3MKeaChnLjP-frame-001895-o2LXexwQLNDdLckdr.jpg,640,512,other,unknown,9BBhGg3MKeaChnLjP,False,0
train,6996,data/video-9BBhGg3MKeaChnLjP-frame-002160-CffWkETgYgG9LtiK6.jpg,640,512,residential,unknown,9BBhGg3MKeaChnLjP,False,0
train,6997,data/video-9BBhGg3MKeaChnLjP-frame-002170-7SCvmsZxjM32Tp6cX.jpg,640,512,residential,unknown,9BBhGg3MKeaChnLjP,False,0
train,6998,data/video-9BBhGg3MKeaChnLjP-frame-002180-nZ2nvXeDDWKdk863q.jpg,640,512,other,unknown,9BBhGg3MKeaChnLjP,False,0
train,6999,data/video-9BBhGg3MKeaChnLjP-frame-002190-993LecgTZKMQDa5M5.jpg,640,512,other,unknown,9BBhGg3MKeaChnLjP,False,0
train,7000,data/video-9BBhGg3MKeaChnLjP-frame-002200-G975HPEFiwzaXDuY3.jpg,640,512,other,unknown,9BBhGg3MKeaChnLjP,False,0
train,7001,data/video-9BBhGg3MKeaChnLjP-frame-002210-xbYM58Kq6FiL6TBjK.jpg,640,512,other,unknown,9BBhGg3MKeaChnLjP,False,0
train,7002,data/video-9BBhGg3MKeaChnLjP-frame-002220-2D462PhEZ9qposvYn.jpg,640,512,other,unknown,9BBhGg3MKeaChnLjP,False,0
train,7003,data/video-9BBhGg3MKeaChnLjP-frame-002230-krvM6QRLxfgpYB6F3.jpg,640,512,other,unknown,9BBhGg3MKeaChnLjP,False,0
train,7004,data/video-9BBhGg3MKeaChnLjP-frame-002240-xoFzQ8aGJEzJBDnXK.jpg,640,512,other,unknown,9BBhGg3MKeaChnLjP,False,0
train,7005,data/video-9BBhGg3MKeaChnLjP-frame-002250-yWqGLGjBQrnkzNcMi.jpg,640,512,other,unknown,9BBhGg3MKeaChnLjP,False,0
train,7011,data/video-AEZAaF8epmvQv5Nfj-frame-000900-dTWi2Z2zAh8QgFvbu.jpg,640,512,other,unknown,AEZAaF8epmvQv5Nfj,False,0
train,7012,data/video-AEZAaF8epmvQv5Nfj-frame-001350-rBJc9QhetqZXsCbgg.jpg,640,512,city_street,unknown,AEZAaF8epmvQv5Nfj,False,0
train,7013,data/video-AEZAaF8epmvQv5Nfj-frame-001800-QJyNnSFiR9ebk4Q6A.jpg,640,512,highway,unknown,AEZAaF8epmvQv5Nfj,False,0
train,7014,data/video-AEZAaF8epmvQv5Nfj-frame-002250-Dyrry4dh5KjGh9bnR.jpg,640,512,highway,unknown,AEZAaF8epmvQv5Nfj,False,0
train,7015,data/video-AEZAaF8epmvQv5Nfj-frame-002700-wPYMf2KhWJ9cAadwg.jpg,640,512,highway,unknown,AEZAaF8epmvQv5Nfj,False,0
train,7016,data/video-AEZAaF8epmvQv5Nfj-frame-003150-cdJ9WXj6roNgLJC3R.jpg,640,512,highway,unknown,AEZAaF8epmvQv5Nfj,False,0
train,7017,data/video-AEZAaF8epmvQv5Nfj-frame-003600-TbtYpqWZeneaGKLqR.jpg,640,512,highway,unknown,AEZAaF8epmvQv5Nfj,False,0
train,7018,data/video-AEZAaF8epmvQv5Nfj-frame-004050-Gr72KJmxmJNicgBZR.jpg,640,512,highway,unknown,AEZAaF8epmvQv5Nfj,False,0
train,7019,data/video-AEZAaF8epmvQv5Nfj-frame-004500-sjy82vPGXntwToS8b.jpg,640,512,city_street,unknown,AEZAaF8epmvQv5Nfj,True,4
train,7020,data/video-AEZAaF8epmvQv5Nfj-frame-004950-bfr9JRAk557WvuHhc.jpg,640,512,highway,unknown,AEZAaF8epmvQv5Nfj,True,2
train,7021,data/video-AEZAaF8epmvQv5Nfj-frame-005400-hGrsqtXBX487Yrnnt.jpg,640,512,city_street,unknown,AEZAaF8epmvQv5Nfj,False,0
train,7022,data/video-AEZAaF8epmvQv5Nfj-frame-005850-Gb8cB6fj3Amo5GRgG.jpg,640,512,highway,unknown,AEZAaF8epmvQv5Nfj,False,0
train,7024,data/video-AEZAaF8epmvQv5Nfj-frame-006440-dn5caoyL74GT2eDQM.jpg,640,512,city_street,unknown,AEZAaF8epmvQv5Nfj,True,4
train,7025,data/video-AEZAaF8epmvQv5Nfj-frame-006450-yro4KnJnoJuF42CiA.jpg,640,512,city_street,unknown,AEZAaF8epmvQv5Nfj,True,3
train,7026,data/video-AEZAaF8epmvQv5Nfj-frame-006460-NnFbxhwhEcBMMofqM.jpg,640,512,city_street,unknown,AEZAaF8epmvQv5Nfj,True,3
train,7027,data/video-AEZAaF8epmvQv5Nfj-frame-006470-JrYdcyXfctj4DRY9L.jpg,640,512,city_street,unknown,AEZAaF8epmvQv5Nfj,True,3
train,7028,data/video-AEZAaF8epmvQv5Nfj-frame-006480-HuuKtrh3fp78pbdq9.jpg,640,512,city_street,unknown,AEZAaF8epmvQv5Nfj,True,3
train,7029,data/video-AEZAaF8epmvQv5Nfj-frame-006490-e6HbYBrqatX4sTgQr.jpg,640,512,city_street,unknown,AEZAaF8epmvQv5Nfj,True,4
train,7030,data/video-AEZAaF8epmvQv5Nfj-frame-006500-dvvuwnrmrgAbFuEP7.jpg,640,512,city_street,unknown,AEZAaF8epmvQv5Nfj,True,4
train,7031,data/video-AEZAaF8epmvQv5Nfj-frame-006510-ZriyJnLjfC5j8XDrW.jpg,640,512,city_street,unknown,AEZAaF8epmvQv5Nfj,True,4
train,7032,data/video-AEZAaF8epmvQv5Nfj-frame-006520-Q6q6F4dHTKj9e9atE.jpg,640,512,city_street,unknown,AEZAaF8epmvQv5Nfj,True,5
train,7033,data/video-AEZAaF8epmvQv5Nfj-frame-006530-8ZPsTHTyKrvkv9RRb.jpg,640,512,city_street,unknown,AEZAaF8epmvQv5Nfj,True,4
train,7034,data/video-AEZAaF8epmvQv5Nfj-frame-006540-JPf7sBHfDkX7Kdh7Q.jpg,640,512,city_street,unknown,AEZAaF8epmvQv5Nfj,True,4
train,7035,data/video-AEZAaF8epmvQv5Nfj-frame-006550-SEyrnjTTQohaoudaa.jpg,640,512,city_street,unknown,AEZAaF8epmvQv5Nfj,True,4
train,7036,data/video-AEZAaF8epmvQv5Nfj-frame-006560-GtKPoKoNC222Ztxfg.jpg,640,512,city_street,unknown,AEZAaF8epmvQv5Nfj,True,4
train,7037,data/video-AEZAaF8epmvQv5Nfj-frame-006570-mtqGpRy9bo7NtGEa6.jpg,640,512,city_street,unknown,AEZAaF8epmvQv5Nfj,True,4
train,7038,data/video-AEZAaF8epmvQv5Nfj-frame-006580-XHn3jCqwRahir45eL.jpg,640,512,city_street,unknown,AEZAaF8epmvQv5Nfj,True,4
train,7039,data/video-AEZAaF8epmvQv5Nfj-frame-006590-FdxNkEPRyuTN4RJA6.jpg,640,512,city_street,unknown,AEZAaF8epmvQv5Nfj,True,5
train,7040,data/video-AEZAaF8epmvQv5Nfj-frame-006600-H4Cio6FgimaesBo2E.jpg,640,512,city_street,unknown,AEZAaF8epmvQv5Nfj,True,4
train,7042,data/video-AEZAaF8epmvQv5Nfj-frame-006620-gypbDkvEcxvCckNTK.jpg,640,512,city_street,unknown,AEZAaF8epmvQv5Nfj,True,4
train,7043,data/video-AEZAaF8epmvQv5Nfj-frame-006630-t5PB4kkMER2RiBoJA.jpg,640,512,city_street,unknown,AEZAaF8epmvQv5Nfj,True,4
train,7044,data/video-AEZAaF8epmvQv5Nfj-frame-006640-9LEtBEAauq3soD82d.jpg,640,512,city_street,unknown,AEZAaF8epmvQv5Nfj,True,6
train,7045,data/video-AEZAaF8epmvQv5Nfj-frame-006650-ubr4fm7TeJ8zTd2YT.jpg,640,512,city_street,unknown,AEZAaF8epmvQv5Nfj,True,6
train,7046,data/video-AEZAaF8epmvQv5Nfj-frame-006660-FAtK2oqXPZ8dXRtna.jpg,640,512,city_street,unknown,AEZAaF8epmvQv5Nfj,True,5
train,7047,data/video-AEZAaF8epmvQv5Nfj-frame-006670-TmN6rtmyKtEHJ4u48.jpg,640,512,city_street,unknown,AEZAaF8epmvQv5Nfj,True,4
train,7048,data/video-AEZAaF8epmvQv5Nfj-frame-006680-iJhGYcDiJ6Q6tbej7.jpg,640,512,city_street,unknown,AEZAaF8epmvQv5Nfj,True,5
train,7049,data/video-AEZAaF8epmvQv5Nfj-frame-006690-9yBu8BAHgCQahLNHZ.jpg,640,512,city_street,unknown,AEZAaF8epmvQv5Nfj,True,4
train,7050,data/video-AEZAaF8epmvQv5Nfj-frame-006700-Z4x9fmbrmwC7jSDgy.jpg,640,512,city_street,unknown,AEZAaF8epmvQv5Nfj,True,6
train,7051,data/video-AEZAaF8epmvQv5Nfj-frame-006710-7WCx2GmhCXvYXasuz.jpg,640,512,city_street,unknown,AEZAaF8epmvQv5Nfj,True,5
train,7052,data/video-AEZAaF8epmvQv5Nfj-frame-006720-sqLCmiLRHCLWradeD.jpg,640,512,city_street,unknown,AEZAaF8epmvQv5Nfj,True,7
train,7053,data/video-AEZAaF8epmvQv5Nfj-frame-006730-ntvmPBEXbPxhrLc7k.jpg,640,512,city_street,unknown,AEZAaF8epmvQv5Nfj,True,6
train,7054,data/video-AEZAaF8epmvQv5Nfj-frame-006740-zxCTDWnXEXpNXQvSP.jpg,640,512,city_street,unknown,AEZAaF8epmvQv5Nfj,True,4
train,7056,data/video-AEZAaF8epmvQv5Nfj-frame-006760-AT8xKtQiRBHysJfcf.jpg,640,512,city_street,unknown,AEZAaF8epmvQv5Nfj,True,3
train,7057,data/video-AEZAaF8epmvQv5Nfj-frame-006770-g8fuYsGbZ3FC8z5dc.jpg,640,512,city_street,unknown,AEZAaF8epmvQv5Nfj,True,2
train,7058,data/video-AEZAaF8epmvQv5Nfj-frame-006780-8b5mhemXEjBPmjmbp.jpg,640,512,city_street,unknown,AEZAaF8epmvQv5Nfj,True,3
train,7059,data/video-AEZAaF8epmvQv5Nfj-frame-006790-QdgeqZGQTxM5qtq4G.jpg,640,512,city_street,unknown,AEZAaF8epmvQv5Nfj,True,5
train,7060,data/video-AEZAaF8epmvQv5Nfj-frame-006800-dCtQrNo2JXzcErtXX.jpg,640,512,city_street,unknown,AEZAaF8epmvQv5Nfj,True,4
train,7061,data/video-AEZAaF8epmvQv5Nfj-frame-006810-rP4Rgz6nk2bu5KE6e.jpg,640,512,city_street,unknown,AEZAaF8epmvQv5Nfj,True,3
train,7062,data/video-AEZAaF8epmvQv5Nfj-frame-006820-vxp6brJbyuj92d7sn.jpg,640,512,city_street,unknown,AEZAaF8epmvQv5Nfj,True,3
train,7063,data/video-AEZAaF8epmvQv5Nfj-frame-006830-icGbMAtJTBrFeu2at.jpg,640,512,city_street,unknown,AEZAaF8epmvQv5Nfj,True,1
train,7064,data/video-AEZAaF8epmvQv5Nfj-frame-006840-zy5fukJd25efSxfqE.jpg,640,512,city_street,unknown,AEZAaF8epmvQv5Nfj,True,1
train,7065,data/video-AEZAaF8epmvQv5Nfj-frame-006850-YfEKFMLyhjeqS8dgf.jpg,640,512,city_street,unknown,AEZAaF8epmvQv5Nfj,True,2
train,7066,data/video-AEZAaF8epmvQv5Nfj-frame-006860-zL78A2ysoRtbZ9e88.jpg,640,512,city_street,unknown,AEZAaF8epmvQv5Nfj,True,2
train,7067,data/video-AEZAaF8epmvQv5Nfj-frame-006870-Bwp8nEik9v662S8Ci.jpg,640,512,city_street,unknown,AEZAaF8epmvQv5Nfj,True,2
train,7068,data/video-AEZAaF8epmvQv5Nfj-frame-006880-GbvxzvhMHkvg8LGZn.jpg,640,512,city_street,unknown,AEZAaF8epmvQv5Nfj,True,2
train,7069,data/video-AEZAaF8epmvQv5Nfj-frame-006890-dK5h8DRBNbRBqBzB5.jpg,640,512,city_street,unknown,AEZAaF8epmvQv5Nfj,True,1
train,7070,data/video-AEZAaF8epmvQv5Nfj-frame-006900-5oCxG7nPet74wuvF3.jpg,640,512,city_street,unknown,AEZAaF8epmvQv5Nfj,True,1
train,7071,data/video-AEZAaF8epmvQv5Nfj-frame-006910-Bd273QPL3F4v7ibJb.jpg,640,512,city_street,unknown,AEZAaF8epmvQv5Nfj,True,1
train,7072,data/video-AEZAaF8epmvQv5Nfj-frame-006920-8mvAvyLFBXcEhzYXP.jpg,640,512,city_street,unknown,AEZAaF8epmvQv5Nfj,True,1
train,7073,data/video-AEZAaF8epmvQv5Nfj-frame-006930-3beFFmp7uaNuMzSDx.jpg,640,512,city_street,unknown,AEZAaF8epmvQv5Nfj,True,4
train,7074,data/video-AEZAaF8epmvQv5Nfj-frame-006940-8q2vwsaPbPviJCzDv.jpg,640,512,city_street,unknown,AEZAaF8epmvQv5Nfj,True,3
train,7075,data/video-AEZAaF8epmvQv5Nfj-frame-006950-hzPwdfcFof55fLoQF.jpg,640,512,city_street,unknown,AEZAaF8epmvQv5Nfj,True,5
train,7076,data/video-AEZAaF8epmvQv5Nfj-frame-006960-3btdAdi4s4fMDoqNu.jpg,640,512,city_street,unknown,AEZAaF8epmvQv5Nfj,True,6
train,7077,data/video-AEZAaF8epmvQv5Nfj-frame-006970-QegzpomJA3Gj83Knt.jpg,640,512,city_street,unknown,AEZAaF8epmvQv5Nfj,True,4
train,7078,data/video-AEZAaF8epmvQv5Nfj-frame-006980-bvggy7W8zAcZi8Jyn.jpg,640,512,city_street,unknown,AEZAaF8epmvQv5Nfj,True,4
train,7079,data/video-AEZAaF8epmvQv5Nfj-frame-006990-77FxN63QbXJngqkRM.jpg,640,512,city_street,unknown,AEZAaF8epmvQv5Nfj,True,4
train,7080,data/video-AEZAaF8epmvQv5Nfj-frame-007000-Mzqav88KPvtPBBc6B.jpg,640,512,city_street,unknown,AEZAaF8epmvQv5Nfj,True,4
train,7081,data/video-AEZAaF8epmvQv5Nfj-frame-007010-7qqdAzntP26RqaNQN.jpg,640,512,city_street,unknown,AEZAaF8epmvQv5Nfj,True,4
train,7082,data/video-AEZAaF8epmvQv5Nfj-frame-007020-Zvb3ZN9qZ2RP4rJqj.jpg,640,512,city_street,unknown,AEZAaF8epmvQv5Nfj,True,5
train,7083,data/video-AEZAaF8epmvQv5Nfj-frame-007030-mEYGwFnc6e6wAZwJ9.jpg,640,512,city_street,unknown,AEZAaF8epmvQv5Nfj,True,5
train,7084,data/video-AEZAaF8epmvQv5Nfj-frame-007040-kTZSMFYZmpH4hDLdt.jpg,640,512,city_street,unknown,AEZAaF8epmvQv5Nfj,True,5
train,7085,data/video-AEZAaF8epmvQv5Nfj-frame-007050-3W63vfdmpK5XyRYqF.jpg,640,512,city_street,unknown,AEZAaF8epmvQv5Nfj,True,6
train,7086,data/video-AEZAaF8epmvQv5Nfj-frame-007060-rgGvQvuDsWGFtd5Ef.jpg,640,512,city_street,unknown,AEZAaF8epmvQv5Nfj,True,8
train,7087,data/video-AEZAaF8epmvQv5Nfj-frame-007070-YELMKAySTWrQC5DRb.jpg,640,512,city_street,unknown,AEZAaF8epmvQv5Nfj,True,5
train,7088,data/video-AEZAaF8epmvQv5Nfj-frame-007275-P5QnzkFPGjMfYdyMD.jpg,640,512,city_street,unknown,AEZAaF8epmvQv5Nfj,True,8
train,7089,data/video-AEZAaF8epmvQv5Nfj-frame-007285-qYt2wazjQKKctymTB.jpg,640,512,city_street,unknown,AEZAaF8epmvQv5Nfj,True,11
train,7090,data/video-AEZAaF8epmvQv5Nfj-frame-007295-CuDbhiYb5ReDawRnx.jpg,640,512,city_street,unknown,AEZAaF8epmvQv5Nfj,True,10
train,7091,data/video-AEZAaF8epmvQv5Nfj-frame-007305-hs9puBbfh5cPz6f6w.jpg,640,512,city_street,unknown,AEZAaF8epmvQv5Nfj,True,7
train,7092,data/video-AEZAaF8epmvQv5Nfj-frame-007315-uimQAfbN47vT3k7if.jpg,640,512,city_street,unknown,AEZAaF8epmvQv5Nfj,True,6
train,7093,data/video-AEZAaF8epmvQv5Nfj-frame-007325-n9aW5pCT8RSedohFH.jpg,640,512,city_street,unknown,AEZAaF8epmvQv5Nfj,True,6
train,7094,data/video-AEZAaF8epmvQv5Nfj-frame-007335-sENK4tewfGHkKfokM.jpg,640,512,city_street,unknown,AEZAaF8epmvQv5Nfj,True,8
train,7095,data/video-AEZAaF8epmvQv5Nfj-frame-007345-5d3XpEYqMub3JsQJD.jpg,640,512,city_street,unknown,AEZAaF8epmvQv5Nfj,True,9
train,7096,data/video-AEZAaF8epmvQv5Nfj-frame-007355-4E7SqRYGu9T3RNa8p.jpg,640,512,city_street,unknown,AEZAaF8epmvQv5Nfj,True,11
train,7097,data/video-AEZAaF8epmvQv5Nfj-frame-007365-aGFtNRwbCFEfFiTzp.jpg,640,512,city_street,unknown,AEZAaF8epmvQv5Nfj,True,11
train,7098,data/video-AEZAaF8epmvQv5Nfj-frame-007375-Ak8Awq4mg4XcbDx2r.jpg,640,512,city_street,unknown,AEZAaF8epmvQv5Nfj,True,14
train,7099,data/video-AEZAaF8epmvQv5Nfj-frame-007385-NzjPcMMbrXC57znFZ.jpg,640,512,city_street,unknown,AEZAaF8epmvQv5Nfj,True,13
train,7100,data/video-AEZAaF8epmvQv5Nfj-frame-007395-MQ8kEFwKbRox3AHof.jpg,640,512,city_street,unknown,AEZAaF8epmvQv5Nfj,True,11
train,7101,data/video-AEZAaF8epmvQv5Nfj-frame-007405-KdkxFec2bwHhutPic.jpg,640,512,city_street,unknown,AEZAaF8epmvQv5Nfj,True,15
train,7102,data/video-AEZAaF8epmvQv5Nfj-frame-007415-hQFzqJzL4yneJe8eP.jpg,640,512,city_street,unknown,AEZAaF8epmvQv5Nfj,True,16
train,7103,data/video-AEZAaF8epmvQv5Nfj-frame-007425-4oJK8ZkkWwwGBc8oJ.jpg,640,512,city_street,unknown,AEZAaF8epmvQv5Nfj,True,12
train,7104,data/video-AEZAaF8epmvQv5Nfj-frame-007435-Fazp9KZPyqD5WdCS6.jpg,640,512,city_street,unknown,AEZAaF8epmvQv5Nfj,True,10
train,7105,data/video-AEZAaF8epmvQv5Nfj-frame-007445-zymwBRPmnxn8CqdTu.jpg,640,512,city_street,unknown,AEZAaF8epmvQv5Nfj,True,9
train,7106,data/video-AEZAaF8epmvQv5Nfj-frame-007455-em35cTPCLaxjSETbp.jpg,640,512,city_street,unknown,AEZAaF8epmvQv5Nfj,True,11
train,7107,data/video-AEZAaF8epmvQv5Nfj-frame-007465-7gCtLXbq9pLL35dF3.jpg,640,512,city_street,unknown,AEZAaF8epmvQv5Nfj,True,14
train,7108,data/video-AEZAaF8epmvQv5Nfj-frame-007475-hNtRzGeGEuKw3FgSQ.jpg,640,512,city_street,unknown,AEZAaF8epmvQv5Nfj,True,17
train,7109,data/video-AEZAaF8epmvQv5Nfj-frame-007485-kd5EKr5MiyF2CoE96.jpg,640,512,city_street,unknown,AEZAaF8epmvQv5Nfj,True,15
train,7110,data/video-AEZAaF8epmvQv5Nfj-frame-007495-YEJ3gQWihZAyyNnvy.jpg,640,512,city_street,unknown,AEZAaF8epmvQv5Nfj,True,13
train,7111,data/video-AEZAaF8epmvQv5Nfj-frame-007505-SBKZuJLbyLuYh3Xfm.jpg,640,512,city_street,unknown,AEZAaF8epmvQv5Nfj,True,15
train,7112,data/video-AEZAaF8epmvQv5Nfj-frame-008240-PvZs9DpaLmaEbvgrQ.jpg,640,512,residential,unknown,AEZAaF8epmvQv5Nfj,True,4
train,7113,data/video-AEZAaF8epmvQv5Nfj-frame-008250-cNa4AJCRNQHA2cTRM.jpg,640,512,city_street,unknown,AEZAaF8epmvQv5Nfj,True,5
train,7114,data/video-AEZAaF8epmvQv5Nfj-frame-008260-Hiy89ZwK3aJo3jCdL.jpg,640,512,city_street,unknown,AEZAaF8epmvQv5Nfj,True,7
train,7115,data/video-AEZAaF8epmvQv5Nfj-frame-008270-e9cngbWLifRM8Y6Cq.jpg,640,512,city_street,unknown,AEZAaF8epmvQv5Nfj,True,5
train,7116,data/video-AEZAaF8epmvQv5Nfj-frame-008280-3c8fuiBbsRYduErDm.jpg,640,512,city_street,unknown,AEZAaF8epmvQv5Nfj,True,5
train,7117,data/video-AEZAaF8epmvQv5Nfj-frame-008290-2GeLhkyBXqXPPykbG.jpg,640,512,residential,unknown,AEZAaF8epmvQv5Nfj,True,5
train,7118,data/video-AEZAaF8epmvQv5Nfj-frame-008300-iGrCxbLrxsaynr2ED.jpg,640,512,city_street,unknown,AEZAaF8epmvQv5Nfj,True,5
train,7119,data/video-AEZAaF8epmvQv5Nfj-frame-008310-vXHAoYYMh32fNWwFv.jpg,640,512,city_street,unknown,AEZAaF8epmvQv5Nfj,True,4
train,7120,data/video-AEZAaF8epmvQv5Nfj-frame-008320-CKGD5zrfxG6wq8htd.jpg,640,512,city_street,unknown,AEZAaF8epmvQv5Nfj,True,4
train,7121,data/video-AEZAaF8epmvQv5Nfj-frame-008330-DPwDQafKJB4q8ikxZ.jpg,640,512,city_street,unknown,AEZAaF8epmvQv5Nfj,True,4
train,7122,data/video-AEZAaF8epmvQv5Nfj-frame-008340-MesW4eBqvvycK9c8D.jpg,640,512,city_street,unknown,AEZAaF8epmvQv5Nfj,True,5
train,7123,data/video-AEZAaF8epmvQv5Nfj-frame-008350-zPCt5FrR4b5DAKNDd.jpg,640,512,city_street,unknown,AEZAaF8epmvQv5Nfj,True,5
train,7124,data/video-AEZAaF8epmvQv5Nfj-frame-008360-CDkmBhRnG8HxPeuze.jpg,640,512,city_street,unknown,AEZAaF8epmvQv5Nfj,True,6
train,7125,data/video-AEZAaF8epmvQv5Nfj-frame-008370-gZ8jyFykxS4CKJga3.jpg,640,512,residential,unknown,AEZAaF8epmvQv5Nfj,True,6
train,7126,data/video-AEZAaF8epmvQv5Nfj-frame-008380-iBKcGsurnr7dx2yD3.jpg,640,512,residential,unknown,AEZAaF8epmvQv5Nfj,True,6
train,7127,data/video-AEZAaF8epmvQv5Nfj-frame-008390-9DpYDEZFoMWSyRb52.jpg,640,512,residential,unknown,AEZAaF8epmvQv5Nfj,True,6
train,7128,data/video-AEZAaF8epmvQv5Nfj-frame-008400-cAicZx56eykWCKT2F.jpg,640,512,residential,unknown,AEZAaF8epmvQv5Nfj,True,4
train,7129,data/video-AEZAaF8epmvQv5Nfj-frame-008410-7ziciWaJgTwcW4fu8.jpg,640,512,residential,unknown,AEZAaF8epmvQv5Nfj,True,4
train,7130,data/video-AEZAaF8epmvQv5Nfj-frame-008420-DzHXijXqk8oz7hnMh.jpg,640,512,residential,unknown,AEZAaF8epmvQv5Nfj,True,5
train,7131,data/video-AEZAaF8epmvQv5Nfj-frame-008430-d3eQeWAwcLyfRvw2u.jpg,640,512,residential,unknown,AEZAaF8epmvQv5Nfj,True,5
train,7132,data/video-AEZAaF8epmvQv5Nfj-frame-008440-DJvcXq3wystx9nvPF.jpg,640,512,residential,unknown,AEZAaF8epmvQv5Nfj,True,4
train,7133,data/video-AEZAaF8epmvQv5Nfj-frame-008450-kjEEYQQYAgvLhemG5.jpg,640,512,residential,unknown,AEZAaF8epmvQv5Nfj,True,5
train,7134,data/video-AEZAaF8epmvQv5Nfj-frame-008460-xdhRoTszAowxk2oRe.jpg,640,512,city_street,unknown,AEZAaF8epmvQv5Nfj,True,4
train,7135,data/video-AEZAaF8epmvQv5Nfj-frame-008470-tJvRXaqsxbXjRXfGK.jpg,640,512,residential,unknown,AEZAaF8epmvQv5Nfj,True,2
train,7136,data/video-AEZAaF8epmvQv5Nfj-frame-008480-BBGrc4scySvwsLT7q.jpg,640,512,residential,unknown,AEZAaF8epmvQv5Nfj,True,2
train,7137,data/video-AEZAaF8epmvQv5Nfj-frame-008490-5x5ZZEbJ7jopDdJ2s.jpg,640,512,residential,unknown,AEZAaF8epmvQv5Nfj,True,2
train,7138,data/video-AEZAaF8epmvQv5Nfj-frame-008500-A8PmMpZSMorTwhcnD.jpg,640,512,residential,unknown,AEZAaF8epmvQv5Nfj,True,2
train,7139,data/video-AEZAaF8epmvQv5Nfj-frame-008510-mPwtYf6vqmax9fWDa.jpg,640,512,residential,unknown,AEZAaF8epmvQv5Nfj,True,2
train,7140,data/video-AEZAaF8epmvQv5Nfj-frame-008520-FjiY83Q9Gf2Sx388T.jpg,640,512,residential,unknown,AEZAaF8epmvQv5Nfj,True,2
train,7141,data/video-AEZAaF8epmvQv5Nfj-frame-008530-fESENfax6PWTrQdDh.jpg,640,512,residential,unknown,AEZAaF8epmvQv5Nfj,True,2
train,7142,data/video-AEZAaF8epmvQv5Nfj-frame-008540-P9KqmFRZcXWyd7Ytb.jpg,640,512,residential,unknown,AEZAaF8epmvQv5Nfj,True,2
train,7143,data/video-AEZAaF8epmvQv5Nfj-frame-008550-Dw3C4eSaABkWCvYAQ.jpg,640,512,residential,unknown,AEZAaF8epmvQv5Nfj,True,2
train,7144,data/video-AEZAaF8epmvQv5Nfj-frame-008560-AQoX9ymnC3x8gy4yy.jpg,640,512,residential,unknown,AEZAaF8epmvQv5Nfj,True,2
train,7145,data/video-AEZAaF8epmvQv5Nfj-frame-008570-hxkgjCrsrGrAyvRCZ.jpg,640,512,city_street,unknown,AEZAaF8epmvQv5Nfj,True,2
train,7146,data/video-AEZAaF8epmvQv5Nfj-frame-008580-pMFb4fHePKMSmY46q.jpg,640,512,residential,unknown,AEZAaF8epmvQv5Nfj,True,2
train,7147,data/video-AEZAaF8epmvQv5Nfj-frame-008590-NRpowrfejxt4kBGxp.jpg,640,512,residential,unknown,AEZAaF8epmvQv5Nfj,True,2
train,7148,data/video-AEZAaF8epmvQv5Nfj-frame-008600-SqCYtFZXPEPYYbTC3.jpg,640,512,residential,unknown,AEZAaF8epmvQv5Nfj,True,2
train,7149,data/video-AEZAaF8epmvQv5Nfj-frame-008610-ELW5rTZgqjjQYgaQz.jpg,640,512,residential,unknown,AEZAaF8epmvQv5Nfj,True,2
train,7150,data/video-AEZAaF8epmvQv5Nfj-frame-008620-PhbKmTmC4NE3hSuuJ.jpg,640,512,residential,unknown,AEZAaF8epmvQv5Nfj,True,2
train,7151,data/video-AEZAaF8epmvQv5Nfj-frame-008630-7jtSEGezNvh9CesY3.jpg,640,512,residential,unknown,AEZAaF8epmvQv5Nfj,True,2
train,7152,data/video-AEZAaF8epmvQv5Nfj-frame-008640-2PQTA6rAoQJoboKrm.jpg,640,512,residential,unknown,AEZAaF8epmvQv5Nfj,True,4
train,7153,data/video-AEZAaF8epmvQv5Nfj-frame-008650-rxbb594YkgYwKk4bP.jpg,640,512,residential,unknown,AEZAaF8epmvQv5Nfj,True,4
train,7154,data/video-AEZAaF8epmvQv5Nfj-frame-008660-5H6qx5yfRRedbL9fb.jpg,640,512,residential,unknown,AEZAaF8epmvQv5Nfj,True,4
train,7155,data/video-AEZAaF8epmvQv5Nfj-frame-008670-Q7NF34HXn9tx5BXMp.jpg,640,512,residential,unknown,AEZAaF8epmvQv5Nfj,True,3
train,7156,data/video-AEZAaF8epmvQv5Nfj-frame-008680-MhxXo5492ne3JgYWA.jpg,640,512,residential,unknown,AEZAaF8epmvQv5Nfj,True,5
train,7157,data/video-AEZAaF8epmvQv5Nfj-frame-008690-AGayxpEisRWX2Be9s.jpg,640,512,residential,unknown,AEZAaF8epmvQv5Nfj,True,5
train,7158,data/video-AEZAaF8epmvQv5Nfj-frame-008700-EfpAhPiav2nLaMjZb.jpg,640,512,residential,unknown,AEZAaF8epmvQv5Nfj,True,3
train,7159,data/video-AEZAaF8epmvQv5Nfj-frame-008710-W3JiFRbKHDTt7aPst.jpg,640,512,residential,unknown,AEZAaF8epmvQv5Nfj,True,3
train,7160,data/video-AEZAaF8epmvQv5Nfj-frame-008720-dPXcJHrRb54Ht49PB.jpg,640,512,city_street,unknown,AEZAaF8epmvQv5Nfj,True,3
train,7161,data/video-AEZAaF8epmvQv5Nfj-frame-008730-cwpySK2LLLczHgXJy.jpg,640,512,city_street,unknown,AEZAaF8epmvQv5Nfj,True,2
train,7162,data/video-AEZAaF8epmvQv5Nfj-frame-008740-siMxnkgTym9r7t5m5.jpg,640,512,city_street,unknown,AEZAaF8epmvQv5Nfj,True,2
train,7163,data/video-AEZAaF8epmvQv5Nfj-frame-008750-NY6YhLbQ9emwaZ69v.jpg,640,512,residential,unknown,AEZAaF8epmvQv5Nfj,True,2
train,7164,data/video-AEZAaF8epmvQv5Nfj-frame-008760-f7ADSJHz9J62rzJrB.jpg,640,512,residential,unknown,AEZAaF8epmvQv5Nfj,True,2
train,7165,data/video-AEZAaF8epmvQv5Nfj-frame-008770-DrGJWZzH3kpL6pESo.jpg,640,512,residential,unknown,AEZAaF8epmvQv5Nfj,False,0
train,7166,data/video-AEZAaF8epmvQv5Nfj-frame-008780-D96B8FZEihq25YdfF.jpg,640,512,city_street,unknown,AEZAaF8epmvQv5Nfj,True,1
train,7167,data/video-AEZAaF8epmvQv5Nfj-frame-008790-7nTA7dAc2q7jJoADu.jpg,640,512,city_street,unknown,AEZAaF8epmvQv5Nfj,True,1
train,7168,data/video-AEZAaF8epmvQv5Nfj-frame-008800-ku6r7asgQ3eYRsPvx.jpg,640,512,city_street,unknown,AEZAaF8epmvQv5Nfj,True,2
train,7169,data/video-AEZAaF8epmvQv5Nfj-frame-008810-EqFXEToBDYekYKZwk.jpg,640,512,city_street,unknown,AEZAaF8epmvQv5Nfj,True,2
train,7170,data/video-AEZAaF8epmvQv5Nfj-frame-008820-6QXJQW36YzMt5fkZr.jpg,640,512,city_street,unknown,AEZAaF8epmvQv5Nfj,True,2
train,7171,data/video-AEZAaF8epmvQv5Nfj-frame-008830-cnHCQ39p7BqWQ3o4J.jpg,640,512,city_street,unknown,AEZAaF8epmvQv5Nfj,True,2
train,7172,data/video-AEZAaF8epmvQv5Nfj-frame-008840-7xku9unFr39B8vATa.jpg,640,512,city_street,unknown,AEZAaF8epmvQv5Nfj,True,2
train,7173,data/video-AEZAaF8epmvQv5Nfj-frame-008850-rKanFacYRNEKWczKF.jpg,640,512,city_street,unknown,AEZAaF8epmvQv5Nfj,True,2
train,7174,data/video-AEZAaF8epmvQv5Nfj-frame-008860-vc64a7eJZi8EzNTTk.jpg,640,512,city_street,unknown,AEZAaF8epmvQv5Nfj,True,5
train,7175,data/video-AEZAaF8epmvQv5Nfj-frame-008870-Cm5actLBSBhw9GnCP.jpg,640,512,city_street,unknown,AEZAaF8epmvQv5Nfj,True,5
train,7176,data/video-AEZAaF8epmvQv5Nfj-frame-009219-R7WiKMuphKxHhvA7Q.jpg,640,512,city_street,unknown,AEZAaF8epmvQv5Nfj,True,2
train,7177,data/video-AEZAaF8epmvQv5Nfj-frame-009229-6xHuRhZHiqHEQahq6.jpg,640,512,city_street,unknown,AEZAaF8epmvQv5Nfj,True,2
train,7178,data/video-AEZAaF8epmvQv5Nfj-frame-009239-FHKQWjxEw3iJ9Zx7n.jpg,640,512,city_street,unknown,AEZAaF8epmvQv5Nfj,True,3
train,7179,data/video-AEZAaF8epmvQv5Nfj-frame-009249-Y4Lx4voEBXKxtNR29.jpg,640,512,city_street,unknown,AEZAaF8epmvQv5Nfj,True,5
train,7180,data/video-AEZAaF8epmvQv5Nfj-frame-009259-e8s4zei3Qwhc3yiCz.jpg,640,512,city_street,unknown,AEZAaF8epmvQv5Nfj,True,4
train,7181,data/video-AEZAaF8epmvQv5Nfj-frame-009269-8q8Fo7GrWaoXZpMMX.jpg,640,512,city_street,unknown,AEZAaF8epmvQv5Nfj,True,7
train,7182,data/video-AEZAaF8epmvQv5Nfj-frame-009279-HcaJ5nuK5GSbHotdp.jpg,640,512,city_street,unknown,AEZAaF8epmvQv5Nfj,True,4
train,7183,data/video-AEZAaF8epmvQv5Nfj-frame-009289-8jr4Wc4k5vJhofPfq.jpg,640,512,city_street,unknown,AEZAaF8epmvQv5Nfj,True,8
train,7184,data/video-AEZAaF8epmvQv5Nfj-frame-009299-7cuevpM3bofrS7waT.jpg,640,512,city_street,unknown,AEZAaF8epmvQv5Nfj,True,11
train,7185,data/video-AEZAaF8epmvQv5Nfj-frame-009309-Wr28LKag4Bk6pFdiW.jpg,640,512,city_street,unknown,AEZAaF8epmvQv5Nfj,True,11
train,7186,data/video-AEZAaF8epmvQv5Nfj-frame-009319-NFcWxF553oasX3v8N.jpg,640,512,city_street,unknown,AEZAaF8epmvQv5Nfj,True,8
train,7187,data/video-AEZAaF8epmvQv5Nfj-frame-009329-GErLzNpmMQjv8dv25.jpg,640,512,city_street,unknown,AEZAaF8epmvQv5Nfj,True,8
train,7188,data/video-AEZAaF8epmvQv5Nfj-frame-009339-Pe2Mvm3AntEfWZBcR.jpg,640,512,city_street,unknown,AEZAaF8epmvQv5Nfj,True,10
train,7190,data/video-AEZAaF8epmvQv5Nfj-frame-009359-FuiHMZtsp6KbkzqK3.jpg,640,512,city_street,unknown,AEZAaF8epmvQv5Nfj,True,11
train,7191,data/video-AEZAaF8epmvQv5Nfj-frame-009369-r3Wspm7TC5ank6EQ3.jpg,640,512,city_street,unknown,AEZAaF8epmvQv5Nfj,True,9
train,7193,data/video-AEZAaF8epmvQv5Nfj-frame-009389-L9MYuGrvXJn7rjZer.jpg,640,512,city_street,unknown,AEZAaF8epmvQv5Nfj,True,13
train,7194,data/video-AEZAaF8epmvQv5Nfj-frame-009399-xzdYNEZC3YRJTAS2A.jpg,640,512,city_street,unknown,AEZAaF8epmvQv5Nfj,True,14
train,7195,data/video-AEZAaF8epmvQv5Nfj-frame-009409-gKucRygb3acEwG9zE.jpg,640,512,city_street,unknown,AEZAaF8epmvQv5Nfj,True,14
train,7196,data/video-AEZAaF8epmvQv5Nfj-frame-009419-kC2LtG4xgLMvc5ibE.jpg,640,512,city_street,unknown,AEZAaF8epmvQv5Nfj,True,14
train,7197,data/video-AEZAaF8epmvQv5Nfj-frame-009429-8MFRtGpLiQzJiPo7w.jpg,640,512,city_street,unknown,AEZAaF8epmvQv5Nfj,True,14
train,7198,data/video-AEZAaF8epmvQv5Nfj-frame-009439-SR23BFy8kcTZFE27G.jpg,640,512,city_street,unknown,AEZAaF8epmvQv5Nfj,True,17
train,7199,data/video-AEZAaF8epmvQv5Nfj-frame-009449-SNFcMCeiT5mcaZGAM.jpg,640,512,city_street,unknown,AEZAaF8epmvQv5Nfj,True,16
train,7200,data/video-AEZAaF8epmvQv5Nfj-frame-009459-cDFs3iQKXKM5wzeee.jpg,640,512,city_street,unknown,AEZAaF8epmvQv5Nfj,True,14
train,7201,data/video-AEZAaF8epmvQv5Nfj-frame-009469-DnoeH8W7ojiG7fvQD.jpg,640,512,city_street,unknown,AEZAaF8epmvQv5Nfj,True,15
train,7202,data/video-AEZAaF8epmvQv5Nfj-frame-009479-D7GSsCzPBK23ZAvwg.jpg,640,512,city_street,unknown,AEZAaF8epmvQv5Nfj,True,16
train,7203,data/video-AEZAaF8epmvQv5Nfj-frame-009489-yLwAc7dMS5oQB29Z4.jpg,640,512,city_street,unknown,AEZAaF8epmvQv5Nfj,True,16
train,7204,data/video-AEZAaF8epmvQv5Nfj-frame-009499-dDryxY4yKQaGELqtn.jpg,640,512,city_street,unknown,AEZAaF8epmvQv5Nfj,True,14
train,7205,data/video-AEZAaF8epmvQv5Nfj-frame-009509-ZebvuM2maHeYN7Jv8.jpg,640,512,city_street,unknown,AEZAaF8epmvQv5Nfj,True,15
train,7206,data/video-AEZAaF8epmvQv5Nfj-frame-009519-arD2Q4fv5GonJtQpf.jpg,640,512,city_street,unknown,AEZAaF8epmvQv5Nfj,True,13
train,7207,data/video-AEZAaF8epmvQv5Nfj-frame-009529-DbPQonaGEHZdKzXqh.jpg,640,512,city_street,unknown,AEZAaF8epmvQv5Nfj,True,15
train,7208,data/video-AEZAaF8epmvQv5Nfj-frame-009539-zi5KpaB6z2HaoLFnj.jpg,640,512,city_street,unknown,AEZAaF8epmvQv5Nfj,True,16
train,7209,data/video-AEZAaF8epmvQv5Nfj-frame-009549-Skemj5BvNSAmWz8uB.jpg,640,512,city_street,unknown,AEZAaF8epmvQv5Nfj,True,12
train,7210,data/video-AEZAaF8epmvQv5Nfj-frame-009559-7xi9Njmgudy8AjFN4.jpg,640,512,city_street,unknown,AEZAaF8epmvQv5Nfj,True,17
train,7211,data/video-AEZAaF8epmvQv5Nfj-frame-009569-XxFpicNJK986dWub6.jpg,640,512,city_street,unknown,AEZAaF8epmvQv5Nfj,True,17
train,7212,data/video-AEZAaF8epmvQv5Nfj-frame-009579-ahhF3gT8TzfxMED7K.jpg,640,512,city_street,unknown,AEZAaF8epmvQv5Nfj,True,17
train,7213,data/video-AEZAaF8epmvQv5Nfj-frame-009589-Q9RKnwMT9FqtDZn33.jpg,640,512,city_street,unknown,AEZAaF8epmvQv5Nfj,True,16
train,7214,data/video-AEZAaF8epmvQv5Nfj-frame-009599-sz6KgHiu4BqcMJ8oC.jpg,640,512,city_street,unknown,AEZAaF8epmvQv5Nfj,True,17
train,7215,data/video-AEZAaF8epmvQv5Nfj-frame-009609-hqKBwEnGM9F4JPd5J.jpg,640,512,city_street,unknown,AEZAaF8epmvQv5Nfj,True,18
train,7216,data/video-AEZAaF8epmvQv5Nfj-frame-009619-s3y5FzXEdygKwjPxE.jpg,640,512,city_street,unknown,AEZAaF8epmvQv5Nfj,True,15
train,7217,data/video-AEZAaF8epmvQv5Nfj-frame-009629-g3ckpghgD5CRJqHrM.jpg,640,512,city_street,unknown,AEZAaF8epmvQv5Nfj,True,17
train,7218,data/video-AEZAaF8epmvQv5Nfj-frame-009639-fkBQHAQ4eT9RaPFJh.jpg,640,512,city_street,unknown,AEZAaF8epmvQv5Nfj,True,15
train,7219,data/video-AEZAaF8epmvQv5Nfj-frame-009649-ffAmeoTNwk4tA9tYh.jpg,640,512,city_street,unknown,AEZAaF8epmvQv5Nfj,True,16
train,7225,data/video-AEZAaF8epmvQv5Nfj-frame-009701-qMG4wxRNKiE7q4eW2.jpg,640,512,city_street,unknown,AEZAaF8epmvQv5Nfj,True,5
train,7227,data/video-AEZAaF8epmvQv5Nfj-frame-009711-zLMxdePZ7mGjhgSTp.jpg,640,512,city_street,unknown,AEZAaF8epmvQv5Nfj,True,6
train,7229,data/video-AEZAaF8epmvQv5Nfj-frame-009721-TadgLwCLGTiMaXqux.jpg,640,512,city_street,unknown,AEZAaF8epmvQv5Nfj,True,6
train,7231,data/video-AEZAaF8epmvQv5Nfj-frame-009731-kxFLWbGfu3eCigdok.jpg,640,512,city_street,unknown,AEZAaF8epmvQv5Nfj,True,6
train,7233,data/video-AEZAaF8epmvQv5Nfj-frame-009741-g5no6w64AF3Mi7EEj.jpg,640,512,city_street,unknown,AEZAaF8epmvQv5Nfj,True,7
train,7235,data/video-AEZAaF8epmvQv5Nfj-frame-009751-KLSCBewdQbG4xHGj8.jpg,640,512,city_street,unknown,AEZAaF8epmvQv5Nfj,True,4
train,7236,data/video-AEZAaF8epmvQv5Nfj-frame-009759-fbYukxsbDLbfsfoZu.jpg,640,512,city_street,unknown,AEZAaF8epmvQv5Nfj,True,4
train,7237,data/video-AEZAaF8epmvQv5Nfj-frame-009761-XxZ3qPeugftXhYTHe.jpg,640,512,city_street,unknown,AEZAaF8epmvQv5Nfj,True,4
train,7238,data/video-AEZAaF8epmvQv5Nfj-frame-009769-uo4okXfBmLX3HCNeE.jpg,640,512,city_street,unknown,AEZAaF8epmvQv5Nfj,True,5
train,7239,data/video-AEZAaF8epmvQv5Nfj-frame-009771-ts7XNbrTAqLjNKZf3.jpg,640,512,city_street,unknown,AEZAaF8epmvQv5Nfj,True,5
train,7240,data/video-AEZAaF8epmvQv5Nfj-frame-009781-SXReRFzwYX65rb9yk.jpg,640,512,city_street,unknown,AEZAaF8epmvQv5Nfj,True,5
train,7241,data/video-AEZAaF8epmvQv5Nfj-frame-009791-n8r3CbfwNca8s7R5Q.jpg,640,512,city_street,unknown,AEZAaF8epmvQv5Nfj,True,6
train,7242,data/video-AEZAaF8epmvQv5Nfj-frame-009801-KDhXojAELhgFSQ6Lo.jpg,640,512,city_street,unknown,AEZAaF8epmvQv5Nfj,True,6
train,7272,data/video-AEZAaF8epmvQv5Nfj-frame-010101-vK9vSCxb37bxsX6NB.jpg,640,512,city_street,partly_cloudy,AEZAaF8epmvQv5Nfj,True,3
train,7273,data/video-AEZAaF8epmvQv5Nfj-frame-010111-vhecDftriomDgs7dM.jpg,640,512,city_street,unknown,AEZAaF8epmvQv5Nfj,True,3
train,7274,data/video-AEZAaF8epmvQv5Nfj-frame-010114-YnFxANrxrTFpGzEgS.jpg,640,512,city_street,unknown,AEZAaF8epmvQv5Nfj,True,3
train,7277,data/video-AEZAaF8epmvQv5Nfj-frame-010131-hmFdT7cN4rhsvdRj5.jpg,640,512,city_street,unknown,AEZAaF8epmvQv5Nfj,True,3
train,7282,data/video-AEZAaF8epmvQv5Nfj-frame-010164-eWur5sACXR3pjFKAi.jpg,640,512,city_street,unknown,AEZAaF8epmvQv5Nfj,True,2
train,7283,data/video-AEZAaF8epmvQv5Nfj-frame-010174-PPLRG5a4dAPJhF9dR.jpg,640,512,city_street,unknown,AEZAaF8epmvQv5Nfj,True,2
train,7285,data/video-AEZAaF8epmvQv5Nfj-frame-010194-8E6fyRKZzRcbqwA3g.jpg,640,512,city_street,unknown,AEZAaF8epmvQv5Nfj,True,1
train,7286,data/video-AEZAaF8epmvQv5Nfj-frame-010204-mY8cvYJv2DsiLpHf7.jpg,640,512,city_street,unknown,AEZAaF8epmvQv5Nfj,True,1
train,7288,data/video-AEZAaF8epmvQv5Nfj-frame-010224-ipq9BF7wcCYWCEXmX.jpg,640,512,city_street,unknown,AEZAaF8epmvQv5Nfj,True,1
train,7289,data/video-AEZAaF8epmvQv5Nfj-frame-010234-L5kuBwRbHbCncwvn3.jpg,640,512,city_street,unknown,AEZAaF8epmvQv5Nfj,True,1
train,7290,data/video-AEZAaF8epmvQv5Nfj-frame-010244-GufF6RtbsiktpFCkr.jpg,640,512,city_street,unknown,AEZAaF8epmvQv5Nfj,True,3
train,7291,data/video-AEZAaF8epmvQv5Nfj-frame-010254-4kSbvCruxPmxcNtpa.jpg,640,512,city_street,unknown,AEZAaF8epmvQv5Nfj,True,2
train,7292,data/video-AEZAaF8epmvQv5Nfj-frame-010264-3dxLMfmXaxCsW7Lt4.jpg,640,512,city_street,unknown,AEZAaF8epmvQv5Nfj,True,4
train,7293,data/video-AEZAaF8epmvQv5Nfj-frame-010616-fTZrMPTNSipo2Eray.jpg,640,512,city_street,unknown,AEZAaF8epmvQv5Nfj,True,4
train,7294,data/video-AEZAaF8epmvQv5Nfj-frame-010626-27djaaHZDhcSqESpB.jpg,640,512,city_street,unknown,AEZAaF8epmvQv5Nfj,True,3
train,7295,data/video-AEZAaF8epmvQv5Nfj-frame-010636-6NNm5d75ytd8SEMP5.jpg,640,512,city_street,unknown,AEZAaF8epmvQv5Nfj,True,3
train,7310,data/video-AEZAaF8epmvQv5Nfj-frame-010786-9YtSgABK6AjAJwEzN.jpg,640,512,city_street,unknown,AEZAaF8epmvQv5Nfj,True,3
train,7311,data/video-AEZAaF8epmvQv5Nfj-frame-010796-a5YMZo8yNEH8EeGuJ.jpg,640,512,city_street,unknown,AEZAaF8epmvQv5Nfj,True,3
train,7312,data/video-AEZAaF8epmvQv5Nfj-frame-010806-vCfYJhRD7QrjgTjjk.jpg,640,512,city_street,unknown,AEZAaF8epmvQv5Nfj,True,3
train,7313,data/video-AEZAaF8epmvQv5Nfj-frame-010816-cyC5dB6hs2geqWgsQ.jpg,640,512,city_street,unknown,AEZAaF8epmvQv5Nfj,True,3
train,7314,data/video-AEZAaF8epmvQv5Nfj-frame-010826-HajMg3KjqMzzvMWAs.jpg,640,512,city_street,unknown,AEZAaF8epmvQv5Nfj,True,3
train,7315,data/video-AEZAaF8epmvQv5Nfj-frame-010836-Aqf5FuHvffFFXrvor.jpg,640,512,city_street,unknown,AEZAaF8epmvQv5Nfj,True,3
train,7316,data/video-AEZAaF8epmvQv5Nfj-frame-010846-Xqboe3TFcRe4ihGGG.jpg,640,512,city_street,unknown,AEZAaF8epmvQv5Nfj,True,3
train,7317,data/video-AEZAaF8epmvQv5Nfj-frame-010856-YZMftwLodTZSQ8fF7.jpg,640,512,city_street,unknown,AEZAaF8epmvQv5Nfj,True,3
train,7318,data/video-AEZAaF8epmvQv5Nfj-frame-010866-pKwamjFqmuDv5ejNw.jpg,640,512,city_street,unknown,AEZAaF8epmvQv5Nfj,True,3
train,7319,data/video-AEZAaF8epmvQv5Nfj-frame-010876-f6NMtLSDTimvE4x9q.jpg,640,512,city_street,unknown,AEZAaF8epmvQv5Nfj,True,3
train,7320,data/video-AEZAaF8epmvQv5Nfj-frame-010886-BvizCZMufqY2JyvuN.jpg,640,512,city_street,unknown,AEZAaF8epmvQv5Nfj,True,3
train,7321,data/video-AEZAaF8epmvQv5Nfj-frame-010896-wLSWpg2JbTiczTR6W.jpg,640,512,city_street,unknown,AEZAaF8epmvQv5Nfj,True,3
train,7322,data/video-AEZAaF8epmvQv5Nfj-frame-010906-DJLmmBLt2ZGWxrYsc.jpg,640,512,city_street,unknown,AEZAaF8epmvQv5Nfj,True,3
train,7323,data/video-AEZAaF8epmvQv5Nfj-frame-010916-6kfsmzxz22LD22Sxo.jpg,640,512,city_street,unknown,AEZAaF8epmvQv5Nfj,True,3
train,7324,data/video-AEZAaF8epmvQv5Nfj-frame-010926-zJzZxqjJZtXLD8ipH.jpg,640,512,city_street,unknown,AEZAaF8epmvQv5Nfj,True,3
train,7325,data/video-AEZAaF8epmvQv5Nfj-frame-010936-DhpSfeReresBY5ctB.jpg,640,512,city_street,unknown,AEZAaF8epmvQv5Nfj,True,3
train,7326,data/video-AEZAaF8epmvQv5Nfj-frame-010946-gxp5RyP5FZnSfNS4T.jpg,640,512,city_street,unknown,AEZAaF8epmvQv5Nfj,True,3
train,7327,data/video-AEZAaF8epmvQv5Nfj-frame-010956-M6tZZGYdNG7dpffFi.jpg,640,512,city_street,unknown,AEZAaF8epmvQv5Nfj,True,3
train,7328,data/video-AEZAaF8epmvQv5Nfj-frame-010966-K8ZSAjwe97zBMKsox.jpg,640,512,city_street,unknown,AEZAaF8epmvQv5Nfj,True,3
train,7329,data/video-AEZAaF8epmvQv5Nfj-frame-010976-eaBZn7RDHGwiuPpRH.jpg,640,512,city_street,unknown,AEZAaF8epmvQv5Nfj,True,3
train,7330,data/video-AEZAaF8epmvQv5Nfj-frame-010986-wZyGPtLGndooMW3ZC.jpg,640,512,city_street,unknown,AEZAaF8epmvQv5Nfj,True,3
train,7331,data/video-AEZAaF8epmvQv5Nfj-frame-010996-Nm8hhs6SpvADMoLgp.jpg,640,512,city_street,unknown,AEZAaF8epmvQv5Nfj,True,1
train,7332,data/video-AEZAaF8epmvQv5Nfj-frame-011006-A5ouMcZfRoogz5AAk.jpg,640,512,city_street,unknown,AEZAaF8epmvQv5Nfj,False,0
train,7333,data/video-AEZAaF8epmvQv5Nfj-frame-011016-Pdu24taNbkf2KXEzh.jpg,640,512,city_street,unknown,AEZAaF8epmvQv5Nfj,False,0
train,7334,data/video-AEZAaF8epmvQv5Nfj-frame-011026-iPT9PYDeYdmquk8BX.jpg,640,512,city_street,unknown,AEZAaF8epmvQv5Nfj,False,0
train,7335,data/video-AEZAaF8epmvQv5Nfj-frame-011036-BETAQ6GykT5MokYWF.jpg,640,512,city_street,unknown,AEZAaF8epmvQv5Nfj,False,0
train,7336,data/video-AEZAaF8epmvQv5Nfj-frame-013370-9vxx9LuF3BKq59iiB.jpg,640,512,city_street,unknown,AEZAaF8epmvQv5Nfj,True,2
train,7337,data/video-AEZAaF8epmvQv5Nfj-frame-013380-9pdfiAcw8XYXJd7oG.jpg,640,512,city_street,unknown,AEZAaF8epmvQv5Nfj,True,2
train,7338,data/video-AEZAaF8epmvQv5Nfj-frame-013390-t2dqE7XpRuH4FzsJt.jpg,640,512,city_street,unknown,AEZAaF8epmvQv5Nfj,True,2
train,7339,data/video-AEZAaF8epmvQv5Nfj-frame-013400-DtmML9rQGuCboQbtm.jpg,640,512,city_street,unknown,AEZAaF8epmvQv5Nfj,True,2
train,7340,data/video-AEZAaF8epmvQv5Nfj-frame-013410-7txbuB8eztotxKKhj.jpg,640,512,city_street,unknown,AEZAaF8epmvQv5Nfj,True,2
train,7341,data/video-AEZAaF8epmvQv5Nfj-frame-013420-578Zcp34z9Pa3Y6Pv.jpg,640,512,city_street,unknown,AEZAaF8epmvQv5Nfj,True,2
train,7342,data/video-AEZAaF8epmvQv5Nfj-frame-013430-ucFSm7rpJri7Kivoj.jpg,640,512,city_street,unknown,AEZAaF8epmvQv5Nfj,True,2
train,7343,data/video-AEZAaF8epmvQv5Nfj-frame-013440-hxK4v5JXdb5Mv3Z5v.jpg,640,512,city_street,unknown,AEZAaF8epmvQv5Nfj,True,2
train,7344,data/video-AEZAaF8epmvQv5Nfj-frame-013450-Pix5T6tq5MXgwGWDq.jpg,640,512,city_street,unknown,AEZAaF8epmvQv5Nfj,True,2
train,7345,data/video-AEZAaF8epmvQv5Nfj-frame-013460-HyvQJ43Toa7yLMxXN.jpg,640,512,city_street,unknown,AEZAaF8epmvQv5Nfj,True,3
train,7346,data/video-AEZAaF8epmvQv5Nfj-frame-013470-JHawe6axf2nFQ6xNA.jpg,640,512,city_street,unknown,AEZAaF8epmvQv5Nfj,True,3
train,7347,data/video-AEZAaF8epmvQv5Nfj-frame-013480-JWqgv8WjYfx92iWo8.jpg,640,512,city_street,unknown,AEZAaF8epmvQv5Nfj,True,2
train,7348,data/video-AEZAaF8epmvQv5Nfj-frame-013490-rxqmC7mznHD5kB2XC.jpg,640,512,city_street,unknown,AEZAaF8epmvQv5Nfj,True,2
train,7349,data/video-AEZAaF8epmvQv5Nfj-frame-013500-RdMCzZ6EEhm4MP2Dk.jpg,640,512,city_street,unknown,AEZAaF8epmvQv5Nfj,True,2
train,7350,data/video-AEZAaF8epmvQv5Nfj-frame-013510-XnALQa3cctmCGpoae.jpg,640,512,city_street,unknown,AEZAaF8epmvQv5Nfj,True,2
train,7351,data/video-AEZAaF8epmvQv5Nfj-frame-013520-kzf6noMoX5cyjGDRq.jpg,640,512,city_street,unknown,AEZAaF8epmvQv5Nfj,True,2
train,7352,data/video-AEZAaF8epmvQv5Nfj-frame-013530-jYpzbijxfWudTJra8.jpg,640,512,city_street,unknown,AEZAaF8epmvQv5Nfj,True,2
train,7353,data/video-AEZAaF8epmvQv5Nfj-frame-013540-iA8oxY5u3crvtQEox.jpg,640,512,city_street,unknown,AEZAaF8epmvQv5Nfj,True,2
train,7354,data/video-AEZAaF8epmvQv5Nfj-frame-013550-TS6kRj7RyRthfeBHW.jpg,640,512,city_street,unknown,AEZAaF8epmvQv5Nfj,True,2
train,7355,data/video-AEZAaF8epmvQv5Nfj-frame-013560-ZmWbTRiNQBy5rWPsm.jpg,640,512,city_street,unknown,AEZAaF8epmvQv5Nfj,True,2
train,7356,data/video-AEZAaF8epmvQv5Nfj-frame-013570-4gycA3SJQa8TNpfi5.jpg,640,512,city_street,unknown,AEZAaF8epmvQv5Nfj,True,2
train,7357,data/video-AEZAaF8epmvQv5Nfj-frame-013580-aZb9ddSsyo4E4ttAP.jpg,640,512,city_street,unknown,AEZAaF8epmvQv5Nfj,True,2
train,7358,data/video-AEZAaF8epmvQv5Nfj-frame-013590-pZa6oR5ocA44xhquP.jpg,640,512,city_street,unknown,AEZAaF8epmvQv5Nfj,True,2
train,7359,data/video-AEZAaF8epmvQv5Nfj-frame-013600-XkWpFtE4XXXp7Cqfc.jpg,640,512,city_street,unknown,AEZAaF8epmvQv5Nfj,True,2
train,7360,data/video-AEZAaF8epmvQv5Nfj-frame-013610-tyh2rNmxHRwAeFW2j.jpg,640,512,city_street,unknown,AEZAaF8epmvQv5Nfj,True,2
train,7361,data/video-AEZAaF8epmvQv5Nfj-frame-013620-ipzZQXv84WR9neihW.jpg,640,512,city_street,unknown,AEZAaF8epmvQv5Nfj,True,2
train,7362,data/video-AEZAaF8epmvQv5Nfj-frame-013630-mpQSMkhDRDQDJajZx.jpg,640,512,city_street,unknown,AEZAaF8epmvQv5Nfj,True,2
train,7363,data/video-AEZAaF8epmvQv5Nfj-frame-013640-jXrjXLJPEH9eqZoE7.jpg,640,512,city_street,unknown,AEZAaF8epmvQv5Nfj,True,2
train,7364,data/video-AEZAaF8epmvQv5Nfj-frame-013650-D57djJBy3g3DdheXc.jpg,640,512,city_street,unknown,AEZAaF8epmvQv5Nfj,True,2
train,7365,data/video-AEZAaF8epmvQv5Nfj-frame-013660-WxLRyu5FdfXiQt66q.jpg,640,512,city_street,unknown,AEZAaF8epmvQv5Nfj,True,2
train,7366,data/video-AEZAaF8epmvQv5Nfj-frame-013670-QSYQfW4nPBodjy63K.jpg,640,512,city_street,unknown,AEZAaF8epmvQv5Nfj,True,2
train,7367,data/video-AEZAaF8epmvQv5Nfj-frame-013680-A57ic2EHAhAuFb7u7.jpg,640,512,city_street,unknown,AEZAaF8epmvQv5Nfj,True,2
train,7368,data/video-AEZAaF8epmvQv5Nfj-frame-013690-2TkpcH7Mcj3EYdLqr.jpg,640,512,city_street,unknown,AEZAaF8epmvQv5Nfj,True,2
train,7369,data/video-AEZAaF8epmvQv5Nfj-frame-013700-jxje2asi4zNuEG2gr.jpg,640,512,city_street,unknown,AEZAaF8epmvQv5Nfj,True,2
train,7370,data/video-AEZAaF8epmvQv5Nfj-frame-013710-823BhyTYn2FQNX9m9.jpg,640,512,city_street,unknown,AEZAaF8epmvQv5Nfj,True,2
train,7371,data/video-AEZAaF8epmvQv5Nfj-frame-013720-NYQdcmNgBSg3NCrCZ.jpg,640,512,city_street,unknown,AEZAaF8epmvQv5Nfj,True,2
train,7372,data/video-AEZAaF8epmvQv5Nfj-frame-013730-cnWea2MiETQk93Jnq.jpg,640,512,city_street,unknown,AEZAaF8epmvQv5Nfj,True,2
train,7373,data/video-AEZAaF8epmvQv5Nfj-frame-013740-mbxzyB7mhFKadNQbh.jpg,640,512,city_street,unknown,AEZAaF8epmvQv5Nfj,True,2
train,7374,data/video-AEZAaF8epmvQv5Nfj-frame-013750-N293H2PC3h2XKTqJJ.jpg,640,512,city_street,unknown,AEZAaF8epmvQv5Nfj,True,2
train,7375,data/video-AEZAaF8epmvQv5Nfj-frame-013760-oTGLnEuqZB5Qy7ACW.jpg,640,512,city_street,unknown,AEZAaF8epmvQv5Nfj,True,2
train,7376,data/video-AEZAaF8epmvQv5Nfj-frame-013770-o7n9h4caSJk9QP77f.jpg,640,512,city_street,unknown,AEZAaF8epmvQv5Nfj,True,2
train,7377,data/video-AEZAaF8epmvQv5Nfj-frame-013780-6JJeZEG3EdRkjAX8K.jpg,640,512,city_street,unknown,AEZAaF8epmvQv5Nfj,True,1
train,7378,data/video-AEZAaF8epmvQv5Nfj-frame-014521-yj2C4h5fudS4NisNo.jpg,640,512,city_street,unknown,AEZAaF8epmvQv5Nfj,True,6
train,7379,data/video-AEZAaF8epmvQv5Nfj-frame-014531-NoX8AvskXEBoCGWJo.jpg,640,512,city_street,unknown,AEZAaF8epmvQv5Nfj,True,7
train,7380,data/video-AEZAaF8epmvQv5Nfj-frame-014541-28LmagqoaAdrNWxFL.jpg,640,512,city_street,unknown,AEZAaF8epmvQv5Nfj,True,6
train,7381,data/video-AEZAaF8epmvQv5Nfj-frame-014551-zKJs35zmxYpa7QQTX.jpg,640,512,city_street,unknown,AEZAaF8epmvQv5Nfj,True,6
train,7382,data/video-AEZAaF8epmvQv5Nfj-frame-014561-qbRErcCPz6bkQhs5o.jpg,640,512,city_street,unknown,AEZAaF8epmvQv5Nfj,True,6
train,7383,data/video-AEZAaF8epmvQv5Nfj-frame-014571-MvNL9aNRkfqRhHgk4.jpg,640,512,city_street,unknown,AEZAaF8epmvQv5Nfj,True,8
train,7384,data/video-AEZAaF8epmvQv5Nfj-frame-014581-Dn9Ksn2QawDAY8Z5b.jpg,640,512,city_street,unknown,AEZAaF8epmvQv5Nfj,True,7
train,7385,data/video-AEZAaF8epmvQv5Nfj-frame-014591-7MCwdADkmwydmteYB.jpg,640,512,city_street,unknown,AEZAaF8epmvQv5Nfj,True,7
train,7386,data/video-AEZAaF8epmvQv5Nfj-frame-014601-AMDfMyG2GuDF9PJFN.jpg,640,512,city_street,unknown,AEZAaF8epmvQv5Nfj,True,7
train,7387,data/video-AEZAaF8epmvQv5Nfj-frame-014611-8Ma3nZwFvjcKpTZ4P.jpg,640,512,city_street,unknown,AEZAaF8epmvQv5Nfj,True,3
train,7388,data/video-AEZAaF8epmvQv5Nfj-frame-014621-9x5GJnBc5yD5TKh4a.jpg,640,512,city_street,unknown,AEZAaF8epmvQv5Nfj,True,4
train,7389,data/video-AEZAaF8epmvQv5Nfj-frame-014631-fe5eHN4ztZj37nBNx.jpg,640,512,city_street,unknown,AEZAaF8epmvQv5Nfj,True,4
train,7390,data/video-AEZAaF8epmvQv5Nfj-frame-014641-vXgTZ6pHzz4WxmGtJ.jpg,640,512,city_street,unknown,AEZAaF8epmvQv5Nfj,True,4
train,7391,data/video-AEZAaF8epmvQv5Nfj-frame-014651-FFQ6ogWGbp4Sghtao.jpg,640,512,city_street,unknown,AEZAaF8epmvQv5Nfj,True,5
train,7392,data/video-AEZAaF8epmvQv5Nfj-frame-014661-G8FN6a3n4QDfccMjt.jpg,640,512,city_street,unknown,AEZAaF8epmvQv5Nfj,True,4
train,7393,data/video-AEZAaF8epmvQv5Nfj-frame-014671-WidDPHnCiB3rtBrNG.jpg,640,512,city_street,unknown,AEZAaF8epmvQv5Nfj,True,1
train,7394,data/video-AEZAaF8epmvQv5Nfj-frame-014681-auupTWXvty3oN4QEN.jpg,640,512,city_street,unknown,AEZAaF8epmvQv5Nfj,True,4
train,7395,data/video-AEZAaF8epmvQv5Nfj-frame-014691-3tZzWugEMqSTdTE3R.jpg,640,512,city_street,unknown,AEZAaF8epmvQv5Nfj,True,8
train,7396,data/video-AEZAaF8epmvQv5Nfj-frame-014701-iwurewQNM5xpk7aDj.jpg,640,512,city_street,unknown,AEZAaF8epmvQv5Nfj,True,4
train,7397,data/video-AEZAaF8epmvQv5Nfj-frame-014711-v7E5ALmJn2SSTEEaA.jpg,640,512,city_street,unknown,AEZAaF8epmvQv5Nfj,True,8
train,7398,data/video-AEZAaF8epmvQv5Nfj-frame-014721-yTWH6kjb7mbvCWvnE.jpg,640,512,city_street,unknown,AEZAaF8epmvQv5Nfj,True,6
train,7399,data/video-AEZAaF8epmvQv5Nfj-frame-014731-T8LumoK7mNTCna72x.jpg,640,512,city_street,unknown,AEZAaF8epmvQv5Nfj,True,2
train,7400,data/video-AEZAaF8epmvQv5Nfj-frame-014741-Xh2aur7dxseZaj6sS.jpg,640,512,city_street,unknown,AEZAaF8epmvQv5Nfj,True,5
train,7401,data/video-AEZAaF8epmvQv5Nfj-frame-014751-ahozvrKYr7s43gewg.jpg,640,512,city_street,unknown,AEZAaF8epmvQv5Nfj,True,8
train,7402,data/video-AEZAaF8epmvQv5Nfj-frame-014761-BQ7x3HJtf8PKuLGeK.jpg,640,512,city_street,unknown,AEZAaF8epmvQv5Nfj,True,9
train,7403,data/video-AEZAaF8epmvQv5Nfj-frame-014771-w4xQdQgYo4vSzLg2f.jpg,640,512,city_street,unknown,AEZAaF8epmvQv5Nfj,True,8
train,7404,data/video-AEZAaF8epmvQv5Nfj-frame-014781-iYuwuYSstQyT5anjC.jpg,640,512,city_street,unknown,AEZAaF8epmvQv5Nfj,True,6
train,7405,data/video-AEZAaF8epmvQv5Nfj-frame-014791-TjTkLsfrXki7Tsa6w.jpg,640,512,city_street,unknown,AEZAaF8epmvQv5Nfj,True,6
train,7406,data/video-AEZAaF8epmvQv5Nfj-frame-014801-iWowbihKFWX2ruk8z.jpg,640,512,city_street,unknown,AEZAaF8epmvQv5Nfj,True,7
train,7407,data/video-AEZAaF8epmvQv5Nfj-frame-014811-W3HoMTnKd7X2LHjgr.jpg,640,512,city_street,unknown,AEZAaF8epmvQv5Nfj,True,6
train,7408,data/video-AEZAaF8epmvQv5Nfj-frame-014821-NhbwhEcv7DvpAZL7k.jpg,640,512,city_street,unknown,AEZAaF8epmvQv5Nfj,True,6
train,7409,data/video-AEZAaF8epmvQv5Nfj-frame-014831-jSntbeqX6dAhMWBuQ.jpg,640,512,city_street,unknown,AEZAaF8epmvQv5Nfj,True,6
train,7410,data/video-AEZAaF8epmvQv5Nfj-frame-014841-xqodCSd4hBsKjNXQk.jpg,640,512,city_street,unknown,AEZAaF8epmvQv5Nfj,True,3
train,7411,data/video-AEZAaF8epmvQv5Nfj-frame-014851-adM2ztMqxxZHGyPPs.jpg,640,512,city_street,unknown,AEZAaF8epmvQv5Nfj,True,3
train,7412,data/video-AEZAaF8epmvQv5Nfj-frame-014861-Anc3HPH9GSHA5jfX4.jpg,640,512,city_street,unknown,AEZAaF8epmvQv5Nfj,True,3
train,7413,data/video-AEZAaF8epmvQv5Nfj-frame-014871-hx9EqnQxokM7rTcLz.jpg,640,512,city_street,unknown,AEZAaF8epmvQv5Nfj,True,4
train,7414,data/video-AEZAaF8epmvQv5Nfj-frame-014881-M5gTAXTJQ5yDh6wdZ.jpg,640,512,city_street,unknown,AEZAaF8epmvQv5Nfj,True,6
train,7415,data/video-AEZAaF8epmvQv5Nfj-frame-014891-sr3yCkNtLhS2d83sY.jpg,640,512,city_street,unknown,AEZAaF8epmvQv5Nfj,True,4
train,7416,data/video-AEZAaF8epmvQv5Nfj-frame-014901-gGTqWK9au3F8Gmmez.jpg,640,512,city_street,unknown,AEZAaF8epmvQv5Nfj,True,5
train,7417,data/video-AEZAaF8epmvQv5Nfj-frame-014911-Wii5BS9uuY7wLetBh.jpg,640,512,city_street,unknown,AEZAaF8epmvQv5Nfj,True,5
train,7418,data/video-AEZAaF8epmvQv5Nfj-frame-014921-Pk8NKGbbyTvkeeGcM.jpg,640,512,city_street,unknown,AEZAaF8epmvQv5Nfj,True,6
train,7419,data/video-AEZAaF8epmvQv5Nfj-frame-014931-bTX8uQtiBXa3uEmFZ.jpg,640,512,city_street,unknown,AEZAaF8epmvQv5Nfj,True,7
train,7420,data/video-AEZAaF8epmvQv5Nfj-frame-014941-JZNPJh2DByu4wQRF2.jpg,640,512,city_street,unknown,AEZAaF8epmvQv5Nfj,True,4
train,7421,data/video-AEZAaF8epmvQv5Nfj-frame-014951-TruYHLrzvLZH78Kdf.jpg,640,512,city_street,unknown,AEZAaF8epmvQv5Nfj,True,4
train,7422,data/video-AEZAaF8epmvQv5Nfj-frame-014961-CrutfMJiEQTMrT2X4.jpg,640,512,city_street,unknown,AEZAaF8epmvQv5Nfj,True,5
train,7423,data/video-AEZAaF8epmvQv5Nfj-frame-014971-SjxgsicyPCxPzeJ9n.jpg,640,512,city_street,unknown,AEZAaF8epmvQv5Nfj,True,4
train,7424,data/video-AEZAaF8epmvQv5Nfj-frame-014981-XKJ2eHGqjH6Bgukd4.jpg,640,512,city_street,unknown,AEZAaF8epmvQv5Nfj,True,2
train,7425,data/video-AEZAaF8epmvQv5Nfj-frame-014991-GdyiXRryvZCd6TNXG.jpg,640,512,city_street,unknown,AEZAaF8epmvQv5Nfj,True,4
train,7426,data/video-AEZAaF8epmvQv5Nfj-frame-015001-4F662kgLLd3hicfzC.jpg,640,512,city_street,unknown,AEZAaF8epmvQv5Nfj,True,3
train,7427,data/video-AEZAaF8epmvQv5Nfj-frame-015011-4kQerFp8nJK6qFiuG.jpg,640,512,city_street,unknown,AEZAaF8epmvQv5Nfj,True,4
train,7428,data/video-AEZAaF8epmvQv5Nfj-frame-015021-LRpreC8kKTqdkHGtH.jpg,640,512,city_street,unknown,AEZAaF8epmvQv5Nfj,True,3
train,7429,data/video-AEZAaF8epmvQv5Nfj-frame-015031-dXzXq5SBSCA7vMdsr.jpg,640,512,city_street,unknown,AEZAaF8epmvQv5Nfj,True,4
train,7430,data/video-AEZAaF8epmvQv5Nfj-frame-015041-6bm2tmBENxFSWNCSg.jpg,640,512,city_street,unknown,AEZAaF8epmvQv5Nfj,True,6
train,7431,data/video-AEZAaF8epmvQv5Nfj-frame-015051-2zA9wPEXEFsLrrfzd.jpg,640,512,city_street,unknown,AEZAaF8epmvQv5Nfj,True,5
train,7432,data/video-AEZAaF8epmvQv5Nfj-frame-015061-xpvDSu44YhfxsFRtT.jpg,640,512,city_street,unknown,AEZAaF8epmvQv5Nfj,True,7
train,7433,data/video-AEZAaF8epmvQv5Nfj-frame-015071-6HZh2ENAPW6mJDJSf.jpg,640,512,city_street,unknown,AEZAaF8epmvQv5Nfj,True,6
train,7434,data/video-AEZAaF8epmvQv5Nfj-frame-015081-RvxE3LCSdC4iLnZXG.jpg,640,512,city_street,unknown,AEZAaF8epmvQv5Nfj,True,4
train,7435,data/video-AEZAaF8epmvQv5Nfj-frame-015091-W8DP3SyGvFPkGQNqF.jpg,640,512,city_street,unknown,AEZAaF8epmvQv5Nfj,True,5
train,7436,data/video-AEZAaF8epmvQv5Nfj-frame-015101-nsGgjasX92eJWExEL.jpg,640,512,city_street,unknown,AEZAaF8epmvQv5Nfj,True,3
train,7437,data/video-AEZAaF8epmvQv5Nfj-frame-015111-KqgYEseW3acS4KeEt.jpg,640,512,city_street,unknown,AEZAaF8epmvQv5Nfj,True,4
train,7439,data/video-AEZAaF8epmvQv5Nfj-frame-015131-jhwbjkQhyZNaJ5Skf.jpg,640,512,city_street,unknown,AEZAaF8epmvQv5Nfj,True,7
train,7440,data/video-AEZAaF8epmvQv5Nfj-frame-015141-sxryv995g745ML752.jpg,640,512,city_street,unknown,AEZAaF8epmvQv5Nfj,True,7
train,7441,data/video-AEZAaF8epmvQv5Nfj-frame-015151-fhKhost4gMLNv7XLp.jpg,640,512,city_street,unknown,AEZAaF8epmvQv5Nfj,True,9
train,7442,data/video-AEZAaF8epmvQv5Nfj-frame-015161-SXP9kP8FPyDwijQJw.jpg,640,512,city_street,unknown,AEZAaF8epmvQv5Nfj,True,8
train,7443,data/video-AEZAaF8epmvQv5Nfj-frame-015171-cNCyi7sPtRuJjWHu4.jpg,640,512,city_street,unknown,AEZAaF8epmvQv5Nfj,True,8
train,7444,data/video-AEZAaF8epmvQv5Nfj-frame-015181-Fqh9wCAQQdd37vfLT.jpg,640,512,city_street,unknown,AEZAaF8epmvQv5Nfj,True,6
train,7445,data/video-AEZAaF8epmvQv5Nfj-frame-015191-porasyP2mNBPD68HT.jpg,640,512,city_street,unknown,AEZAaF8epmvQv5Nfj,True,5
train,7446,data/video-AEZAaF8epmvQv5Nfj-frame-015201-GGMn5B67ZXywTFfmg.jpg,640,512,city_street,unknown,AEZAaF8epmvQv5Nfj,True,5
train,7447,data/video-AEZAaF8epmvQv5Nfj-frame-015211-KdhAv5Zthwesz2K3Q.jpg,640,512,city_street,unknown,AEZAaF8epmvQv5Nfj,True,6
train,7448,data/video-AEZAaF8epmvQv5Nfj-frame-015221-xu2naZz6my5GiosKa.jpg,640,512,city_street,unknown,AEZAaF8epmvQv5Nfj,True,7
train,7449,data/video-AEZAaF8epmvQv5Nfj-frame-015231-SB7grSrs3esqWoxMN.jpg,640,512,city_street,unknown,AEZAaF8epmvQv5Nfj,True,6
train,7450,data/video-AEZAaF8epmvQv5Nfj-frame-015241-r6rxKS8vZpSg55JyN.jpg,640,512,city_street,unknown,AEZAaF8epmvQv5Nfj,True,6
train,7451,data/video-AEZAaF8epmvQv5Nfj-frame-015251-KAtb5KQHfBbNQL7xB.jpg,640,512,city_street,unknown,AEZAaF8epmvQv5Nfj,True,8
train,7452,data/video-AEZAaF8epmvQv5Nfj-frame-015261-qW8mhZ78YzbuhqLEt.jpg,640,512,city_street,unknown,AEZAaF8epmvQv5Nfj,True,8
train,7453,data/video-AEZAaF8epmvQv5Nfj-frame-015271-2AtqkoppSrFjYWPnm.jpg,640,512,city_street,unknown,AEZAaF8epmvQv5Nfj,True,8
train,7454,data/video-AEZAaF8epmvQv5Nfj-frame-015281-38YqTLWYeXWyLTaC5.jpg,640,512,city_street,unknown,AEZAaF8epmvQv5Nfj,True,8
train,7455,data/video-AEZAaF8epmvQv5Nfj-frame-015291-Tj4Ckq5ZaZLNctxnE.jpg,640,512,city_street,unknown,AEZAaF8epmvQv5Nfj,True,8
train,7456,data/video-AEZAaF8epmvQv5Nfj-frame-015301-dbzxkPitbBBhfjiwi.jpg,640,512,city_street,unknown,AEZAaF8epmvQv5Nfj,True,8
train,7457,data/video-AEZAaF8epmvQv5Nfj-frame-015311-6j8fAT6synthcSYKR.jpg,640,512,city_street,unknown,AEZAaF8epmvQv5Nfj,True,7
train,7458,data/video-AEZAaF8epmvQv5Nfj-frame-015321-mpYFebDuwSRcW6NYt.jpg,640,512,city_street,unknown,AEZAaF8epmvQv5Nfj,True,4
train,7459,data/video-AEZAaF8epmvQv5Nfj-frame-015331-p5MYJnFSXuNpt4Sh6.jpg,640,512,city_street,unknown,AEZAaF8epmvQv5Nfj,True,4
train,7460,data/video-AEZAaF8epmvQv5Nfj-frame-015341-LsNQf9r45NABM2NuP.jpg,640,512,city_street,unknown,AEZAaF8epmvQv5Nfj,True,4
train,7461,data/video-AEZAaF8epmvQv5Nfj-frame-015351-AFMoZXqib6ueuXw2f.jpg,640,512,city_street,unknown,AEZAaF8epmvQv5Nfj,True,4
train,7462,data/video-AEZAaF8epmvQv5Nfj-frame-015361-cj4Rzn94rM3PsbTdf.jpg,640,512,city_street,unknown,AEZAaF8epmvQv5Nfj,True,4
train,7463,data/video-AEZAaF8epmvQv5Nfj-frame-015371-ToJrespoDWCmmXqtK.jpg,640,512,city_street,unknown,AEZAaF8epmvQv5Nfj,True,5
train,7464,data/video-AEZAaF8epmvQv5Nfj-frame-015381-FdSyDkiEKi2Fjz4N4.jpg,640,512,city_street,unknown,AEZAaF8epmvQv5Nfj,True,4
train,7465,data/video-AEZAaF8epmvQv5Nfj-frame-015391-wfb3LEXnC9a4uhPX4.jpg,640,512,city_street,unknown,AEZAaF8epmvQv5Nfj,True,7
train,7466,data/video-AEZAaF8epmvQv5Nfj-frame-015401-2Ji5ZW4v3EZDXt9gy.jpg,640,512,city_street,unknown,AEZAaF8epmvQv5Nfj,True,8
train,7467,data/video-AEZAaF8epmvQv5Nfj-frame-015411-FC87SjSYKyiASBuuD.jpg,640,512,city_street,unknown,AEZAaF8epmvQv5Nfj,True,7
train,7468,data/video-AEZAaF8epmvQv5Nfj-frame-015421-w8dNQ4BvtBosxmgpC.jpg,640,512,city_street,unknown,AEZAaF8epmvQv5Nfj,True,7
train,7469,data/video-AEZAaF8epmvQv5Nfj-frame-015431-YHyRP9XW6LSx83Jcz.jpg,640,512,city_street,unknown,AEZAaF8epmvQv5Nfj,True,8
train,7470,data/video-AEZAaF8epmvQv5Nfj-frame-015441-C475YRfgJBRPGm8Mt.jpg,640,512,city_street,unknown,AEZAaF8epmvQv5Nfj,True,7
train,7472,data/video-AEZAaF8epmvQv5Nfj-frame-015461-xdtoiBCetDhdwkDfC.jpg,640,512,city_street,unknown,AEZAaF8epmvQv5Nfj,True,6
train,7474,data/video-AEZAaF8epmvQv5Nfj-frame-015481-Puey7TuP4rAXzPZFf.jpg,640,512,city_street,unknown,AEZAaF8epmvQv5Nfj,True,6
train,7475,data/video-AEZAaF8epmvQv5Nfj-frame-015491-oEK3Afx2TzRWnf8h8.jpg,640,512,city_street,unknown,AEZAaF8epmvQv5Nfj,True,6
train,7476,data/video-AEZAaF8epmvQv5Nfj-frame-015501-ChFKknpEQhdjxtRSK.jpg,640,512,city_street,unknown,AEZAaF8epmvQv5Nfj,True,5
train,7477,data/video-AEZAaF8epmvQv5Nfj-frame-015511-pKYraNyQL8MGMdxyb.jpg,640,512,city_street,unknown,AEZAaF8epmvQv5Nfj,True,5
train,7478,data/video-AEZAaF8epmvQv5Nfj-frame-015521-HZe3pmgZxbzyidRmx.jpg,640,512,city_street,unknown,AEZAaF8epmvQv5Nfj,True,5
train,7479,data/video-AEZAaF8epmvQv5Nfj-frame-015531-2pHnGtanrjRjTXMjX.jpg,640,512,city_street,unknown,AEZAaF8epmvQv5Nfj,True,6
train,7480,data/video-AEZAaF8epmvQv5Nfj-frame-015541-q5z4qNGHro2vT5oe7.jpg,640,512,city_street,unknown,AEZAaF8epmvQv5Nfj,True,7
train,7481,data/video-AEZAaF8epmvQv5Nfj-frame-015551-cuuctDAMZi6yoGP5W.jpg,640,512,city_street,unknown,AEZAaF8epmvQv5Nfj,True,5
train,7482,data/video-AEZAaF8epmvQv5Nfj-frame-015561-Xn9LFoqufLu85JZ2z.jpg,640,512,city_street,unknown,AEZAaF8epmvQv5Nfj,True,6
train,7483,data/video-AEZAaF8epmvQv5Nfj-frame-015571-hxK5wYG4dti4cv8QS.jpg,640,512,city_street,unknown,AEZAaF8epmvQv5Nfj,True,6
train,7484,data/video-AEZAaF8epmvQv5Nfj-frame-015581-RKAixX7CejR6eLWpD.jpg,640,512,city_street,unknown,AEZAaF8epmvQv5Nfj,True,6
train,7485,data/video-AEZAaF8epmvQv5Nfj-frame-015591-9S5TLutJiQ4PMBCrL.jpg,640,512,city_street,unknown,AEZAaF8epmvQv5Nfj,True,6
train,7486,data/video-AEZAaF8epmvQv5Nfj-frame-015601-WMTbPLDtuKmomykrY.jpg,640,512,city_street,unknown,AEZAaF8epmvQv5Nfj,True,6
train,7487,data/video-AEZAaF8epmvQv5Nfj-frame-015611-XQoonjFF6tMCdSTzQ.jpg,640,512,city_street,unknown,AEZAaF8epmvQv5Nfj,True,7
train,7488,data/video-AEZAaF8epmvQv5Nfj-frame-015621-bi2ZAzt9RGtJ5dYtu.jpg,640,512,city_street,unknown,AEZAaF8epmvQv5Nfj,True,7
train,7489,data/video-AEZAaF8epmvQv5Nfj-frame-015631-5Lzd7JDBiDsvQ2Nnu.jpg,640,512,city_street,unknown,AEZAaF8epmvQv5Nfj,True,6
train,7490,data/video-AEZAaF8epmvQv5Nfj-frame-015641-GegQ7T5cZ5JfAh7Sm.jpg,640,512,city_street,unknown,AEZAaF8epmvQv5Nfj,True,4
train,7491,data/video-AEZAaF8epmvQv5Nfj-frame-015651-8opXQrSGe7Kriropk.jpg,640,512,city_street,unknown,AEZAaF8epmvQv5Nfj,True,4
train,7492,data/video-AEZAaF8epmvQv5Nfj-frame-015661-HhmeRjASW85kcPSb7.jpg,640,512,city_street,unknown,AEZAaF8epmvQv5Nfj,True,5
train,7493,data/video-AEZAaF8epmvQv5Nfj-frame-015671-8QCctZqDHCcLhKSdQ.jpg,640,512,city_street,unknown,AEZAaF8epmvQv5Nfj,True,5
train,7494,data/video-AEZAaF8epmvQv5Nfj-frame-015681-j6pTp4qgbZtmPipNM.jpg,640,512,residential,unknown,AEZAaF8epmvQv5Nfj,True,6
train,7495,data/video-AEZAaF8epmvQv5Nfj-frame-015691-YNedEaL4fYhiNosLZ.jpg,640,512,residential,unknown,AEZAaF8epmvQv5Nfj,True,6
train,7496,data/video-AEZAaF8epmvQv5Nfj-frame-015701-szeLcTXv9YDQboWWP.jpg,640,512,residential,unknown,AEZAaF8epmvQv5Nfj,True,4
train,7497,data/video-AEZAaF8epmvQv5Nfj-frame-015711-3YhCAHeNbTdEq6nef.jpg,640,512,residential,unknown,AEZAaF8epmvQv5Nfj,True,4
train,7498,data/video-AEZAaF8epmvQv5Nfj-frame-015721-cTeLwc57Cc929tKGP.jpg,640,512,residential,unknown,AEZAaF8epmvQv5Nfj,True,4
train,7499,data/video-AEZAaF8epmvQv5Nfj-frame-015731-AarkJua4oEsNueA2R.jpg,640,512,city_street,unknown,AEZAaF8epmvQv5Nfj,True,4
train,7500,data/video-AEZAaF8epmvQv5Nfj-frame-015741-YLPntr2W4fjtGshrw.jpg,640,512,city_street,unknown,AEZAaF8epmvQv5Nfj,True,4
train,7501,data/video-AEZAaF8epmvQv5Nfj-frame-015751-BhHEaBY7MzxZKBNYn.jpg,640,512,city_street,unknown,AEZAaF8epmvQv5Nfj,True,5
train,7502,data/video-AEZAaF8epmvQv5Nfj-frame-015761-CkpcMapNN3Qt8QWZW.jpg,640,512,city_street,unknown,AEZAaF8epmvQv5Nfj,True,5
train,7503,data/video-AEZAaF8epmvQv5Nfj-frame-015771-Mcs4NZbagxmtyZsPX.jpg,640,512,residential,unknown,AEZAaF8epmvQv5Nfj,True,5
train,7504,data/video-AEZAaF8epmvQv5Nfj-frame-015781-cYRuLrXQa9N5ubxpC.jpg,640,512,city_street,unknown,AEZAaF8epmvQv5Nfj,True,5
train,7505,data/video-AEZAaF8epmvQv5Nfj-frame-015791-HHkFbJx5KLYaAhJo2.jpg,640,512,residential,unknown,AEZAaF8epmvQv5Nfj,True,4
train,7506,data/video-AEZAaF8epmvQv5Nfj-frame-015801-ftHxpfZd4CpMoGmQJ.jpg,640,512,city_street,unknown,AEZAaF8epmvQv5Nfj,True,5
train,7507,data/video-AEZAaF8epmvQv5Nfj-frame-015811-duQxgngtJGiKL4GGJ.jpg,640,512,residential,unknown,AEZAaF8epmvQv5Nfj,True,4
train,7508,data/video-AEZAaF8epmvQv5Nfj-frame-015821-W95g9oGpAnMuZ4zzG.jpg,640,512,residential,unknown,AEZAaF8epmvQv5Nfj,True,5
train,7518,data/video-AEZAaF8epmvQv5Nfj-frame-015921-nNpER5B7WA5jQZmj6.jpg,640,512,city_street,unknown,AEZAaF8epmvQv5Nfj,True,5
train,7519,data/video-AEZAaF8epmvQv5Nfj-frame-015931-LyvdhdeZQq5v4Por9.jpg,640,512,city_street,unknown,AEZAaF8epmvQv5Nfj,True,5
train,7520,data/video-AEZAaF8epmvQv5Nfj-frame-015941-NBpi2staqWxuFrbK4.jpg,640,512,city_street,unknown,AEZAaF8epmvQv5Nfj,True,4
train,7521,data/video-AEZAaF8epmvQv5Nfj-frame-015951-w8at4Bq3TeXo3mdbF.jpg,640,512,city_street,unknown,AEZAaF8epmvQv5Nfj,True,3
train,7522,data/video-AEZAaF8epmvQv5Nfj-frame-015961-ynyCMmWz82ZHW48vy.jpg,640,512,city_street,unknown,AEZAaF8epmvQv5Nfj,True,3
train,7523,data/video-AEZAaF8epmvQv5Nfj-frame-015971-kLsXADBFmDq3mzKQu.jpg,640,512,city_street,unknown,AEZAaF8epmvQv5Nfj,True,3
train,7524,data/video-AEZAaF8epmvQv5Nfj-frame-015981-2fzcCBzcLF8nmSe5d.jpg,640,512,city_street,unknown,AEZAaF8epmvQv5Nfj,True,3
train,7531,data/video-AEZAaF8epmvQv5Nfj-frame-016051-NjMneutSfGhuKia72.jpg,640,512,city_street,unknown,AEZAaF8epmvQv5Nfj,True,3
train,7532,data/video-AEZAaF8epmvQv5Nfj-frame-016061-62To5GCjB6JBEZioG.jpg,640,512,city_street,unknown,AEZAaF8epmvQv5Nfj,True,3
train,7534,data/video-AEZAaF8epmvQv5Nfj-frame-016081-mkLcwnTgwwFef8n2w.jpg,640,512,city_street,unknown,AEZAaF8epmvQv5Nfj,True,2
train,7535,data/video-AEZAaF8epmvQv5Nfj-frame-016091-xDRYRpvQbAQQPw47a.jpg,640,512,city_street,unknown,AEZAaF8epmvQv5Nfj,True,3
train,7536,data/video-AEZAaF8epmvQv5Nfj-frame-016101-yTsNCBroLDaFeiYCC.jpg,640,512,city_street,unknown,AEZAaF8epmvQv5Nfj,True,3
train,7537,data/video-AEZAaF8epmvQv5Nfj-frame-016111-RebWaLBGRjfBuLwzH.jpg,640,512,city_street,unknown,AEZAaF8epmvQv5Nfj,True,2
train,7539,data/video-AEZAaF8epmvQv5Nfj-frame-016131-FjCj5jZaHNjf2XpJQ.jpg,640,512,city_street,unknown,AEZAaF8epmvQv5Nfj,True,4
train,7547,data/video-AEZAaF8epmvQv5Nfj-frame-016211-yfnZzBKMS4PjkuHCA.jpg,640,512,city_street,unknown,AEZAaF8epmvQv5Nfj,True,4
train,7549,data/video-AEZAaF8epmvQv5Nfj-frame-016231-74cMvRNuegWkR3fnx.jpg,640,512,city_street,unknown,AEZAaF8epmvQv5Nfj,True,4
train,7550,data/video-AEZAaF8epmvQv5Nfj-frame-016241-kHdS67m3XRqYPzwZf.jpg,640,512,city_street,unknown,AEZAaF8epmvQv5Nfj,True,4
train,7551,data/video-AEZAaF8epmvQv5Nfj-frame-016251-oxbv8DDJP35mB94fa.jpg,640,512,city_street,unknown,AEZAaF8epmvQv5Nfj,True,4
train,7552,data/video-AEZAaF8epmvQv5Nfj-frame-016261-oP2xtNNE8TnuSy6Dp.jpg,640,512,city_street,unknown,AEZAaF8epmvQv5Nfj,True,4
train,7553,data/video-AEZAaF8epmvQv5Nfj-frame-016271-g7fv5JomMHgpNrQhK.jpg,640,512,city_street,unknown,AEZAaF8epmvQv5Nfj,True,4
train,7554,data/video-AEZAaF8epmvQv5Nfj-frame-016281-Rxzb6wZYqkEvMMyoG.jpg,640,512,city_street,unknown,AEZAaF8epmvQv5Nfj,True,4
train,7562,data/video-AEZAaF8epmvQv5Nfj-frame-016361-9FHhsoCaXDH5j4BJt.jpg,640,512,city_street,unknown,AEZAaF8epmvQv5Nfj,True,5
train,7564,data/video-AEZAaF8epmvQv5Nfj-frame-016381-8vqoJft8ZNPAGL2RR.jpg,640,512,city_street,unknown,AEZAaF8epmvQv5Nfj,True,6
train,7565,data/video-AEZAaF8epmvQv5Nfj-frame-016391-NmZXAkAkFnwr6DmNR.jpg,640,512,city_street,unknown,AEZAaF8epmvQv5Nfj,True,4
train,7567,data/video-AEZAaF8epmvQv5Nfj-frame-016411-u29jFtCbdmZ3sTkFL.jpg,640,512,city_street,unknown,AEZAaF8epmvQv5Nfj,True,3
train,7579,data/video-AEZAaF8epmvQv5Nfj-frame-017002-FEthyumcuwLyCYeai.jpg,640,512,city_street,unknown,AEZAaF8epmvQv5Nfj,True,4
train,7580,data/video-AEZAaF8epmvQv5Nfj-frame-017012-2GtbPHnrr9ZgnznkH.jpg,640,512,city_street,unknown,AEZAaF8epmvQv5Nfj,True,4
train,7581,data/video-AEZAaF8epmvQv5Nfj-frame-017022-u7M2zjPFw7tqSHgnj.jpg,640,512,city_street,unknown,AEZAaF8epmvQv5Nfj,True,5
train,7582,data/video-AEZAaF8epmvQv5Nfj-frame-017032-JPnL29wgqTpFnqkjb.jpg,640,512,city_street,unknown,AEZAaF8epmvQv5Nfj,True,8
train,7583,data/video-AEZAaF8epmvQv5Nfj-frame-017042-Qk4R8SadJ332SrqPZ.jpg,640,512,city_street,unknown,AEZAaF8epmvQv5Nfj,True,7
train,7584,data/video-AEZAaF8epmvQv5Nfj-frame-017052-6bkHv7GK3QifdkEsg.jpg,640,512,city_street,unknown,AEZAaF8epmvQv5Nfj,True,9
train,7585,data/video-AEZAaF8epmvQv5Nfj-frame-017062-f8SSgnqYYxiGwmpbi.jpg,640,512,city_street,unknown,AEZAaF8epmvQv5Nfj,True,8
train,7586,data/video-AEZAaF8epmvQv5Nfj-frame-017072-pHgbHxtGjrexnvgyX.jpg,640,512,city_street,unknown,AEZAaF8epmvQv5Nfj,True,11
train,7587,data/video-AEZAaF8epmvQv5Nfj-frame-017082-38thDxWxrBADKcohW.jpg,640,512,city_street,unknown,AEZAaF8epmvQv5Nfj,True,11
train,7588,data/video-AEZAaF8epmvQv5Nfj-frame-017092-QMFBNtBeHkhm4o7N2.jpg,640,512,city_street,unknown,AEZAaF8epmvQv5Nfj,True,10
train,7590,data/video-AEZAaF8epmvQv5Nfj-frame-017112-N6ubYMt5dovjiB9Rt.jpg,640,512,city_street,unknown,AEZAaF8epmvQv5Nfj,True,11
train,7593,data/video-AEZAaF8epmvQv5Nfj-frame-017142-ZCMGY3jG7XSNZ7kdo.jpg,640,512,city_street,unknown,AEZAaF8epmvQv5Nfj,True,11
train,7594,data/video-AEZAaF8epmvQv5Nfj-frame-017152-NEQCF6brnRExZGPab.jpg,640,512,city_street,unknown,AEZAaF8epmvQv5Nfj,True,8
train,7595,data/video-AEZAaF8epmvQv5Nfj-frame-017162-Qy2zAsPRR7dSKXiwj.jpg,640,512,city_street,unknown,AEZAaF8epmvQv5Nfj,True,8
train,7599,data/video-AEZAaF8epmvQv5Nfj-frame-017202-qZa22bzNNMGWrpNEL.jpg,640,512,other,unknown,AEZAaF8epmvQv5Nfj,False,0
train,7601,data/video-AEZAaF8epmvQv5Nfj-frame-017222-2vosNHs9RHuspznmP.jpg,640,512,city_street,unknown,AEZAaF8epmvQv5Nfj,True,2
train,7602,data/video-AEZAaF8epmvQv5Nfj-frame-017232-ebkYya4468DhkkdxK.jpg,640,512,other,unknown,AEZAaF8epmvQv5Nfj,True,2
train,7635,data/video-AkvAvb4X72cnTbbCw-frame-000080-WLAjK7uHHxK3DMPhb.jpg,640,512,city_street,unknown,AkvAvb4X72cnTbbCw,True,13
train,7636,data/video-AkvAvb4X72cnTbbCw-frame-000095-vzECum9ZBtoCD5wB6.jpg,640,512,city_street,unknown,AkvAvb4X72cnTbbCw,True,10
train,7638,data/video-AkvAvb4X72cnTbbCw-frame-000125-WEwhX9p46NgXp37ZM.jpg,640,512,city_street,unknown,AkvAvb4X72cnTbbCw,True,11
train,7644,data/video-AkvAvb4X72cnTbbCw-frame-000215-2uwrA4244ba5vi2CT.jpg,640,512,city_street,unknown,AkvAvb4X72cnTbbCw,True,6
train,7645,data/video-AkvAvb4X72cnTbbCw-frame-000230-6zvzqrf8LDqjCz2i3.jpg,640,512,city_street,unknown,AkvAvb4X72cnTbbCw,True,8
train,7647,data/video-AkvAvb4X72cnTbbCw-frame-000260-8tKZMfABcJr8TnMxz.jpg,640,512,city_street,unknown,AkvAvb4X72cnTbbCw,True,10
train,7648,data/video-AkvAvb4X72cnTbbCw-frame-000275-6gckPkebbWm8zDXRh.jpg,640,512,city_street,unknown,AkvAvb4X72cnTbbCw,True,9
train,7649,data/video-AkvAvb4X72cnTbbCw-frame-000290-KZxEYwmwy3f7cjkoY.jpg,640,512,city_street,unknown,AkvAvb4X72cnTbbCw,True,8
train,7650,data/video-AkvAvb4X72cnTbbCw-frame-000305-L2WzPPfYFQFtHQGF3.jpg,640,512,city_street,unknown,AkvAvb4X72cnTbbCw,True,4
train,7651,data/video-AkvAvb4X72cnTbbCw-frame-000320-H3bSjLLK5q2Qg2QKF.jpg,640,512,city_street,unknown,AkvAvb4X72cnTbbCw,True,4
train,7652,data/video-AkvAvb4X72cnTbbCw-frame-000335-PrKphvaf7DehtphBe.jpg,640,512,city_street,unknown,AkvAvb4X72cnTbbCw,True,3
train,7653,data/video-AkvAvb4X72cnTbbCw-frame-000350-cbhBz3xiMMxy2PiPk.jpg,640,512,city_street,unknown,AkvAvb4X72cnTbbCw,True,3
train,7654,data/video-AkvAvb4X72cnTbbCw-frame-000365-YziD9se7q8b4xpu5J.jpg,640,512,city_street,unknown,AkvAvb4X72cnTbbCw,True,3
train,7655,data/video-AkvAvb4X72cnTbbCw-frame-000380-Zg3tDcAoojNfnWKs5.jpg,640,512,city_street,unknown,AkvAvb4X72cnTbbCw,True,4
train,7656,data/video-AkvAvb4X72cnTbbCw-frame-000395-tm7RYrAPhmzkCqAPZ.jpg,640,512,city_street,unknown,AkvAvb4X72cnTbbCw,True,5
train,7657,data/video-AkvAvb4X72cnTbbCw-frame-000410-bk8TvvxzD7JMwvNDe.jpg,640,512,city_street,unknown,AkvAvb4X72cnTbbCw,True,7
train,7658,data/video-AkvAvb4X72cnTbbCw-frame-000425-txnYBJDiHcahCf8cC.jpg,640,512,city_street,unknown,AkvAvb4X72cnTbbCw,True,8
train,7659,data/video-AkvAvb4X72cnTbbCw-frame-000440-oan85x96fXJaqzRTa.jpg,640,512,city_street,unknown,AkvAvb4X72cnTbbCw,True,9
train,7660,data/video-AkvAvb4X72cnTbbCw-frame-000455-LdymWqwBxviMbg65a.jpg,640,512,city_street,unknown,AkvAvb4X72cnTbbCw,True,10
train,7661,data/video-AkvAvb4X72cnTbbCw-frame-000470-7QyqjxFEBSqfRiibr.jpg,640,512,city_street,unknown,AkvAvb4X72cnTbbCw,True,9
train,7662,data/video-AkvAvb4X72cnTbbCw-frame-000485-KzDmr3LhaLdcuM89S.jpg,640,512,city_street,unknown,AkvAvb4X72cnTbbCw,True,8
train,7663,data/video-AkvAvb4X72cnTbbCw-frame-000500-mhsQdyoxK4otD2T5r.jpg,640,512,city_street,unknown,AkvAvb4X72cnTbbCw,True,9
train,7664,data/video-AkvAvb4X72cnTbbCw-frame-000515-X4AhYW5TBnErDrCuq.jpg,640,512,city_street,unknown,AkvAvb4X72cnTbbCw,True,8
train,7665,data/video-AkvAvb4X72cnTbbCw-frame-000530-koshpjuGXsbpkBn9G.jpg,640,512,city_street,unknown,AkvAvb4X72cnTbbCw,True,7
train,7666,data/video-AkvAvb4X72cnTbbCw-frame-000545-dPjAgLb248LYhAq2o.jpg,640,512,city_street,unknown,AkvAvb4X72cnTbbCw,True,5
train,7667,data/video-AkvAvb4X72cnTbbCw-frame-000560-Jxw4jvoicjofnfCj8.jpg,640,512,city_street,unknown,AkvAvb4X72cnTbbCw,True,8
train,7668,data/video-AkvAvb4X72cnTbbCw-frame-000575-3AhP97gKibM4CRjE6.jpg,640,512,city_street,unknown,AkvAvb4X72cnTbbCw,True,7
train,7669,data/video-AkvAvb4X72cnTbbCw-frame-000590-kdraQR5HgD9vdTSjt.jpg,640,512,city_street,unknown,AkvAvb4X72cnTbbCw,True,6
train,7670,data/video-AkvAvb4X72cnTbbCw-frame-000605-MhWh4hYwechvjFej3.jpg,640,512,city_street,unknown,AkvAvb4X72cnTbbCw,True,5
train,7671,data/video-AkvAvb4X72cnTbbCw-frame-000620-5JkLFfeXhYfWyHX84.jpg,640,512,city_street,unknown,AkvAvb4X72cnTbbCw,True,4
train,7672,data/video-AkvAvb4X72cnTbbCw-frame-000635-tmNuiXEfgCX38ruWc.jpg,640,512,city_street,unknown,AkvAvb4X72cnTbbCw,True,5
train,7678,data/video-AkvAvb4X72cnTbbCw-frame-000947-iezv23ofaQMmNnE95.jpg,640,512,city_street,unknown,AkvAvb4X72cnTbbCw,True,8
train,7684,data/video-AkvAvb4X72cnTbbCw-frame-001037-dQiGrWyJQMWspdd9b.jpg,640,512,city_street,unknown,AkvAvb4X72cnTbbCw,True,3
train,7685,data/video-AkvAvb4X72cnTbbCw-frame-001052-T48suYMAfh5gML3c6.jpg,640,512,city_street,unknown,AkvAvb4X72cnTbbCw,True,3
train,7686,data/video-AkvAvb4X72cnTbbCw-frame-001067-NuuaC8BthJkTrzziE.jpg,640,512,city_street,unknown,AkvAvb4X72cnTbbCw,True,3
train,7687,data/video-AkvAvb4X72cnTbbCw-frame-001082-cG8BAT5pTtvAQNBK5.jpg,640,512,city_street,unknown,AkvAvb4X72cnTbbCw,True,3
train,7688,data/video-AkvAvb4X72cnTbbCw-frame-001097-Z9NgMZ29pCiTunEXL.jpg,640,512,city_street,unknown,AkvAvb4X72cnTbbCw,True,4
train,7689,data/video-AkvAvb4X72cnTbbCw-frame-001112-mWcQpa4ZyZH9Q49Qc.jpg,640,512,city_street,unknown,AkvAvb4X72cnTbbCw,True,4
train,7690,data/video-AkvAvb4X72cnTbbCw-frame-001127-GrDa4jWrapRi7thxN.jpg,640,512,city_street,unknown,AkvAvb4X72cnTbbCw,True,5
train,7701,data/video-AkvAvb4X72cnTbbCw-frame-002109-F2e7kvkxLan5gRGxC.jpg,640,512,city_street,unknown,AkvAvb4X72cnTbbCw,True,3
train,7702,data/video-AkvAvb4X72cnTbbCw-frame-002124-F2FPJauWdJ7NkxfJF.jpg,640,512,city_street,unknown,AkvAvb4X72cnTbbCw,True,3
train,7703,data/video-AkvAvb4X72cnTbbCw-frame-002139-hDhWrkGEgnXkEqfzq.jpg,640,512,city_street,unknown,AkvAvb4X72cnTbbCw,True,3
train,7704,data/video-AkvAvb4X72cnTbbCw-frame-002154-QjWfCh8mTeFMZuCmD.jpg,640,512,city_street,unknown,AkvAvb4X72cnTbbCw,True,4
train,7705,data/video-AkvAvb4X72cnTbbCw-frame-002169-RJmLrjg2CswJEXNWw.jpg,640,512,city_street,unknown,AkvAvb4X72cnTbbCw,True,3
train,7706,data/video-AkvAvb4X72cnTbbCw-frame-002184-tC5x7emNfEs2oJcL6.jpg,640,512,city_street,unknown,AkvAvb4X72cnTbbCw,True,6
train,7707,data/video-AkvAvb4X72cnTbbCw-frame-002201-vdjxdvLhCD69PpH8u.jpg,640,512,city_street,unknown,AkvAvb4X72cnTbbCw,True,1
train,7708,data/video-AkvAvb4X72cnTbbCw-frame-002216-7SHrNdGccddsBe6Sw.jpg,640,512,city_street,unknown,AkvAvb4X72cnTbbCw,True,1
train,7709,data/video-AkvAvb4X72cnTbbCw-frame-002231-AZJRHWypYmiFhHEBN.jpg,640,512,city_street,unknown,AkvAvb4X72cnTbbCw,True,2
train,7710,data/video-AkvAvb4X72cnTbbCw-frame-002246-FSAmJWFDXrLEHC8Hq.jpg,640,512,city_street,unknown,AkvAvb4X72cnTbbCw,True,4
train,7711,data/video-AkvAvb4X72cnTbbCw-frame-002261-6f3BktD9PbyducLRS.jpg,640,512,city_street,unknown,AkvAvb4X72cnTbbCw,True,4
train,7712,data/video-AkvAvb4X72cnTbbCw-frame-002276-AREEsncDtDNhedfqt.jpg,640,512,city_street,unknown,AkvAvb4X72cnTbbCw,True,5
train,8006,data/video-BvDJ7TewksQCjCtyN-frame-003241-YAGYuCesWWeaT7BBd.jpg,640,512,highway,unknown,BvDJ7TewksQCjCtyN,False,0
train,8219,data/video-DJYDQTZH7GLCqw3Tx-frame-003421-RRehaN8cqpResHayY.jpg,640,512,residential,clear,DJYDQTZH7GLCqw3Tx,True,4
train,8593,data/video-DJYDQTZH7GLCqw3Tx-frame-007900-p84CN89Qh2TGGPdZu.jpg,640,512,residential,unknown,DJYDQTZH7GLCqw3Tx,True,6
train,8595,data/video-DJYDQTZH7GLCqw3Tx-frame-007920-7TbprRqoRWqiFvhAb.jpg,640,512,city_street,unknown,DJYDQTZH7GLCqw3Tx,True,7
train,8596,data/video-DJYDQTZH7GLCqw3Tx-frame-007930-Mt8jhjSzqejsmd5P6.jpg,640,512,city_street,unknown,DJYDQTZH7GLCqw3Tx,True,7
train,8597,data/video-DJYDQTZH7GLCqw3Tx-frame-007940-jD4XSSjFDWDz828HE.jpg,640,512,city_street,unknown,DJYDQTZH7GLCqw3Tx,True,5
train,8634,data/video-DJYDQTZH7GLCqw3Tx-frame-008310-2g8WHaEF5yXhqjhYa.jpg,640,512,city_street,unknown,DJYDQTZH7GLCqw3Tx,True,2
train,8650,data/video-DJYDQTZH7GLCqw3Tx-frame-008470-d2W6b8Q2qPK3u77wr.jpg,640,512,city_street,unknown,DJYDQTZH7GLCqw3Tx,True,6
train,8651,data/video-DJYDQTZH7GLCqw3Tx-frame-008480-cakwSYj4vwzffn5ex.jpg,640,512,city_street,unknown,DJYDQTZH7GLCqw3Tx,True,7
train,8652,data/video-DJYDQTZH7GLCqw3Tx-frame-008490-zxjcwdbb3EP7Zrueh.jpg,640,512,city_street,unknown,DJYDQTZH7GLCqw3Tx,True,10
train,8653,data/video-DJYDQTZH7GLCqw3Tx-frame-008500-k9fyNFZY7F52NmNmm.jpg,640,512,city_street,unknown,DJYDQTZH7GLCqw3Tx,True,9
train,8655,data/video-DJYDQTZH7GLCqw3Tx-frame-008520-6S2Cjr9sTQc9e35Yp.jpg,640,512,city_street,unknown,DJYDQTZH7GLCqw3Tx,True,8
train,8656,data/video-DJYDQTZH7GLCqw3Tx-frame-008530-yEnfwqZbBzaXrzXsa.jpg,640,512,city_street,unknown,DJYDQTZH7GLCqw3Tx,True,7
train,8657,data/video-DJYDQTZH7GLCqw3Tx-frame-008540-ZGxBrm5wEb7ZnLtDX.jpg,640,512,city_street,unknown,DJYDQTZH7GLCqw3Tx,True,13
train,8658,data/video-DJYDQTZH7GLCqw3Tx-frame-008550-rSHoduCMWBeLafgi8.jpg,640,512,city_street,unknown,DJYDQTZH7GLCqw3Tx,True,12
train,8659,data/video-DJYDQTZH7GLCqw3Tx-frame-008560-mcQwqxgNa5mxXvdSz.jpg,640,512,city_street,unknown,DJYDQTZH7GLCqw3Tx,True,8
train,8660,data/video-DJYDQTZH7GLCqw3Tx-frame-008570-MhaENu3DxgnoEinNP.jpg,640,512,city_street,unknown,DJYDQTZH7GLCqw3Tx,True,9
train,8662,data/video-DJYDQTZH7GLCqw3Tx-frame-008590-RkA6J5PfKXXjmBPbh.jpg,640,512,city_street,unknown,DJYDQTZH7GLCqw3Tx,True,10
train,8682,data/video-DJYDQTZH7GLCqw3Tx-frame-008790-4APQYfZJTQjoTK8j4.jpg,640,512,city_street,unknown,DJYDQTZH7GLCqw3Tx,True,13
train,8683,data/video-DJYDQTZH7GLCqw3Tx-frame-008800-h6gujmgGLq8gNynyM.jpg,640,512,city_street,unknown,DJYDQTZH7GLCqw3Tx,True,9
train,8684,data/video-DJYDQTZH7GLCqw3Tx-frame-008810-zLboSzPyqEzu5GzBJ.jpg,640,512,city_street,unknown,DJYDQTZH7GLCqw3Tx,True,8
train,8685,data/video-DJYDQTZH7GLCqw3Tx-frame-008820-HXo89uhR9J6PxuB5E.jpg,640,512,city_street,unknown,DJYDQTZH7GLCqw3Tx,True,8
train,8686,data/video-DJYDQTZH7GLCqw3Tx-frame-008830-Ybe8je2AyCC4ypXpB.jpg,640,512,city_street,unknown,DJYDQTZH7GLCqw3Tx,True,4
train,8687,data/video-DJYDQTZH7GLCqw3Tx-frame-008840-MfFaQQqynoaQyAiK5.jpg,640,512,city_street,unknown,DJYDQTZH7GLCqw3Tx,True,5
train,8688,data/video-DJYDQTZH7GLCqw3Tx-frame-008850-vXZkaEGDZNJ2ne5m4.jpg,640,512,city_street,unknown,DJYDQTZH7GLCqw3Tx,True,7
train,9428,data/video-Gj7ejTPCZZnD5YwPv-frame-000000-jAC2x6Hd7Fc3RThuT.jpg,640,512,residential,unknown,Gj7ejTPCZZnD5YwPv,False,0
train,9431,data/video-Gj7ejTPCZZnD5YwPv-frame-000217-rRZrBmifotjwbxoDG.jpg,640,512,residential,unknown,Gj7ejTPCZZnD5YwPv,True,1
train,9434,data/video-Gj7ejTPCZZnD5YwPv-frame-000262-2PBqcBRAXTs8Sfuv3.jpg,640,512,residential,unknown,Gj7ejTPCZZnD5YwPv,True,1
train,9435,data/video-Gj7ejTPCZZnD5YwPv-frame-000330-55nT5YdcpELRo5PFL.jpg,640,512,residential,unknown,Gj7ejTPCZZnD5YwPv,True,1
train,9436,data/video-Gj7ejTPCZZnD5YwPv-frame-000345-6EpsvisunWWEXMnYn.jpg,640,512,city_street,unknown,Gj7ejTPCZZnD5YwPv,True,1
train,9437,data/video-Gj7ejTPCZZnD5YwPv-frame-000360-WYji7JvTY7QvHqeHR.jpg,640,512,city_street,unknown,Gj7ejTPCZZnD5YwPv,True,1
train,9438,data/video-Gj7ejTPCZZnD5YwPv-frame-000375-esmpvu7h7zJNPK9xM.jpg,640,512,city_street,unknown,Gj7ejTPCZZnD5YwPv,True,1
train,9441,data/video-Gj7ejTPCZZnD5YwPv-frame-000420-97uuH7JxtbC5wQA3P.jpg,640,512,city_street,unknown,Gj7ejTPCZZnD5YwPv,False,0
train,9443,data/video-Gj7ejTPCZZnD5YwPv-frame-000450-HeDox94MF6c6fWfNo.jpg,640,512,city_street,unknown,Gj7ejTPCZZnD5YwPv,True,2
train,9445,data/video-Gj7ejTPCZZnD5YwPv-frame-000480-RHNvTYz9qNwxzMRCY.jpg,640,512,city_street,unknown,Gj7ejTPCZZnD5YwPv,True,2
train,9446,data/video-Gj7ejTPCZZnD5YwPv-frame-000495-o8ZFac7Yhq4MjG8of.jpg,640,512,city_street,unknown,Gj7ejTPCZZnD5YwPv,True,2
train,9447,data/video-Gj7ejTPCZZnD5YwPv-frame-000510-AYLXbGqvqvFJzh7dx.jpg,640,512,city_street,unknown,Gj7ejTPCZZnD5YwPv,True,1
train,9449,data/video-Gj7ejTPCZZnD5YwPv-frame-000540-zzNPptkdjsMDAixgE.jpg,640,512,city_street,unknown,Gj7ejTPCZZnD5YwPv,True,1
train,9452,data/video-Gj7ejTPCZZnD5YwPv-frame-000749-o4hrw7tCqgffFRS4M.jpg,640,512,city_street,unknown,Gj7ejTPCZZnD5YwPv,False,0
train,9454,data/video-Gj7ejTPCZZnD5YwPv-frame-000774-qA3dwxzzfkSrPrJEy.jpg,640,512,city_street,unknown,Gj7ejTPCZZnD5YwPv,False,0
train,9455,data/video-Gj7ejTPCZZnD5YwPv-frame-001074-wSAT9gcQvZyonyhC4.jpg,640,512,city_street,unknown,Gj7ejTPCZZnD5YwPv,True,1
train,9467,data/video-Gj7ejTPCZZnD5YwPv-frame-001585-T6wEi5EZCScFbhxLw.jpg,640,512,city_street,unknown,Gj7ejTPCZZnD5YwPv,True,3
train,9468,data/video-Gj7ejTPCZZnD5YwPv-frame-001600-52EEdSvCwBBy3wmzB.jpg,640,512,city_street,unknown,Gj7ejTPCZZnD5YwPv,True,4
train,9469,data/video-Gj7ejTPCZZnD5YwPv-frame-001615-4MA4Avn29hGsEeKfk.jpg,640,512,city_street,unknown,Gj7ejTPCZZnD5YwPv,True,1
train,9470,data/video-Gj7ejTPCZZnD5YwPv-frame-001630-kRQGwrWDdjqxTYCq4.jpg,640,512,city_street,unknown,Gj7ejTPCZZnD5YwPv,True,1
train,9471,data/video-Gj7ejTPCZZnD5YwPv-frame-001645-H6F76zMtehcpfTdPz.jpg,640,512,city_street,unknown,Gj7ejTPCZZnD5YwPv,True,1
train,10678,data/video-WFkuHrJEHigf6HCWZ-frame-002541-2L8SLyHydYrABKmX8.jpg,640,512,city_street,unknown,WFkuHrJEHigf6HCWZ,True,10
val,654,data/video-JhYLiFCieHQHaY8o7-frame-000000-xT7BXRKKyuWEsnywX.jpg,640,512,city_street,unknown,JhYLiFCieHQHaY8o7,False,0
val,655,data/video-JhYLiFCieHQHaY8o7-frame-000300-guKooGzgx8fSSGQG7.jpg,640,512,city_street,unknown,JhYLiFCieHQHaY8o7,False,0
val,656,data/video-JhYLiFCieHQHaY8o7-frame-000600-54cr88GJsdAyksdNj.jpg,640,512,highway,unknown,JhYLiFCieHQHaY8o7,False,0
val,657,data/video-JhYLiFCieHQHaY8o7-frame-000900-pdb96S7B7fgmguxPE.jpg,640,512,highway,unknown,JhYLiFCieHQHaY8o7,False,0
val,658,data/video-JhYLiFCieHQHaY8o7-frame-001200-n7sXgfg2LyFCYRzSc.jpg,640,512,highway,unknown,JhYLiFCieHQHaY8o7,True,1
val,659,data/video-JhYLiFCieHQHaY8o7-frame-001500-4dRaerqz2cJhjyCHA.jpg,640,512,residential,unknown,JhYLiFCieHQHaY8o7,True,4
val,660,data/video-JhYLiFCieHQHaY8o7-frame-001800-Y4M2pFGM8ihZLxsiC.jpg,640,512,residential,unknown,JhYLiFCieHQHaY8o7,True,2
val,661,data/video-JhYLiFCieHQHaY8o7-frame-001939-hi5sjhcipwC8mSxys.jpg,640,512,city_street,unknown,JhYLiFCieHQHaY8o7,True,1
val,662,data/video-JhYLiFCieHQHaY8o7-frame-001954-GfjBZNEjrBeXHKcfH.jpg,640,512,highway,unknown,JhYLiFCieHQHaY8o7,True,1
val,663,data/video-JhYLiFCieHQHaY8o7-frame-001969-7XWqcePXpJQS63Jvt.jpg,640,512,highway,unknown,JhYLiFCieHQHaY8o7,True,1
val,674,data/video-JhYLiFCieHQHaY8o7-frame-002195-t9p9hLssbg77DLqxH.jpg,640,512,city_street,unknown,JhYLiFCieHQHaY8o7,True,4
val,675,data/video-JhYLiFCieHQHaY8o7-frame-002210-b4meqJCTQMQquCNcM.jpg,640,512,city_street,unknown,JhYLiFCieHQHaY8o7,True,4
val,676,data/video-JhYLiFCieHQHaY8o7-frame-002225-mmtt6AEj7rw4apcGq.jpg,640,512,city_street,unknown,JhYLiFCieHQHaY8o7,True,3
val,677,data/video-JhYLiFCieHQHaY8o7-frame-002240-k7jsfrZt8EpWmuWiE.jpg,640,512,city_street,unknown,JhYLiFCieHQHaY8o7,True,2
val,678,data/video-JhYLiFCieHQHaY8o7-frame-002255-7vjCfCiKZqLZpN9iR.jpg,640,512,city_street,unknown,JhYLiFCieHQHaY8o7,True,1
val,687,data/video-JhYLiFCieHQHaY8o7-frame-002390-cTxJ3gvgrzcqKzSrG.jpg,640,512,residential,unknown,JhYLiFCieHQHaY8o7,True,1
val,688,data/video-JhYLiFCieHQHaY8o7-frame-002405-Zoi9njRztF8NAJRG5.jpg,640,512,residential,unknown,JhYLiFCieHQHaY8o7,False,0
val,689,data/video-JhYLiFCieHQHaY8o7-frame-002432-thMX6DowZnpCDSBRu.jpg,640,512,residential,unknown,JhYLiFCieHQHaY8o7,False,0
val,691,data/video-JhYLiFCieHQHaY8o7-frame-002462-657ExrSvJCzxTQ3Lm.jpg,640,512,residential,unknown,JhYLiFCieHQHaY8o7,False,0
val,692,data/video-JhYLiFCieHQHaY8o7-frame-002477-uEYYfgK85Ak64hAnm.jpg,640,512,residential,unknown,JhYLiFCieHQHaY8o7,False,0
val,694,data/video-JhYLiFCieHQHaY8o7-frame-002507-xkNGdF4nrzXSrNoyX.jpg,640,512,residential,unknown,JhYLiFCieHQHaY8o7,False,0
val,695,data/video-JhYLiFCieHQHaY8o7-frame-002522-5weStjFCANAB5k8Gf.jpg,640,512,residential,unknown,JhYLiFCieHQHaY8o7,False,0
val,696,data/video-JhYLiFCieHQHaY8o7-frame-002537-bJDJNLyx6feJHrm9b.jpg,640,512,residential,unknown,JhYLiFCieHQHaY8o7,False,0
val,697,data/video-JhYLiFCieHQHaY8o7-frame-002552-5g8r6dJ2dDqFMfBBf.jpg,640,512,residential,unknown,JhYLiFCieHQHaY8o7,False,0
val,698,data/video-JhYLiFCieHQHaY8o7-frame-003240-Pjv7anArTEBRNmomc.jpg,640,512,city_street,unknown,JhYLiFCieHQHaY8o7,False,0
val,699,data/video-JhYLiFCieHQHaY8o7-frame-003255-GvoLQh8z8KtnYLRu4.jpg,640,512,city_street,unknown,JhYLiFCieHQHaY8o7,True,6
val,700,data/video-JhYLiFCieHQHaY8o7-frame-003270-E6jmsgMTMHm8nM9Wh.jpg,640,512,city_street,unknown,JhYLiFCieHQHaY8o7,True,2
val,709,data/video-JhYLiFCieHQHaY8o7-frame-003651-HAy9FBNiTZekQGiQd.jpg,640,512,city_street,unknown,JhYLiFCieHQHaY8o7,False,0
val,710,data/video-JhYLiFCieHQHaY8o7-frame-003666-ZXaQR9nN7wLjXTeXZ.jpg,640,512,city_street,unknown,JhYLiFCieHQHaY8o7,True,7
val,711,data/video-JhYLiFCieHQHaY8o7-frame-003681-og5EnLydGo3bD3rcw.jpg,640,512,city_street,unknown,JhYLiFCieHQHaY8o7,True,9
val,712,data/video-JhYLiFCieHQHaY8o7-frame-003696-hTCyfPJBDGnys8afj.jpg,640,512,city_street,unknown,JhYLiFCieHQHaY8o7,True,4
val,713,data/video-JhYLiFCieHQHaY8o7-frame-003711-cjCASy9gpeCgwgXhB.jpg,640,512,city_street,unknown,JhYLiFCieHQHaY8o7,True,10
val,714,data/video-JhYLiFCieHQHaY8o7-frame-003726-L3FBeqTg4nAMfLEPH.jpg,640,512,city_street,unknown,JhYLiFCieHQHaY8o7,True,2
val,715,data/video-JhYLiFCieHQHaY8o7-frame-003741-ErBXyPDsbu2ScSbzB.jpg,640,512,city_street,unknown,JhYLiFCieHQHaY8o7,True,2
val,716,data/video-JhYLiFCieHQHaY8o7-frame-003756-Zz3bqCNWJ6AsFpioJ.jpg,640,512,city_street,unknown,JhYLiFCieHQHaY8o7,True,4
val,717,data/video-JhYLiFCieHQHaY8o7-frame-003771-At7ZKKrMMfYpigrCZ.jpg,640,512,city_street,unknown,JhYLiFCieHQHaY8o7,True,11
val,718,data/video-JhYLiFCieHQHaY8o7-frame-003786-whcsMkNYxYJ5NzzTm.jpg,640,512,city_street,unknown,JhYLiFCieHQHaY8o7,True,13
val,719,data/video-JhYLiFCieHQHaY8o7-frame-003801-n2euqKbdDcFAx6BAQ.jpg,640,512,city_street,unknown,JhYLiFCieHQHaY8o7,True,16
val,720,data/video-JhYLiFCieHQHaY8o7-frame-003816-ZxYGq6AwvfJCmtvNu.jpg,640,512,city_street,unknown,JhYLiFCieHQHaY8o7,True,13
val,721,data/video-JhYLiFCieHQHaY8o7-frame-003831-QCBcSBJoKEnfEfkQm.jpg,640,512,city_street,unknown,JhYLiFCieHQHaY8o7,True,12
val,723,data/video-JhYLiFCieHQHaY8o7-frame-003861-2xYzWXvTawi23wRaz.jpg,640,512,city_street,unknown,JhYLiFCieHQHaY8o7,True,15
val,729,data/video-JhYLiFCieHQHaY8o7-frame-003951-uws36Yo9w4KHBn3yE.jpg,640,512,city_street,unknown,JhYLiFCieHQHaY8o7,True,11
val,730,data/video-JhYLiFCieHQHaY8o7-frame-003966-MGcxi6ucJTPsG5tnh.jpg,640,512,city_street,unknown,JhYLiFCieHQHaY8o7,True,13
val,732,data/video-JhYLiFCieHQHaY8o7-frame-003996-SX2c8aHuoy95hNxoe.jpg,640,512,city_street,unknown,JhYLiFCieHQHaY8o7,True,10
val,733,data/video-JhYLiFCieHQHaY8o7-frame-004011-mmASjBQDhEf54rbbP.jpg,640,512,city_street,unknown,JhYLiFCieHQHaY8o7,True,12
val,734,data/video-JhYLiFCieHQHaY8o7-frame-004026-TSLekiefYfui4h4ns.jpg,640,512,city_street,unknown,JhYLiFCieHQHaY8o7,True,10
val,735,data/video-JhYLiFCieHQHaY8o7-frame-004041-BzHinbCauaunhhnjq.jpg,640,512,city_street,unknown,JhYLiFCieHQHaY8o7,True,9
val,736,data/video-JhYLiFCieHQHaY8o7-frame-004056-pggC2HfvacHkCh96e.jpg,640,512,city_street,unknown,JhYLiFCieHQHaY8o7,True,12
val,744,data/video-JhYLiFCieHQHaY8o7-frame-004176-KkYxboD3sLFPExWTQ.jpg,640,512,city_street,unknown,JhYLiFCieHQHaY8o7,True,8
val,745,data/video-JhYLiFCieHQHaY8o7-frame-004191-qWoKtF5JPhfJtTaN4.jpg,640,512,city_street,unknown,JhYLiFCieHQHaY8o7,True,7
val,746,data/video-JhYLiFCieHQHaY8o7-frame-004206-yex2wcCrNvRTR472L.jpg,640,512,city_street,unknown,JhYLiFCieHQHaY8o7,True,5
val,747,data/video-JhYLiFCieHQHaY8o7-frame-004221-4Mww9W6LdpY4PB3Ae.jpg,640,512,city_street,unknown,JhYLiFCieHQHaY8o7,True,6
val,748,data/video-JhYLiFCieHQHaY8o7-frame-004236-3wyTTB5d5mpKZ4DkJ.jpg,640,512,city_street,unknown,JhYLiFCieHQHaY8o7,True,5
val,749,data/video-JhYLiFCieHQHaY8o7-frame-004251-6NwfhjtDd5L3X2xB3.jpg,640,512,city_street,unknown,JhYLiFCieHQHaY8o7,True,5
val,750,data/video-JhYLiFCieHQHaY8o7-frame-004266-RFnvoENYqkfXWmKwp.jpg,640,512,city_street,unknown,JhYLiFCieHQHaY8o7,True,6
val,751,data/video-JhYLiFCieHQHaY8o7-frame-004281-5xr3wc9i3wLs4v4kt.jpg,640,512,city_street,unknown,JhYLiFCieHQHaY8o7,True,7
val,752,data/video-JhYLiFCieHQHaY8o7-frame-004296-aTADBJsYauAMMrJCQ.jpg,640,512,city_street,unknown,JhYLiFCieHQHaY8o7,True,5
val,753,data/video-JhYLiFCieHQHaY8o7-frame-004311-GEKaLNzQEuXNHTX6r.jpg,640,512,city_street,unknown,JhYLiFCieHQHaY8o7,True,9
val,754,data/video-JhYLiFCieHQHaY8o7-frame-004326-7m5tWCDZhuShhmomx.jpg,640,512,city_street,unknown,JhYLiFCieHQHaY8o7,True,3
val,755,data/video-JhYLiFCieHQHaY8o7-frame-004341-yoEwJFXSNMnR457NF.jpg,640,512,city_street,unknown,JhYLiFCieHQHaY8o7,True,5
val,756,data/video-JhYLiFCieHQHaY8o7-frame-004356-jbYhevsBA7pczq8fX.jpg,640,512,city_street,unknown,JhYLiFCieHQHaY8o7,True,4
val,757,data/video-JhYLiFCieHQHaY8o7-frame-004371-bx6dcSfYPQceDeYmA.jpg,640,512,city_street,unknown,JhYLiFCieHQHaY8o7,True,1
val,765,data/video-JhYLiFCieHQHaY8o7-frame-004589-uQH9534Qofbk6RAax.jpg,640,512,city_street,unknown,JhYLiFCieHQHaY8o7,True,8
val,766,data/video-JhYLiFCieHQHaY8o7-frame-004604-Pbg6rEKW5WcBr9x94.jpg,640,512,city_street,unknown,JhYLiFCieHQHaY8o7,True,8
val,767,data/video-JhYLiFCieHQHaY8o7-frame-004619-F5c7ZG93Xq8GvpanN.jpg,640,512,city_street,unknown,JhYLiFCieHQHaY8o7,True,4
val,768,data/video-JhYLiFCieHQHaY8o7-frame-004634-MRPMfrMkCYuqQzmup.jpg,640,512,city_street,unknown,JhYLiFCieHQHaY8o7,True,1
val,769,data/video-JhYLiFCieHQHaY8o7-frame-004750-G7hikgxRf23hKPuP3.jpg,640,512,city_street,unknown,JhYLiFCieHQHaY8o7,True,12
val,770,data/video-JhYLiFCieHQHaY8o7-frame-004765-N6mZ4tGT3kB5Z8QXK.jpg,640,512,city_street,unknown,JhYLiFCieHQHaY8o7,True,9
val,771,data/video-JhYLiFCieHQHaY8o7-frame-004780-kkWBaoxohnSXykQag.jpg,640,512,city_street,unknown,JhYLiFCieHQHaY8o7,True,5
val,772,data/video-JhYLiFCieHQHaY8o7-frame-004795-EWo9qpduqFnT2B6hd.jpg,640,512,city_street,unknown,JhYLiFCieHQHaY8o7,True,6
val,773,data/video-JhYLiFCieHQHaY8o7-frame-004810-nNe5RNBgXPaYRKuFL.jpg,640,512,city_street,unknown,JhYLiFCieHQHaY8o7,True,4
val,774,data/video-JhYLiFCieHQHaY8o7-frame-004825-zS2oMLLvQ6Lv3pJYg.jpg,640,512,city_street,unknown,JhYLiFCieHQHaY8o7,True,8
val,775,data/video-JhYLiFCieHQHaY8o7-frame-004840-cGSW559AiJSz3Ybs6.jpg,640,512,city_street,unknown,JhYLiFCieHQHaY8o7,True,7
val,776,data/video-JhYLiFCieHQHaY8o7-frame-004855-x4qftk8GSFonh27r8.jpg,640,512,city_street,unknown,JhYLiFCieHQHaY8o7,True,5
val,777,data/video-JhYLiFCieHQHaY8o7-frame-004870-edjxXDP232RGTsCuY.jpg,640,512,city_street,unknown,JhYLiFCieHQHaY8o7,True,3
val,778,data/video-JhYLiFCieHQHaY8o7-frame-004885-CM5hPv5A7rPCjRjms.jpg,640,512,city_street,unknown,JhYLiFCieHQHaY8o7,True,2
val,786,data/video-JhYLiFCieHQHaY8o7-frame-005005-MGmmziJsiLG9bJg5A.jpg,640,512,city_street,unknown,JhYLiFCieHQHaY8o7,True,3
val,787,data/video-JhYLiFCieHQHaY8o7-frame-005020-m5j9r2tAuLHSR8h6M.jpg,640,512,city_street,unknown,JhYLiFCieHQHaY8o7,True,1
val,788,data/video-JhYLiFCieHQHaY8o7-frame-005035-xH8mSe8nB4uRzdzzA.jpg,640,512,city_street,unknown,JhYLiFCieHQHaY8o7,True,3
val,789,data/video-JhYLiFCieHQHaY8o7-frame-005050-3sREBi56dPQ4nMhPh.jpg,640,512,city_street,unknown,JhYLiFCieHQHaY8o7,True,4
val,792,data/video-JhYLiFCieHQHaY8o7-frame-005230-dW7kiR5qkCArE8v9d.jpg,640,512,city_street,unknown,JhYLiFCieHQHaY8o7,True,3
val,793,data/video-JhYLiFCieHQHaY8o7-frame-005245-yniesZRiEhkZ3ZAhK.jpg,640,512,other,unknown,JhYLiFCieHQHaY8o7,True,2
val,794,data/video-JhYLiFCieHQHaY8o7-frame-005260-LpPvz3BwXrbzv7dYf.jpg,640,512,city_street,unknown,JhYLiFCieHQHaY8o7,True,3
val,795,data/video-JhYLiFCieHQHaY8o7-frame-005275-LNBcEFqHyWuCHP8FN.jpg,640,512,city_street,unknown,JhYLiFCieHQHaY8o7,True,2
val,796,data/video-JhYLiFCieHQHaY8o7-frame-005290-r3PZdvMrXvYdt757v.jpg,640,512,city_street,unknown,JhYLiFCieHQHaY8o7,True,3
val,797,data/video-JhYLiFCieHQHaY8o7-frame-005305-ZHsiCLc3wcbyRQBKR.jpg,640,512,city_street,unknown,JhYLiFCieHQHaY8o7,True,3
val,798,data/video-JhYLiFCieHQHaY8o7-frame-005320-cR9mdxzL4d5BcCfBq.jpg,640,512,city_street,unknown,JhYLiFCieHQHaY8o7,True,3
val,799,data/video-JhYLiFCieHQHaY8o7-frame-005335-bhncFmtCpjsGrD4Ry.jpg,640,512,city_street,unknown,JhYLiFCieHQHaY8o7,True,5
val,800,data/video-JhYLiFCieHQHaY8o7-frame-005350-qbv9rkQ3ozEfhi7bh.jpg,640,512,other,unknown,JhYLiFCieHQHaY8o7,True,3
val,801,data/video-JhYLiFCieHQHaY8o7-frame-005365-YaahjT9prmvFQudPm.jpg,640,512,other,unknown,JhYLiFCieHQHaY8o7,True,5
val,802,data/video-JhYLiFCieHQHaY8o7-frame-005380-GJ5huXodyMGA7cv7b.jpg,640,512,city_street,unknown,JhYLiFCieHQHaY8o7,True,5
val,803,data/video-JhYLiFCieHQHaY8o7-frame-005395-q7mtxoj88t5d6tRnL.jpg,640,512,city_street,unknown,JhYLiFCieHQHaY8o7,True,5
val,804,data/video-JhYLiFCieHQHaY8o7-frame-005410-cpg2iGqHwbHNfH4jS.jpg,640,512,city_street,unknown,JhYLiFCieHQHaY8o7,True,4
val,805,data/video-JhYLiFCieHQHaY8o7-frame-005425-4YMJ49CrNC4u3jZsd.jpg,640,512,city_street,unknown,JhYLiFCieHQHaY8o7,True,3
val,806,data/video-JhYLiFCieHQHaY8o7-frame-005440-cwtFDC9wfTsGH3hRN.jpg,640,512,city_street,unknown,JhYLiFCieHQHaY8o7,True,5
val,814,data/video-JhYLiFCieHQHaY8o7-frame-005586-JMg8J4sDeHsApGQGR.jpg,640,512,city_street,unknown,JhYLiFCieHQHaY8o7,True,5
val,815,data/video-JhYLiFCieHQHaY8o7-frame-005601-9PcEfqpYJynEf377r.jpg,640,512,city_street,unknown,JhYLiFCieHQHaY8o7,True,6
val,816,data/video-JhYLiFCieHQHaY8o7-frame-005616-sYAkzWC2io9gJcb4L.jpg,640,512,city_street,unknown,JhYLiFCieHQHaY8o7,True,6
val,817,data/video-JhYLiFCieHQHaY8o7-frame-005631-WdeEwcEd4D8DapzNN.jpg,640,512,city_street,unknown,JhYLiFCieHQHaY8o7,True,6
val,818,data/video-JhYLiFCieHQHaY8o7-frame-005646-d7vyDHjJkKsvgwJYu.jpg,640,512,city_street,unknown,JhYLiFCieHQHaY8o7,True,6
val,819,data/video-JhYLiFCieHQHaY8o7-frame-005661-vkEXdbscang3ng92z.jpg,640,512,city_street,unknown,JhYLiFCieHQHaY8o7,True,7
val,820,data/video-JhYLiFCieHQHaY8o7-frame-005676-5zbAkXFEWqT2u7jPe.jpg,640,512,city_street,unknown,JhYLiFCieHQHaY8o7,True,6
val,846,data/video-KBSpgyBNLpCNTsqtG-frame-003900-Aaf7xJ5MuEzFiucbw.jpg,640,512,residential,unknown,KBSpgyBNLpCNTsqtG,False,0
val,847,data/video-KBSpgyBNLpCNTsqtG-frame-004200-viDfddtTGLBXdYMHg.jpg,640,512,city_street,unknown,KBSpgyBNLpCNTsqtG,False,0
val,4030,data/video-qymmXK6iWMStjBiLf-frame-000294-caczYsET7ZANW8qir.jpg,640,512,city_street,unknown,qymmXK6iWMStjBiLf,True,4
val,4033,data/video-qymmXK6iWMStjBiLf-frame-000338-qbgyrqRmkHf4PBAbo.jpg,640,512,residential,unknown,qymmXK6iWMStjBiLf,True,2
val,4034,data/video-qymmXK6iWMStjBiLf-frame-000638-hv3CvXBhCiretNcyL.jpg,640,512,residential,unknown,qymmXK6iWMStjBiLf,False,0
val,4047,data/video-qymmXK6iWMStjBiLf-frame-002850-B6Sa4XvmxYLky49F9.jpg,640,512,city_street,unknown,qymmXK6iWMStjBiLf,True,8
val,4053,data/video-qymmXK6iWMStjBiLf-frame-002935-mmnrrHZ5qWQurAYKM.jpg,640,512,residential,unknown,qymmXK6iWMStjBiLf,True,1
val,4994,data/video-u4wQrdwdNJzdq7pXY-frame-000900-ZhFpQdBicfmLBeNTH.jpg,640,512,other,unknown,u4wQrdwdNJzdq7pXY,False,0
val,5000,data/video-u4wQrdwdNJzdq7pXY-frame-001883-ERqYccbQDTyoYPgrY.jpg,640,512,residential,unknown,u4wQrdwdNJzdq7pXY,False,0
val,5008,data/video-u4wQrdwdNJzdq7pXY-frame-002043-fmDw86EExMbZLntf2.jpg,640,512,highway,unknown,u4wQrdwdNJzdq7pXY,False,0
